hash,size,stripped_size,weight,number,version,merkle_root,timestamp,timestamp_month,nonce,bits,coinbase_param,transaction_count
0000000000000000000100e3b2c88bbc7cc20a2826e635b95998b27e52621dec,204,204,816,919154,537100292,e4d818af3cdde3f7887f9b72e01ac31f605dbea019c0c274c2cfe2c5c3028573,2025-10-15 07:28:28+00:00,2025-10-01,63fcbf9e,1701ddb4,0372060e041c4def682f53424943727970746f2e636f6d20506f6f6c2f215b90bc1541000000000000,1
000000000000000000015a9be5955368a7cd04b6729ce97567db33185ea66ea6,371,335,1376,918004,537616384,63135656621f84fb51d9b24915297c01e201eb9b423d67c9a6279d1c4551c4ad,2025-10-07 06:54:32+00:00,2025-10-01,afd21f78,1701ddb4,03f4010e0428b9e468537069646572506f6f6c2f36362fe366a0ed1c01bf854b06000000000000,1
0000000000000000000110ed8af0660260e17528112c1382ef85d2e2a91a05df,373,337,1384,919147,537460736,2b6a8c3654831b09e34839acc4197be2e289de1a9b777a7c8b1dc9a51714b676,2025-10-15 06:58:17+00:00,2025-10-01,e454f465,1701ddb4,036b060e040946ef68537069646572506f6f6c2f383831382f5d8afc170310fcc19215000000000000,1
000000000000000000018aa953d455346061f533df60a9820f6e4a6f057e2a88,552,516,2100,918373,536985600,5776a5b6c40c1d6940b6965d2d42f12a4a583f2b6382ed2840ff47f3e5ddea1a,2025-10-10 01:01:25+00:00,2025-10-01,a8120888,1701ddb4,0365030e194d696e656420627920416e74506f6f6c20cb0023048bb1cea5fabe6d6d1aa10117f378710f7c95775176431576f91beca20b8538fe0b0cfee18660e67a10000000000000003f7700008621000000000000,1
0000000000000000000145995611c29a175971a25b0c8d65a6d4cef679896991,552,516,2100,917721,538066944,c2500622ac0ed8918ce74afd1ff0d2c922e5b831ac82db1ddcd99091fe3d3b0e,2025-10-05 05:29:14+00:00,2025-10-01,31230da,1701ddb4,03d9000e194d696e656420627920416e74506f6f6c20f9016000dc8dba91fabe6d6d61db813014ed725dcddae3f01a4076ca599165d6548aa8f599f3aa1efedcf4ce10000000000000000000ad276703000000000000,1
00000000000000000001937d668ba931fce5be4966b8b99a05533ec508fe6142,9052,4480,22492,918889,537559040,103538da06f27a9d5be5291186d669eb2a1095752c5cf80c7652152d15948bf0,2025-10-13 15:56:24+00:00,2025-10-01,f4dcf66c,1701ddb4,0369050e496e6e6f706f6c69732e74656368eea8462a320d0000,32
000000000000000000000361336ce2d4a8cad44efc8744dc239f587be7ae9791,10656,6022,28722,918698,614670336,eeea80c47c2fbdb58d29b3935c5e36c89b2cad57ab958676e88859c9dc6f1e3e,2025-10-12 07:18:11+00:00,2025-10-01,f13d7a48,1701ddb4,03aa040e2cfabe6d6d4f3620292fa63e71e30e9f8235a7689f3654ae10ab38628b3b246fb26573369d10000000f09f909f092f4632506f6f6c2f6c000000000000000000000000000000000000000000000000000000000000000000000005002b654e00,29
0000000000000000000092d2ded6e7020411f8701a60f7b43537b8499a4ee9a3,15197,5926,32975,919146,607444992,168f47b3a6d43f2a31274688662e75236a1f0fa9abc7abae96d2e8a69409eb11,2025-10-15 06:58:01+00:00,2025-10-01,37c27202,1701ddb4,036a060e182f5669614254432f4d696e6564206279206563676274632f2cfabe6d6ddef7f8831f373dce9e1936dc3ec72906e626ddac9e22ff0c33d5d1970aa688151000000000000000105743c10215eb2f5b1afbce8bfd01000000000000,33
00000000000000000000e0e62676c20fd41f8dcea962da48cc217a7b75002a57,17837,7825,41312,918847,538288128,379a22aad1bd4093418411801be8e9d5c2703cd3b66bdf9260ad634c8514d402,2025-10-13 10:33:26+00:00,2025-10-01,3c9fe178,1701ddb4,033f050e045dd5ec687c204d415241204d61646520696e2055534120f09f87baf09f87b8207c763034fabe6d6dd9b9ec2cb72e85870b2052222b16f4b2142e9d756c15aa4b82af8db9ab35baaf010000000000000012258220f80000000000ffffffff,42
00000000000000000000de554a907650308b22427efb3735744099dea723e16c,16094,8556,41762,919122,646381568,1733253bed363a2e4da8033fdea65d3643264fb4bcb88ab9317c2ac087eb2b17,2025-10-15 01:49:43+00:00,2025-10-01,a965ed9c,1701ddb4,0352060e04b8fdee687c204d415241204d61646520696e2055534120f09f87baf09f87b8207c763034fabe6d6df150b6a9dda5a9d2a0a3093298ef295d592930eceb90c761e6819468d7083d5b0100000000000000147dd4cf7d00a8020000ffffffff,43
00000000000000000000493664cdad1f0c2263dffdb2f3fd431cadaf9eae9d85,18155,8778,44489,918423,617619456,2d7e6140f3629789f50d86daa91552d01cba4f83e27099e7e190ac8b93c968cd,2025-10-10 08:31:51+00:00,2025-10-01,8550808d,1701ddb4,0397030e2cfabe6d6d857a2ffb2c3a10e7fa57d1225ac36ecd19606038b449cc165d96318562688ff310000000f09f909f092f4632506f6f6c2f670000000000000000000000000000000000000000000000000000000000000000000000050094000000,47
00000000000000000000337d21f0bc2503c52220c3972d4182a5ec193462f4b4,21382,8595,47167,918641,540459008,ee8511fca554cdd255628dc0af3022adc74d11be729260c8fe01ca9bdadd00fa,2025-10-11 23:30:26+00:00,2025-10-01,2febd982,1701ddb4,0371040e2cfabe6d6d20fcb02e883795753d504599e0f796a4989e60c3d960c7a85fd1c50771da550710000000f09f909f092f4632506f6f6c2f65000000000000000000000000000000000000000000000000000000000000000000000005000f151b00,29
000000000000000000019c3c3ffed8d86049a43d93302181c95e89f1b318d1a9,18268,10133,48667,917448,555024384,326737df53081d9bcd5df8889b25474773d32c5889725d607082ee4154650cf8,2025-10-03 02:06:49+00:00,2025-10-01,a5f4315a,1701ddb4,03c8ff0d172f5669614254432f4d696e6564206279207370646b312f2cfabe6d6d0f3f52b84e26c479e66dde66c2b4464508b789a889c4cc8b56b845a52232bd80100000000000000010bed766007e0bf27f3925b2de1300000000000000,53
00000000000000000000af1dc90b9341ea8e52f268e5fee921e0d33e3c4700be,33728,5867,51329,918684,556195840,91dda8ed1aa9c6539a1d76656e71638e5ee5a18441a42707121d1b931be062b4,2025-10-12 06:09:03+00:00,2025-10-01,7d7e047,1701ddb4,039c040e040246eb687c204d415241204d61646520696e2055534120f09f87baf09f87b8207c763034fabe6d6d26aede647c8f06ff3bda6f96788e31586fb5e525e0021407fffff7c1892c4ce1010000000000000013e67d6e7a00a8010000ffffffff,36
0000000000000000000187ee5ceb9f9aecb7ae3d7d9423337b73287c8ebb3aef,19717,12620,57577,918609,674848768,588d0fd99801ca7ca0c0bcb4968e8cf6836231af52065f0c67239d5300a1f0f3,2025-10-11 19:10:08+00:00,2025-10-01,ffefaf28,1701ddb4,0351040e182f5669614254432f4d696e656420627920746172617a332f2cfabe6d6d482e127a7ff07a36eece4628570e7a34fe2831806c5928f4323b15970bfba408100000000000000010b6b31207ac05a9480db464b04d00000000000000,40
00000000000000000000c4f9c0f82e867c0497b9a2d6988bf3579bac0e5acfb5,36696,15784,84048,917703,675725312,a37a77ae322e4f885b16f53d465574c2ecda6df79df32edbba08a3fe6bd56580,2025-10-05 02:42:55+00:00,2025-10-01,82992115,1701ddb4,03c7000e172f5669614254432f4d696e6564206279206d736b32352f2cfabe6d6d22868cf054a0ca65ec96fc8de6ea1bf3a6862052b93be0590d4c9141a208aaa2100000000000000010210b66007e0bf27f3948ca3a5500000000000000,72
00000000000000000001c5bace440398bd1f571dc85c95df22638aa7a2251710,34999,17758,88273,919006,740663296,386b160236b7c692bd0330c39173d9398f5f4e8e0b7ee1506a375b5bd1572e34,2025-10-14 09:14:50+00:00,2025-10-01,e7bf872c,1701ddb4,03de050e2cfabe6d6d797c6e56e98c1df7e20902d5d58abcfc74f7524068c80f3d7c8a89443b6e4aca10000000f09f909f0c2f6632706f6f6c2e6b7a2f630000000000000000000000000000000000000000000000000000000000000000050096d147fc,100
00000000000000000001cccf3102dcaee67a480e165f238303b9a3c246c47d7c,39836,18066,94034,917844,537550848,bdf51b911ef136bb91215cc731f5ded1497d5756e9264e0d313366b9b80d096e,2025-10-06 00:44:42+00:00,2025-10-01,8eb29858,1701ddb4,0354010e082f5669614254432f2cfabe6d6d66bd5ac0aaaecc2948d2a84fe9c9d00c7c13b3b24502c9bab78d7f8470f84477100000000000000010a553ed03f31cce5cbc277a086168000000000000,76
000000000000000000002ad04ffc73803efc89a74554ebbfac13080089ba5f20,44393,24591,118166,917824,688054272,1fabddc15fc8ef212984fb94dd8a24ea6085340a9cbf44728965dfa5697369f3,2025-10-05 22:11:54+00:00,2025-10-01,cc308a02,1701ddb4,0340010e1a2f5669614254432f4d696e6564206279203130306e657732352f2cfabe6d6db4f2241b579bea2298a56724f45d77f8ce3d2dcf42503a6b35517b218295c57d10000000000000001035201c051038e8d8514b7555dc0a000000000000,156
000000000000000000007bc0ef5eaccd35ae5e6029d8ab7888939b39f9c5a273,45733,24844,120265,918170,537591808,7aa3a27075a87575b373de949907a0816620641d868db8359f6e8f12dbe5ee37,2025-10-08 10:05:35+00:00,2025-10-01,3c25d88,1701ddb4,039a020e2cfabe6d6d9345e20a4ca0675f268bff6370621d29bec76887ebfcd814af71fb4be2392f9610000000f09f909f092f4632506f6f6c2f6c0000000000000000000000000000000000000000000000000000000000000000000000050018445da3,115
00000000000000000001799cd2fc04d14b4387745775d546dbb8354ecd370068,50953,23673,121972,918932,843079680,7d0e661ed5d113d04573a28991a14f99ea15b4ca81b312c82aef90d3d432230f,2025-10-13 21:59:43+00:00,2025-10-01,67dcd3a,1701ddb4,0394050e2cfabe6d6de0815993204d351658157055d87046ebc0bd382bfed3ed1eaf0b08b9fcc9f49110000000f09f909f092f4632506f6f6c2f620000000000000000000000000000000000000000000000000000000000000000000000050058000000,115
00000000000000000000f0e6f2017af1a4121ccff0ea1f36808d1a7dea43c41b,52648,24740,126868,917680,634830848,d0964eacd347702a4dc7fd9ec8767029a8e07800b9c3d4d25a1e6acc8768f801,2025-10-04 23:11:06+00:00,2025-10-01,5c45cd6c,1701ddb4,03b0000e0488a9e1687c204d415241204d61646520696e2055534120f09f87baf09f87b8207c763034fabe6d6d1bd427eb2f72a9f9cf09b84c8c3e4598339792bec69c3afc1308420fa33e704701000000000000001291131b880000000000ffffffff,90
00000000000000000001d4b4cbfc67c0904765c9b6d6dd00ac3a72fd4efaac90,54402,24521,127965,919295,804257796,75d6404c921cfa14bcb050549df1fb189bf79eb9fb08bce21cd5188bf7b6c97d,2025-10-16 05:23:52+00:00,2025-10-01,d574dcd2,1701ddb4,03ff060e046881f0682f53424943727970746f2e636f6d20506f6f6c2f069a375f4793f8681f050000,121
000000000000000000015f15efeae9343a9d0a716d98bed9b21f6c04e8f4e1b6,57516,28738,143730,917373,684072964,8223f9a0f9a49aab77d7c069045fa9e08e9e66d21033feae0385d0fc759933ee,2025-10-02 12:21:43+00:00,2025-10-01,9c64e523,1701ddb4,037dff0d04576ede682f53424943727970746f2e636f6d20506f6f6c2f08ee70ea8048de69910b0000,164
0000000000000000000072543e64fca50755f64fa4ce5ccd6cd34d3a790eb2be,62870,29259,150647,917801,641351680,485872fa4ceba9feceba42f46f5444d1f7bd394561b93980994b48dab38abcf2,2025-10-05 19:10:16+00:00,2025-10-01,cf94572f,1701ddb4,0329010e2cfabe6d6dbeb5707c7d8640f340445152ac63e6b728e4871bc9acfa1a30b5319fcec8fd1d10000000f09f909f092f4632506f6f6c2f64000000000000000000000000000000000000000000000000000000000000000000000005007f174800,118
0000000000000000000024e17b9897c9bf4aa9d628c4f54fe9b5d67b58cdaf80,60265,32098,156559,917867,852770816,11e0718a5ba72da5513cf9789f6f7d8cdb01cb2b0e38e83e051bd26f2dc70384,2025-10-06 05:28:38+00:00,2025-10-01,da2f7907,1701ddb4,036b010e1b2f5669614254432f4d696e656420627920776d74656b656c69312f2cfabe6d6d02c811b8587bae9f23df5032c12bd5f9e64ab785cd0b55a51c93aeff671f55661000000000000000100608170515325e0597af7f96c20c000000000000,184
00000000000000000000a88e139df8bf31369e2fef4e3d3974a1d73550c789ca,69971,31111,163304,919109,536993792,88033b72ae98a2aa692ce901917f47caa96b89ef6fb98cb97d19aa1fed20997f,2025-10-14 23:26:29+00:00,2025-10-01,c68ac42b,1701ddb4,0345060e1a2f5669614254432f4d696e65642062792030393336383034302f2cfabe6d6de4bb11d8508aa8e94fe581f718560934967f2116ae4af5d3696c58513b663188100000000000000010f004ed03d864dbcd01a7b1fa9da9050000000000,135
000000000000000000009ba9bf872df62c7beb53e3c3ade65ac6aad324d48b8d,68815,38863,185404,917318,606420992,a602bb5ad077e2e6c7af02c33c32721cfe870bde6c3fd228d019d7e8d22b21a9,2025-10-02 02:44:59+00:00,2025-10-01,4e873378,1701ddb4,0346ff0d0404e7dd687c204d415241204d61646520696e2055534120f09f87baf09f87b8207c763034135d128d810000000000ffffffff,190
00000000000000000000e1c9a981d1108a8621fcba22d979020dfea5ddc4cb14,69102,48536,214710,918283,543383552,c99a27ba822bea7fda788d998363264391d0009a06a2553c7eb6957bb34edec6,2025-10-09 07:42:48+00:00,2025-10-01,c4ba8785,1701ddb4,030b030e082f5669614254432f2cfabe6d6d2838b4e49ff7bc694da99580f12c32b98b0f37f87703d6066213e148af97aa81100000000000000012d47f16147d050b16ae95a22b12893c00000000000000,124
000000000000000000007760baa52691778bf0ce5f9711ab03b7565cab5923fa,82322,44419,215579,918728,621502464,86f7daa9cdddd1f818d80de1bbc98b9499f492723f2765aaac923e1b5d5e8787,2025-10-12 11:48:24+00:00,2025-10-01,beab4bbc,1701ddb4,03c8040e2cfabe6d6d6a4027ecbf04a6f4868c7b9818fd8016a313390cf18d80afa89a12974b313a4510000000f09f909f092f4632506f6f6c2f660000000000000000000000000000000000000000000000000000000000000000000000050030000000,125
00000000000000000000b1020358b5c6baeedb28fdec79de8c52d771072bffe8,87091,42980,216031,918385,908550144,5acc84e947e8c9a37266e0cccfc8857413c901cfdef29d5cdab305aef634713e,2025-10-10 02:30:30+00:00,2025-10-01,c3916ddc,1701ddb4,0371030e172f5669614254432f4d696e6564206279206a693234372f2cfabe6d6d30fa946c93076d71534fd18222bb09014a8b4df32108079761784d2302ee59931000000000000000126870911b1905fd0aef8cedf03b626300000000000000,279
00000000000000000000978283fd8866726c1629b0599d27caebcca29bd616ff,90367,47867,233968,918719,595214336,5d729e5a0101dc4a52246c43c18e0ba6ebe3512524b179a3aedda0f72314628c,2025-10-12 10:15:14+00:00,2025-10-01,8e421e50,1701ddb4,03bf040e04b57feb687c204d415241204d61646520696e2055534120f09f87baf09f87b8207c763034fabe6d6d1674f6848356b6515ff38cea02b78289c9d060e280f07965bbc498abcf8bf56a0100000000000000133d263b530000007f69ffffffff,306
000000000000000000005894bcd2633a7ea0770531260186f3538b7f1cb9a2d3,100981,45991,238954,918823,633487360,1d0a989545b9d89ce6768f4457b41e2c9ca0308dd6ea40b451b6c7504b6c96ba,2025-10-13 06:09:21+00:00,2025-10-01,5f3a2967,1701ddb4,0327050e2cfabe6d6d6d5835d42f6cf3a2ce3dbccf808e46b25551a2f9eaac87163f801825762bf73f10000000f09f909f092f4632506f6f6c2f73000000000000000000000000000000000000000000000000000000000000000000000005007bffdb67,263
000000000000000000007c0cde319f9497b94121bc0ffc3ef7a1061717e00eb7,93662,48871,240275,918125,740884484,297191ef5938a51444cea0ebec6aa159b9c82d66489f7f2a5d2cc6c1afc7ecbc,2025-10-08 04:22:12+00:00,2025-10-01,48dfcc66,1701ddb4,036d020e04f4e6e5682f53424943727970746f2e636f6d20506f6f6c2f085e295d00b7140000000000,244
0000000000000000000044706956fb2d924cfd041bb99e5d9f6f804de9f25fb1,95943,49131,243336,917331,764469252,f273235c7df0f82a426952204a1396d0c4ab54744adc43b536b18b5518d73e2d,2025-10-02 05:18:55+00:00,2025-10-01,fb9058a,1701ddb4,0353ff0d043f0bde682f53424943727970746f2e636f6d20506f6f6c2f0d511ff10300000000000000,204
00000000000000000000105125c4edeedf57c1bb2a50051d8aba0d06854108ed,103954,52597,261745,918290,788283392,a098ccdeb938e1244d0957d286ff84f644a938705088f88e88cfe1187467ad0d,2025-10-09 08:57:04+00:00,2025-10-01,cc067e4f,1701ddb4,0312030e2cfabe6d6df30abb45c280b5e21cf85c40107e5339909dbbe6e9894e55852fe30f5abf28cc10000000f09f909f092f4632506f6f6c2f6c00000000000000000000000000000000000000000000000000000000000000000000000500dc970010,287
00000000000000000000dc68cc761067c0748b063fb0827d149eeb390f0b25dd,110013,58997,287004,919148,542801920,d5ffdbd2835b47d875b1bba39aac57c850044af961b6422ad675a3206531621f,2025-10-15 07:01:05+00:00,2025-10-01,792ff011,1701ddb4,036c060e044146ef687c204d415241204d61646520696e2055534120f09f87baf09f87b8207c763034fabe6d6d326301d184c04e949f06773a306f0d60650a0d2bdbdda54ef4ff440bf5e0e70e010000000000000013737b9a710000000000ffffffff,293
00000000000000000000203670118d74f7cae49c9ef7362f885cb7c803780a59,123242,56922,294008,919176,574128128,fe4852c780f071287170a49c6dda6cbe8c8def389ad61357d8793065c7348f38,2025-10-15 10:00:35+00:00,2025-10-01,47c93e6d,1701ddb4,0388060e2cfabe6d6da849219743206a4b972ba031129bad17b1fc1f74936545daab4bae3a2f84e81410000000f09f909f0c2f6632706f6f6c2e6b7a2f630000000000000000000000000000000000000000000000000000000000000000050069020000,267
00000000000000000000dd2a20636a94f37b94b94701c47522b3f8a934a6cc16,127107,65150,322557,918803,572489732,0318ff596b79ea6670f79429a4f678fbbadd2a92647cdb0c270eca00e8b655cd,2025-10-13 03:18:23+00:00,2025-10-01,3ffb4939,1701ddb4,0313050e047f6fec682f53424943727970746f2e636f6d20506f6f6c2f1a68c8b4d216000000000000,276
00000000000000000000f2dbe6bfb3733f0ba7588fc1f5a5c85b26e8a870b99b,155300,57325,327275,918528,538148864,ed58dbb92b67964b91f4258fdd9732daa1eccbdeb814e41ccdede2721fade079,2025-10-11 06:09:55+00:00,2025-10-01,c75c0073,1701ddb4,0300040e2cfabe6d6ded6c7ae292bae4cb5020adbbee0a2a2bf4fce26fc2b173ecff54a18da150927010000000f09f909f092f4632506f6f6c2f650000000000000000000000000000000000000000000000000000000000000000000000050000a6a615,294
000000000000000000013764e14fdd80b896c10d9277fc7afe17880dc30c7fff,145339,70431,356632,918647,536870916,f3c93db712eff99b563554b4ab98c3b612f5305a63570ab6c9a108aafeb1ef44,2025-10-12 00:08:18+00:00,2025-10-01,45c211f0,1701ddb4,0377040e0472f1ea682f53424943727970746f2e636f6d20506f6f6c2f08ee7ba4ea90d46aa45d0300,384
0000000000000000000120fd58ed2a16c4b20d5f2c21a1f7e6f29049a426f0ee,151866,69271,359679,917222,713973760,30db77aeedc41a1a241c59dd6c5b0b0cfddc206c6bb6372be397061da73e9889,2025-10-01 10:37:23+00:00,2025-10-01,b4fcb67c,1701fa38,03e6fe0d2cfabe6d6dd6ac55d49634970e3928c5d6eec22ceb627dc28b89cd035a4132cb38a062c96710000000f09f909f092f4632506f6f6c2f730000000000000000000000000000000000000000000000000000000000000000000000050077d11c00,472
000000000000000000011b1935e4ae48022e87d77a1793e7cf8622f5585e893d,162608,87247,424349,919159,549658628,584c57f9ab06a316460d8bcc8b3585e116a7f843456ef8160eeef2b44021589b,2025-10-15 07:43:50+00:00,2025-10-01,92677975,1701ddb4,0377060e04b650ef682f53424943727970746f2e636f6d20506f6f6c2f216d497500ad2c0000000000,419
000000000000000000016967d59e23cc2cc6bf188d1300523381300aebd5ac40,174516,85880,432156,917840,551550976,38bacd8ede6e88dcc5ef7cc09fc754729d9b073f2245fc5016d154711d8aaf2d,2025-10-06 00:19:40+00:00,2025-10-01,8761972f,1701ddb4,0350010e2cfabe6d6d276ab2d2a0f1969e852a82f0a5e0b2963750ed6645bda7b16c6f347bd465de9b10000000f09f909f092f4632506f6f6c2f6200000000000000000000000000000000000000000000000000000000000000000000000500a5fed503,451
00000000000000000000f4cf74c11adff4884d1f2509483a9b1a7e06ea6a6ad7,187417,82621,435280,918635,609845248,1acb786ca354b786306fdc1e0516c82597bb0f75f089b3e6888e12085091de50,2025-10-11 22:42:17+00:00,2025-10-01,44c22d4d,1701ddb4,036b040e04f1dcea687c204d415241204d61646520696e2055534120f09f87baf09f87b8207c763034fabe6d6db13dc5aecb1baf1e6fcf760784bd01799fbecf13efd237df4cce3c13d180d3d8010000000000000013cbb1aa410000000000ffffffff,363
00000000000000000000cd1d8cd2b577ef8a63e6081a6d63fff3c6505279e099,202491,79747,441732,917893,662298624,9352189a6f82fd3ecdf4ba5f1b2ad106486ab1115453c6b0251d763d26bfa0cb,2025-10-06 10:03:54+00:00,2025-10-01,1cb8783c,1701ddb4,0385010e122f5669614254432f5472757374706f6f6c2f2cfabe6d6df27eb546fd736f8608ea515636868e04859614a991c3be728d18ce2b67bfcccd1000000000000000104d2c7e057334044737de45686e00000000000000,406
000000000000000000018c35ef04992e7e9713b8662cd79f1d9731ad26174539,223105,74573,446824,918628,676143104,e9fcc6ded6be289865b97886cf8724e2cc763fc64f9ed26d1d62cebbf477e522,2025-10-11 21:50:49+00:00,2025-10-01,6b7c4ab1,1701ddb4,0364040e2cfabe6d6df94928fc60b601aeafec608c87d32aba82eb6e5a2cdd46383ee345dce678299910000000f09f909f092f4632506f6f6c2f73000000000000000000000000000000000000000000000000000000000000000000000005004e9fc368,361
00000000000000000001064919ffa2ada70213f85548dd4f76a6601fa49905c8,186665,95218,472319,917870,538845184,825e79ef94def216053971778a8e07ed5eef5d23da92cd086c7bb9dd62033e11,2025-10-06 05:39:45+00:00,2025-10-01,fa7e7243,1701ddb4,036e010e1a2f5669614254432f4d696e6564206279206e696b6e696b76382f2cfabe6d6d8021af98972ffa39cde5159d12d0bf4b6fb76ac377acd6165b927f7fe7a9cf0d100000000000000010b7582503c21a64670eeb81afce2f000000000000,481
000000000000000000003860786cb736687cf21fd62b31f0345ee6dbd67fce4b,200786,99762,500072,917188,689856512,b98e8769c889b32421d12cb56c8cb8254af95870c2c5d39e07d5a0324ecd1afa,2025-10-01 06:15:31+00:00,2025-10-01,cd412b70,1701fa38,03c4fe0d172f5669614254432f4d696e65642062792062746d32312f2cfabe6d6dc7717972f69c981c5f291220f82a86f5ced2b64edf9c07cad226958389620b6d100000000000000010e3a9a906ea785c5aa4e0aa2f1500000000000000,520
00000000000000000001cc58495076861fd627f190dd18051c96c23903fbb710,199344,104494,512826,919093,612409344,432f5fc03e83745acd216179da995b2fcf761be81dfde6a78c70eb5146fddf24,2025-10-14 20:57:29+00:00,2025-10-01,631c681c,1701ddb4,0335060e1b2f5669614254432f4d696e6564206279206d61636b6d616e75732f2cfabe6d6d9589d4a7f9aa6ad53cdf0207089ecea5c7462ebcb43d25e468dd55326d3c899a100000000000000010470266007e0bf27f3a136bb5c226000000000000,462
00000000000000000001a622d10f6ad25f09d61caec0f3713a0bd45683ffdc7c,206550,103403,516759,918279,649854976,e1fbc3a6777555bc53a5571a5c0a9d4da8d7ec0ec87324d5d251445640009255,2025-10-09 07:25:23+00:00,2025-10-01,180e1a1b,1701ddb4,0307030e172f5669614254432f4d696e65642062792072657432312f2cfabe6d6deb6675b058adf96fb79e98178513ac0fcac069229e5816dfe78f7ab9d0ee949b100000000000000010e6421c0cbb4ffeb3b076d8e4c023000000000000,518
000000000000000000013ff05b3b0f04d4f7f17a4877619574e12a03a8f0841e,214611,102550,522261,918011,547356672,550260ba4a18d4b9fd99cc8a029b676ced252c50a8629b8531997c7cc8302a2f,2025-10-07 07:45:31+00:00,2025-10-01,9a49803,1701ddb4,03fb010e2cfabe6d6d8b8f5a8a24cff269c35390759efc0dc21a6cb28e3440dbd11f110d2b0fd960db10000000f09f909f092f4632506f6f6c2f6b00000000000000000000000000000000000000000000000000000000000000000000000500da520100,439
00000000000000000000a82a97d2c92db3dc2344476665f5c0d4b15172a24cec,183405,114167,525906,919133,834297856,f248d8ff07cbd1690745a3bbd045dcc15568061212df67b882fe12edc3e8fe00,2025-10-15 04:00:29+00:00,2025-10-01,a0a0da10,1701ddb4,035d060e2cfabe6d6d18cf7d01b2aeef0692cf6bad2f68799bd39cb35854b7c741e9df1c47e1a4d1b310000000f09f909f092f4632506f6f6c2f730000000000000000000000000000000000000000000000000000000000000000000000050001db1600,197
00000000000000000000c23346db1ae89274dfdc28c1579a2a27c6d698af6b74,203698,114820,548158,918853,537534464,538d7263d9ab5478770d5a96537d358785cd6df020f52feea2119f7a873a0324,2025-10-13 11:22:07+00:00,2025-10-01,538c0575,1701ddb4,0345050e2cfabe6d6d8daa1401b0fd0a06c94b3960d841c6f91d4fa2b657676dc098e38aa1b4829b0410000000f09f909f092f4632506f6f6c2f6c00000000000000000000000000000000000000000000000000000000000000000000000500d183cd0e,568
0000000000000000000180a39f1b1d4ca8ba99203165043703aaee9bb1393ded,231848,105892,549524,917315,782835712,49643428376211a7332c2264cd1c364273c97947001b6f5475ad88d78c8a0eab,2025-10-02 02:17:56+00:00,2025-10-01,56bf9db0,1701ddb4,0343ff0d2cfabe6d6d5394fe5cbb9a14fb50fd48500c51de45b48d3a4cb4bc81ee1535221b55e5583d10000000f09f909f092f4632506f6f6c2f650000000000000000000000000000000000000000000000000000000000000000000000050001451d19,552
000000000000000000005026984991e19f7504f005bbc6076ac47dc91a3b705a,267794,94329,550781,918409,555163648,1acdf6d07d56e1b29561504e387112829c6b26ee99d46a63a17f32c107ed5fc1,2025-10-10 06:22:12+00:00,2025-10-01,f7ce33d8,1701ddb4,0389030e0416a6e8687c204d415241204d61646520696e2055534120f09f87baf09f87b8207c763034fabe6d6dc30e2211f62917bf1d0991309c6f21e1133d5dc1939573a2f2c4421c2be4f154010000000000000012ee2bf3c40000000000ffffffff,417
0000000000000000000113366012d778662ca6da22b017b63fac8b4f185c64e0,222551,109834,552053,917808,687038464,86cde2feae2f46204b319ffaf757057bfd4bf525b145c3084c582e84ff5cdb95,2025-10-05 20:08:54+00:00,2025-10-01,ea719378,1701ddb4,0330010e192f5669614254432f4d696e6564206279207a6175727669612f2cfabe6d6d1c14bf82dbdd14a598ba95bfae92b3eae3d89a31581b6087846ecaaffb18e35e100000000000000010ff1db004861ed325676e2f3b0801000000000000,687
000000000000000000000d23ccbadcd4c0a81203ef255ee5722783df87993f93,222234,111383,556383,919011,671088644,2085d16c3bd0c5a06af1b800ae081f3e494d20c19f9dd64553aa874a324247fd,2025-10-14 10:11:32+00:00,2025-10-01,3b9e3a0a,1701ddb4,03e3050e04d521ee682f53424943727970746f2e636f6d20506f6f6c2f11996642f464ef68a41a0000,581
000000000000000000015443441f9ee1d0698b2bcc548aecb1a92764d521189a,229876,112107,566197,918694,598016000,120a5e9fb9969f03ca517ca0547dfa397deea60a9e6576ab26a9e4dad3028670,2025-10-12 07:06:07+00:00,2025-10-01,1b7b1e28,1701ddb4,03a6040e1c2f5669614254432f4d696e65642062792070726f6d6574656a32352f2cfabe6d6de4a54f3396a19c3450087111206b6db4bb8d595a7b5cc49c387b9b4cda8cf2141000000000000000105cf88f0af1f435ae317a27ff3b350000,428
0000000000000000000092c17dc4317e151af6728cf81da875d29f666f56ca58,257722,106542,577348,917671,661200900,68da934d32e7b94580508881c8a1a1278b4ec30baee7f05fbdbcc6ec46ec0cde,2025-10-04 22:35:06+00:00,2025-10-01,5e3d0b34,1701ddb4,03a7000e041aa1e1682f53424943727970746f2e636f6d20506f6f6c2f11ee2fd721db3e6a89210000,341
00000000000000000000dfc30d691c643e3936c5248b827c8732f6cac01c0b95,222595,118361,577678,917878,699809792,0f00ab39319633c865c96b9faac04e214c7fe7efb1f472215cbb5e00868a84b8,2025-10-06 06:39:38+00:00,2025-10-01,6c2ae243,1701ddb4,0376010e162f5669614254432f4d696e656420627920706574682f2cfabe6d6df2746d32e52f6f85f832211640913bfc9a1c4250eb320c061d7ea18808009b4f1000000000000000106509b2044f10c897e6eb9e37d638000000000000,538
00000000000000000001dc1982dc3959920cb465bb1c162b1469575346a5244f,230704,123028,599788,918389,537067520,74912f73a4e730cbbe6c4e509e6865fb0818c69ec3380e439facaa983d5e3a3b,2025-10-10 03:17:22+00:00,2025-10-01,c2789129,1701ddb4,0375030e496e6e6f706f6c69732e746563689524c54cec350000,615
000000000000000000004761099484710a7aada62e3fe2b79bf3f27a617fdd0b,269269,119829,628756,917679,895950848,0ac5470d05f1bc5c85ddcef6d19fb70f6e74eb3dcec9d5b894a5294fda3dae81,2025-10-04 23:10:32+00:00,2025-10-01,bda465d0,1701ddb4,03af000e182f5669614254432f4d696e656420627920746172617a342f2cfabe6d6d0078858b00a6f54c047a349cdb281aa342f6dd9dacb8122688a89ec1dfb477b310000000000000001056077507fbd0c11b80a119741c00000000000000,505
00000000000000000000cd4d7c2a9a999d25e7a28a1c5c9ccb32c75102f622fe,264261,123553,634920,919073,614686720,4b6d5d9ee894ef2003857fd7661bfe4b538ba87f54f867fa2ab56b4a42954374,2025-10-14 18:27:59+00:00,2025-10-01,69301683,1701ddb4,0321060e192f5669614254432f4d696e656420627920776d33326232352f2cfabe6d6d586875424ec890b19a6a506255be8afb8d203b9bc2afb57cb0c16f6312e6262e1000000000000000109aff4106f39749f1e2ed176aef20000000000000,627
0000000000000000000118e3b69125fe455cf818ebc9f442c3cd34d89f8efe3e,285543,124420,658803,917150,672874496,ebf37486b0f4e357c7e3a7a1bb1fd412f7bcd1317f9ca2a43ae4008c01aa821c,2025-10-01 00:01:47+00:00,2025-10-01,d9b2fc5b,1701fa38,039efe0d1a2f5669614254432f4d696e65642062792067756b69706574722f2cfabe6d6d951aaf519f9e2cd4da553c4f98656655905a39ef87671e9d3cd76688805358c11000000000000000103fa39501369ffce5da5f24bca420000000000000,507
0000000000000000000173a191a0daf448942ccb5e71ad94fbc03dbf94935fae,215636,152203,672245,918713,537804800,a1f9bbe34c30d5657cdf181f999d516f8a05c38b762658c521eb33b738ccc17b,2025-10-12 09:06:56+00:00,2025-10-01,aa1f67db,1701ddb4,03b9040e1a2f5669614254432f4d696e656420627920616c61696e3737372f2cfabe6d6d75a0c75b35e62ecf3de8fc32060d8416bd510709bf9641023490430df231d8531000000000000000106fce1b056977a249d7afb31c4725000000000000,371
00000000000000000000ab76ff7aa59e7c6a0d754577f3e057acd55d35b94015,294258,128036,678366,917990,552304640,f88520adf3411144c8bcbb26da32c5c9a5edc6f75cd8b182aa08a69e0ea7fe50,2025-10-07 04:20:17+00:00,2025-10-01,fb4c2055,1701ddb4,03e6010e082f5669614254432f2cfabe6d6d1dd536f7c28d61560fed4950619039cfb18c01d88698f7d7efeb06bf134ca6ad1000000000000000106f3f7905d28062c28caa2ec07700000000000000,501
000000000000000000005d887c30139d37278fa5e29d55f0bf4901b3a914d6bd,270908,136572,680624,918309,706207744,b22352f07acd5c37095626c082c9c99340e5fe72f56889833a5e9b634aa7e2cc,2025-10-09 12:08:44+00:00,2025-10-01,de9a3e7e,1701ddb4,0325030e2cfabe6d6d65c1692964583f584a9d5dc890d070a840f03ef335053830a11923a50378c1cc10000000f09f909f092f4632506f6f6c2f6600000000000000000000000000000000000000000000000000000000000000000000000500ec170000,523
0000000000000000000042b579cd9d9c1ab4610c18cff8a3db6d5892a6f3d107,282954,141867,708555,918347,746864640,c41c9f4c538f7ffbb509a1209a829533573662cc953cbe86a2ac8a0179153748,2025-10-09 19:20:37+00:00,2025-10-01,a79a2c48,1701ddb4,034b030e2cfabe6d6d448f8e6034a293d22d11086caa302d33ea734f38f77bf9bd03526d66e1392bd310000000f09f909f092f4632506f6f6c2f62000000000000000000000000000000000000000000000000000000000000000000000005003a000000,651
00000000000000000000997cd52e20f0b378ecb557fbd8b1f15d058ae3c42a67,284096,144962,718982,919039,680845312,19ade4baf928c7c1f377d05b4589e2af8e4da706497896715f4e091559b25f72,2025-10-14 13:15:51+00:00,2025-10-01,8e7f6267,1701ddb4,03ff050e1b2f5669614254432f4d696e6564206279206d36313239347063732f2cfabe6d6d12aff7abcf7cb49b49c21ff4eebe29bc900b1ae536f436bd1ea1b3909578788210000000000000001021fa71071e188f05b18c3eac1b00000000000000,747
000000000000000000003ad4451a570be1365debae1a9f85c32ba42afa71343a,281807,147131,723200,919014,800186368,9d5261b1d3b981be66ea7517dc840a73da8a4b4bd125d4be5caac7c2c798aa50,2025-10-14 10:24:08+00:00,2025-10-01,eceec226,1701ddb4,03e6050e1c2f5669614254432f4d696e65642062792061746e65746c6f6769632f2cfabe6d6d0dfa42e25fee2f1374ac58cd41a0428f632dfb13355c46e4599b3c2f73ef63a7100000000000000010e4f64006b1393cfcc52a7acf0635000000000000,749
0000000000000000000024d578bf0ddbcb2efca70c87df839854af86c149e840,298687,144308,731611,917365,656875520,a992f330d607ac41d9025ad7dc20ab3e0a5db4fab45a18ed44d52548416637b4,2025-10-02 11:41:08+00:00,2025-10-01,3e40e654,1701ddb4,0375ff0d192f5669614254432f4d696e656420627920676176313937392f2cfabe6d6d2edc49d9f23f2141d49688e49c081272f8f00fe99aaeac0ddbaef7cfde0428df100000000000000010a09bb90d166833794ea7e34a6b00000000000000,791
00000000000000000000bd1d0a01dbe14bf50901e3fbcd0dd899a5a040f45286,244073,167010,745103,917585,731668480,fc6f5c53e4f318301481ad00fc3b85d9db095c9f4c1d4c6b909cf499273cc43d,2025-10-04 05:36:11+00:00,2025-10-01,3a9ca70,1701ddb4,0351000e082f5669614254432f2cfabe6d6d38189e143b54eb989d3e621402c6758348ee93ee1748cec22bacae38912c8d781000000000000000102fc6e40c016a62c7d6164615d42b000000000000,461
000000000000000000013b523bc35b6b8ff0edd6752521b3696686228dd64e8e,306996,151169,760503,918405,750485504,6cb836a2051a5f59ec980266bb1a834aaa8237a803c6850520861a4990146dbb,2025-10-10 05:58:22+00:00,2025-10-01,3eefe94a,1701ddb4,0385030e2cfabe6d6d6d89afc3dd277645026091bbbd3d31ba3f603abad657b478a3cd1a142deb031610000000f09f909f092f4632506f6f6c2f6700000000000000000000000000000000000000000000000000000000000000000000000500cb000000,744
0000000000000000000108f052700bfeaa622544d3778fd0d0189fd824270e5c,309681,152911,768414,918939,755974144,6f267c31acd2ac65e0cf08578ef1714829be9e860206a94b9f3b0c0e60d36439,2025-10-13 23:24:53+00:00,2025-10-01,2400883,1701ddb4,039b050e1a2f5669614254432f4d696e6564206279206f7067383870736b2f2cfabe6d6debf25f5bdfa1a208e2247b46ce24fb4b31511b4d40d7f94ddc948574345205591000000000000000101ceb0b0731d0c91030f5bd346a50000000000000,799
0000000000000000000022a9f6b67daaa2848184a15477339e4b5355ed08402c,357141,144792,791517,917307,1018961920,7beeecf58cd0afdea89c5764e66d31105399c7b119380ca23beab5b86971de3a,2025-10-02 00:48:30+00:00,2025-10-01,9f5eb9b7,1701ddb4,033bff0d172f5669614254432f4d696e6564206279206a693234372f2cfabe6d6dae7db405dfea6edc7f7316e1f390a0cbc20f98154ba39e1e466a3c4d189ac6c010000000000000001297965b1614050ae0ca5d4f2461f02f00000000000000,468
0000000000000000000177c55a7623ae377117b60a8640254802dd4b0236329b,344116,163356,834184,918016,573317120,6aa17f75756f5c3cabcd628902bcdc1be1a0fc4123d0a3d1c902b9fe06ad9db5,2025-10-07 08:31:00+00:00,2025-10-01,bc261acc,1701ddb4,0300020e0476cfe4687c204d415241204d61646520696e2055534120f09f87baf09f87b8207c763034fabe6d6dd3cd05ac83fa53f281f9637fedf2004cb35ac5870ed5727d082e25ab23ab0a23010000000000000012274b18e80000000000ffffffff,953
00000000000000000001af879a1226c60998f6e6288b3f5edfa6408f750f4982,364709,159063,841898,918180,566001664,ffdac47c846f41f49fdb80b37cdd5fd55790a415ea3fd7d30c9dbdba5226c871,2025-10-08 11:44:04+00:00,2025-10-01,75fe8036,1701ddb4,03a4020e1c2f5669614254432f4d696e656420627920616c65786973313938312f2cfabe6d6d9ae8975624a1b749e79321b82c2ccd9a3e74d105152eea11ca7f1b1a0d4c3d5c100000000000000010c992ea0322053aab5c2e85db7e38000000000000,806
00000000000000000000f02c8218294b52bdcccf6a45fd5acc60b610b7389456,361136,173347,881177,917176,862625792,7aa24d414d475218269bbb7ef77993809a04f0b529e4912550762899ecb01c7c,2025-10-01 04:33:47+00:00,2025-10-01,4a142698,1701fa38,03b8fe0d182f5669614254432f4d696e656420627920746172617a342f2cfabe6d6ddd08491a4a6c9b3b384ac95a3549cf3c518365d8b3d24ea113814734bccd6f89100000000000000010fca73601ff8101a23e38a6cd2000000000000000,823
00000000000000000000e11b911df64551a2c0573f0ca931e9a1d1db04f6996c,352832,178210,887462,918127,537264128,5699497fd46440c35bc2b7f29df49eed6aea8d548fb2561b7625aff5e99836db,2025-10-08 04:42:19+00:00,2025-10-01,cf129678,1701ddb4,036f020e2cfabe6d6d9f75ececb5f0a9e899b1bf6e76772a3292a5bf594b53a4639d7dc70fae4e4d6a10000000f09f909f092f4632506f6f6c2f6b000000000000000000000000000000000000000000000000000000000000000000000005007a200000,328
000000000000000000015248f213dd10eca9f41432f326af61b1c9e88a60215a,334767,185420,891027,919001,629776384,4a428506e5fd8696af722c56c07244703e80b055510a026081b18efda7e80fd7,2025-10-14 08:49:48+00:00,2025-10-01,a76e3e15,1701ddb4,03d9050e2cfabe6d6d1054c0e63760abfac930b6f44cdb36be385decd47be74493b7c88aca332761a610000000f09f909f092f4632506f6f6c2f6c0000000000000000000000000000000000000000000000000000000000000000000000050041207600,790
000000000000000000014cbf2eb49aa58780b2626230f2aa83de0309b2f3d0f3,366992,178828,903476,917771,543162368,6151526f988908eb96175b8dfe819544e76160b31af3645dcb5e1895a5350dc6,2025-10-05 14:35:01+00:00,2025-10-01,f84baa2b,1701ddb4,030b010e1d2f5669614254432f4d696e65642062792064696d61333033363139392f2cfabe6d6d015fb8c93bdc8e1a0dd0f6760e4bb1ced82add50e0fc926004a773e8e38a039e100000000000000010f44e280a74b95a9e671af5eab0a70000,643
000000000000000000001025a8c5e3d6a596815057eb7c561c741d481e3ed7c4,367543,191894,943225,918921,681263108,e08b7fa56f5373aabb29eceb4b0c056ef8b8455a331f4f842bceed70ac6efb4a,2025-10-13 21:01:32+00:00,2025-10-01,e4e0269a,1701ddb4,0389050e04ac68ed682f53424943727970746f2e636f6d20506f6f6c2f04ee672a0b957f6ac4030000,776
000000000000000000013aa2416a44b7e0d8b2dfe1df699828e7bbfa3a7ee16e,402738,197520,995298,917606,543162368,1b536d1ce9ed312a421162dbafb051635fb8d66b363d2849ffad9d432ddccc01,2025-10-04 09:37:57+00:00,2025-10-01,70ec2a0d,1701ddb4,0366000e2cfabe6d6dde6b59ad7d14de8e5362b0a2a5b6fa711a6e06794d563da19a7156c06526312110000000f09f909f092f4632506f6f6c2f6400000000000000000000000000000000000000000000000000000000000000000000000500b9c2de41,943
00000000000000000000988c5ee95d4695a7a276a5cef510f9ac885defd14732,400866,198577,996597,917369,596639744,42b43a10098a4d58eaa628b5685f951c4f06fbf69c51ef929682dafdb5e83bd4,2025-10-02 11:57:56+00:00,2025-10-01,3d95b1dd,1701ddb4,0379ff0d046268de687c204d415241204d61646520696e2055534120f09f87baf09f87b8207c763034fabe6d6d97c3b16863faac3652ab043ece54d8456ad7a8fcbeba0c1dbd5123c85f2cb3a70100000000000000123226a1770000000000ffffffff,985
000000000000000000014368e3813d6039dc28cd2b42cb4d1737f47da7d6628f,413351,203524,1023923,918541,711581696,35e2ac20608d82b144ed5f1a0e08aafc6aeb89c9a90c83b37880c20cac6bb623,2025-10-11 07:49:50+00:00,2025-10-01,a31481c7,1701ddb4,030d040e2cfabe6d6d7ac0893f362aec73b00379537db8aaba474a7edf3f24a88b394a5061c287af9910000000f09f909f092f4632506f6f6c2f73000000000000000000000000000000000000000000000000000000000000000000000005005c2eb868,942
0000000000000000000167f9640963e68c4c36d082c1261aa6be797d76c90a1c,474441,190375,1045566,918662,825237504,bb5953d7789face5c3ca38cab679b7cd26432751e918fb675f0773629ed7bc00,2025-10-12 02:31:24+00:00,2025-10-01,6814656b,1701ddb4,0386040e1b2f5669614254432f4d696e656420627920786d696e696e6775692f2cfabe6d6df70f261ad9f1d223ec6e460e0d20195748ed8b6c80e09cb39dce4b8981d599aa10000000000000001070c71b056977a249d7f37b48354b000000000000,911
000000000000000000000baab4522ff1a05aee294086badf0798637f3ceaa4c2,371144,233229,1070831,917587,641974272,7315965ab579a133d9d6883a9b45bec09f761c6ec48c11e3020c7322411c93f8,2025-10-04 05:43:53+00:00,2025-10-01,984291bc,1701ddb4,0353000e040ab4e0687c204d415241204d61646520696e2055534120f09f87baf09f87b8207c763034fabe6d6d03a00652332f9c7262d7b64e123d989c1997018470af77838d60c3d16d9427630100000000000000138664c0d20000000000ffffffff,697
00000000000000000001a63fa14c057c82be1a7421e4e6002557cb7857003447,449557,207687,1072618,917319,537174020,10c31e088400c3a75fc816ffc6f07f5966987dd06b32d703415e3ccb8af5eeb2,2025-10-02 02:47:53+00:00,2025-10-01,59adb2ae,1701ddb4,0347ff0d04d9e7dd682f53424943727970746f2e636f6d20506f6f6c2f0f4d180c0554010000000000,921
00000000000000000000e336001a3f2708af2e0e273a953efe1ea5e1a4a15f23,459176,206770,1079486,917909,537583616,963c8d0b6418eb15aa1fa7cfadd7c0e44b21dc3cad849484a61ed59334d8ef4d,2025-10-06 12:35:05+00:00,2025-10-01,79410950,1701ddb4,0395010e2cfabe6d6d23aca066d1c79354d1cb0e4a429ee0e05d7c83c816d009ac781583fc9803cf5e10000000f09f909f092f4632506f6f6c2f65000000000000000000000000000000000000000000000000000000000000000000000005000092648d,957
00000000000000000001922d0cfff4529b75afb640d95e1cc3497e96e53d7ef1,476365,204892,1091041,918191,574832640,037c87db1bdb59a8f96a3128d92ef3426f593627c4fb32d1974941d6e5e9a744,2025-10-08 13:30:34+00:00,2025-10-01,b563c17c,1701ddb4,03af020e1c2f5669614254432f4d696e656420627920736f647572616c7331392f2cfabe6d6d42515e3ab32e08362f6c92ac1e288bc5d46e7dda9000948893ba24b9c4ac9c341000000000000000104c626a00ee13682d671d70438a05000000000000,860
00000000000000000000294b423dc3521d00e5e09a025fb5910dfd00820ee19b,431582,224960,1106462,919108,805847040,29fad49c777be12ecce7339163d12db85579462cc993dadc001b16a8bf48063f,2025-10-14 23:25:59+00:00,2025-10-01,7307c14d,1701ddb4,0344060e082f5669614254432f2cfabe6d6d3a9e017fceda3b083ccf837c565a059107e0b049606503e9809f3f6c9751cccc100000000000000012e804f31714051e8cf16e2598462eab01000000000000,906
0000000000000000000004394d59ef26e2226e2ad15d252d9e74f29e0e67a7d4,445265,222764,1113557,919137,544923648,8d19378221868613fdf103dc2361f4f8ab294d9ae91d1b912bbcc8fc9987c4a7,2025-10-15 04:44:28+00:00,2025-10-01,2dfedf33,1701ddb4,0361060e173c204f4345414e2e58595a203e0f4e6963654861736800071f9210439e90540e139ab14cf00ddfe630e576e80600,849
000000000000000000012a784015968b688f7fbfffd0916a798fef6020255da3,405150,239951,1125003,918815,584417280,76b26f87d8496afa57125906d7b53059399a3e4d57a4d5e5bbf55ca5306cbcbe,2025-10-13 05:15:54+00:00,2025-10-01,24bca83d,1701ddb4,031f050e2cfabe6d6da9a584964cee902407490457efcd72f3f13fbb1243e756f4802fa34b101f59a710000000f09f909f092f4632506f6f6c2f67000000000000000000000000000000000000000000000000000000000000000000000005002c620000,842
0000000000000000000193f148ca8d8b1353c54103ff93326006cec3df500d16,504510,218179,1159047,919110,621862912,2a44d84e9a128640afc65d661dbedd9532d59417a56c28e1b66fc5b0438bf43f,2025-10-14 23:30:43+00:00,2025-10-01,bc79f0a4,1701ddb4,0346060e2cfabe6d6df0633602604b624affcdb6aab50b8ed47896b9982dff292d52e707c1f854e50910000000f09f909f092f4632506f6f6c2f73000000000000000000000000000000000000000000000000000000000000000000000005001c0de668,839
000000000000000000005d4fc6c2c0b9b31c6cf04dad928eeef4b9c9b8922770,453446,235353,1159505,918890,537190400,023c07240d108aef6ad06e3735e553dce7ba9c6875057ef7262064143bbf408f,2025-10-13 16:00:19+00:00,2025-10-01,1baf2956,1701ddb4,036a050e2cfabe6d6d5bf6867a75364659a0a29a732b9e8ce0a1c704c7fcf5877dfd4e392e76da5a8f10000000f09f909f092f4632506f6f6c2f6b00000000000000000000000000000000000000000000000000000000000000000000000500324a0000,1169
000000000000000000010b7db2292165f0c84745069e5dbb21b6affe905aa3fe,454487,244074,1186709,917357,783515648,131444ebe8f27cd5d360a6fe4c80892bb09a76aafb3c302f5d8c1414ed5db091,2025-10-02 10:46:57+00:00,2025-10-01,5708aae3,1701ddb4,036dff0d2cfabe6d6d3d4603193dc2b57b8e5f3e209fd35dda3d590a4cd7cff1053c7e7fa2b612c6f210000000f09f909f092f4632506f6f6c2f640000000000000000000000000000000000000000000000000000000000000000000000050074d81000,776
000000000000000000015e16b74852a7a42ab5e1200dc1ddced92faf1f0645d3,516589,225817,1194040,918821,821805056,947e4d2850b7a96e2f63a83400d0db506f977b7ff1d15b737a1d0163baedc40f,2025-10-13 05:59:32+00:00,2025-10-01,4860f256,1701ddb4,0325050e1b2f5669614254432f4d696e656420627920776d74656b656c69312f2cfabe6d6d70454683d36bedb05606fd048ea58c900aa5718206f9e6025571e42631fd366a100000000000000010d7bfb60493dbb523665f069a325b000000000000,1033
000000000000000000007ffc836b6a1405a7f1c2908d15200e2bc1632599ed23,587729,206175,1206254,917330,717651968,7c44cc73ce8f50f1c702f74ebc070b009d3d93e91cee17694f49d5a6b71acae4,2025-10-02 05:17:56+00:00,2025-10-01,83d3417b,1701ddb4,0352ff0d2cfabe6d6d9fd9cb28a61297fed05be45cc83a3df8d6291ca17c606a2d21b96b6e707ea48110000000f09f909f092f4632506f6f6c2f7300000000000000000000000000000000000000000000000000000000000000000000000500431fb868,1067
000000000000000000016582111248d4b87b9134380bd8e8a87e24c13039da6c,529726,228461,1215109,917593,634544128,a79c0db680120f7e45ca800c4062c907de4768e782a40cfba5262929a6f7eebc,2025-10-04 06:37:13+00:00,2025-10-01,e75d469d,1701ddb4,0359000e172f5669614254432f4d696e65642062792062757a7a7a2f2cfabe6d6dc48928c73cb018bf1e9dff1d9b1d370a927b6d745b94cf765f60041184d8584310000000000000001039c7f00c06e60978ddfb5c650000000000000000,1113
000000000000000000001900633d58c5f3a63ec821b5c4a96556568686d5bba3,662564,205051,1277717,919027,600571904,4363771971b1ce0d373c0d31a108fe87828d2d85c97b7281de142de34b84378a,2025-10-14 11:47:20+00:00,2025-10-01,154c688c,1701ddb4,03f3050e192f5669614254432f4d696e6564206279206d32706f7765722f2cfabe6d6de559228b71e63fcdf6dd6b1ebd593b70ac225ddc72be09f1ecb567f8acc18997100000000000000010a8c4f10c82f9b4110d8449b92b00000000000000,976
00000000000000000000fd609b2e283c332f9192bced750bbacc6af3958d5910,597857,227342,1279883,918885,755400704,213ef53b20b76e1c23f6173f9a2eaea89b1323f7e9785616883242e1cdbf5639,2025-10-13 15:30:54+00:00,2025-10-01,b26fd154,1701ddb4,0365050e082f5669614254432f2cfabe6d6d3b1115571b6be8c8ab7d8150cd9a782645e2b1253d205d2509c2455654bb695f10000000000000001063e21c051038e8d851a8ec653900000000000000,1131
0000000000000000000134d5572da48b6b5e41ef5a5f0e485a41465895768970,551135,244103,1283444,918866,570802176,ca281820c9da50716b94c3028aa61f8d17a5289b0b253321b9d78b2f2b714848,2025-10-13 12:42:59+00:00,2025-10-01,36c13985,1701ddb4,0352050e192f5669614254432f4d696e65642062792073696c696361742f2cfabe6d6d441b0bee9d573aa919a49c2764fdd1e5895fc1ae525108567d9d98d8a33425eb10000000000000001086dfee03dea5b170ce364cdbbd06000000000000,1008
00000000000000000000f1c29533c376ff61ad8f7a96f3aaddd27b8d7d34d756,551209,248782,1297555,918986,537788416,d3f6828dab67249b40a3894ea9d63f4b55c520b7d5d633c1d556552b4ec25430,2025-10-14 06:59:34+00:00,2025-10-01,64953668,1701ddb4,03ca050e1a2f5669614254432f4d696e65642062792067656d61697166322f2cfabe6d6d8f2e2aa06af1c8738ca4c971e0de697a4d40c13ec315979a87d6ccaa5154f01a1000000000000000103eda1405d92796be5e01eff2be25000000000000,1290
000000000000000000013e682cd82fa979b4727244b9ce01376752ea6d115a4b,532099,258479,1307536,917370,734183424,a80bc1f626ef30facd47c63a69cf89271bb8ca4f884ccfa1388e3297bc2596c0,2025-10-02 12:01:01+00:00,2025-10-01,e705c23,1701ddb4,037aff0d1c2f5669614254432f4d696e6564206279206c6f6f74696d626c656e2f2cfabe6d6df546aa715fb5f09d78645be235b69e92b34feacfea482d1a1698f14e9b78abfb1000000000000000100f9c200ceb7d0ef392efcbb63101000000000000,1335
00000000000000000000830e629d86a2fb4530f4373a9e6cdd3d376e3e92cccf,562729,248818,1309183,917231,627286016,13682eabe1cd3f0198f8742b3f9346521284c84cfe0f59981661088208ecbd62,2025-10-01 11:52:34+00:00,2025-10-01,a1678fb6,1701fa38,03effe0d04b715dd687c204d415241204d61646520696e2055534120f09f87baf09f87b8207c763034fabe6d6d69eb40956900ddebaa93c2c0dc94f0fd39133d0e1195e6795ba1b06394efe890010000000000000013bad840bf0000000000ffffffff,970
00000000000000000000d2e00c8ecd69fabfa393c22165d583f4ce897207f31c,567581,250921,1320344,918917,547356672,9174bf24b135aade0787bf37349bd3bcd119cf12d14635a45239c0b11e45dc4e,2025-10-13 20:33:28+00:00,2025-10-01,ea18b177,1701ddb4,0385050e2cfabe6d6dc6ba6d1d1031f41358a5d9d8195a1db9184a7338e2875c398d48af6872973a5f10000000f09f909f092f4632506f6f6c2f6c0000000000000000000000000000000000000000000000000000000000000000000000050019e91300,1010
00000000000000000001b7350b4b22eb496c952012d94773bdbb304c1bdda002,545524,269956,1355392,918789,700260352,5e44190bf747579b221febccdc08a26cb49c7a731498b943fc01b504156dd6f1,2025-10-12 23:46:16+00:00,2025-10-01,a6fb4164,1701ddb4,0305050e082f5669614254432f2cfabe6d6d5270a40834f901ca80933f51c5530826e83ac303e28ca034d9fef9e456a0c3271000000000000000102cd2a906ea785c5aa572739e1100000000000000,1282
00000000000000000000700f90727eab12214b487fe556dd1252740abfd168c0,597253,259735,1376458,918707,583647236,80106e33e626d34054092c40e3d87430078cf2d3017895924e936ff9413fc670,2025-10-12 08:41:03+00:00,2025-10-01,1af9d860,1701ddb4,03b3040e049f69eb682f53424943727970746f2e636f6d20506f6f6c2f0f8eebf71800000000000000,1454
00000000000000000001b4ae479d6cdeeb598c9c3e0694f1d41e04bb675644ce,535272,280798,1377666,919271,674340864,cee5d895d07f64fb7725fc46fc158f4c8d8dbde8f779e56a4628c24236faccc3,2025-10-16 02:48:46+00:00,2025-10-01,8868c531,1701ddb4,03e7060e1a2f5669614254432f4d696e6564206279206d62747374726f692f2cfabe6d6d0adcdc1096f579fe9ddc1da653e62f841ae51f3bf6a7712d61e9a519ca8ae60b100000000000000010eb212e018694f35429c011b80400000000000000,1099
00000000000000000001da0418af918bfff262a98bab260ba0500144d16e7568,521320,292940,1400140,919215,567631872,f706e68e4f762752b4dbffeda6528e577581a8d296c05ddb1fbf0095be82da7a,2025-10-15 16:09:28+00:00,2025-10-01,90240b2f,1701ddb4,03af060e2cfabe6d6d8690c57f8c13583a62c8cc708ae4a42af6e77dc81a3ce04252d66a8f7ee09adc10000000f09f909f092f4632506f6f6c2f67000000000000000000000000000000000000000000000000000000000000000000000005003f7a0100,1141
00000000000000000000594a60d692416d219a158b1a476a714ecc3919ce1d2b,509542,298749,1405789,918663,657473536,14f2483842c2bd9cc14be5843a2f26bf1383b685a41a1ae71a2c348c2155d0d9,2025-10-12 02:37:29+00:00,2025-10-01,bc1db64e,1701ddb4,0387040e082f5669614254432f2cfabe6d6de04fe9ff71c15daaa1b18a51ca35367ab3c9968a10c3a19764055500ec66ed4f100000000000000010dabbaf066556d51a151d32cd3300000000000000,1004
00000000000000000001582838daa933e92a7017e57b7d495462305097adb845,750913,230759,1443190,917285,659783680,cec2a94c1d77d726c730214973442ea03a103d013ba5c17fe7b66ae308de349e,2025-10-01 20:39:20+00:00,2025-10-01,f6f81572,1701ddb4,0325ff0d2cfabe6d6d35d125d98c8cf71f0640ceaf11a8b31a7c209cc3d11e47c058d90e86a04bfa6410000000f09f909f092f4632506f6f6c2f650000000000000000000000000000000000000000000000000000000000000000000000050010314800,356
0000000000000000000130dd9907150f760383f8f73c39c2a62aa10e382c7aeb,551021,299625,1449896,917427,537886720,e643cd60b783af27aaadf1604f8b5deb4168ef86fd9cb4fe09301887507b388a,2025-10-02 21:38:54+00:00,2025-10-01,c787163e,1701ddb4,03b3ff0d082f5669614254432f2cfabe6d6d2b041a2fbc932a8e04186147a488f0a7593c222f2a1e9171b687e43e4dae3ee51000000000000000107ea5ec0c3fb36235e5a086acc04a000000000000,1294
000000000000000000001cf078332ec0c1bd935f058724c255f5a3a7eb6247b5,566143,299823,1465612,918400,756318208,897f03573032477dde03ab270b46c7d4e1c76e77d08ec7d670692246ac33c118,2025-10-10 04:52:28+00:00,2025-10-01,4d01dd73,1701ddb4,0380030e2cfabe6d6d15e1bdfcc963aa33bec0cfc5fa647d297bd902af8b2234413f13e58ce8100a8010000000f09f909f092f4632506f6f6c2f730000000000000000000000000000000000000000000000000000000000000000000000050016eadb67,954
00000000000000000000c78941dd90dec96cca4bd43597de0323123e3d7354f2,593056,292105,1469371,919180,537542656,29d1739a59f9b27298bfaa0854b623aee5635644ea10a3e22ad1c1a7138e0d77,2025-10-15 10:26:59+00:00,2025-10-01,ba274f87,1701ddb4,038c060e182f5669614254432f4d696e65642062792061696d6f6f6e2f2cfabe6d6d2e3762fb806e6a766827b4a66df89d09c22e89d8ea9f7e02ef662eff5c908db5100000000000000010d9102c01c5283124cc2384baff00000000000000,1372
00000000000000000001a5dc28ab157f47faee30ef95383bccf291bf90e40388,612467,287648,1475411,918157,610082816,52968ccb9eb701da4fc51950e441fc64951faa89ca71f966ce23f1419416b3c3,2025-10-08 08:59:48+00:00,2025-10-01,308ac599,1701ddb4,038d020e04fe27e6687c204d415241204d61646520696e2055534120f09f87baf09f87b8207c763034fabe6d6dd8bdca9424cf68ab4417bf2ceebd81d3480ea156d531f28ca8da9c4abbe67413010000000000000012e2524a430000000000ffffffff,1383
00000000000000000000e06c773c8eb08322ba76a6fe374b3b7b3fba531d1711,595241,294393,1478420,917207,645758976,a9ee0e16c7ecb4c948940e65cf8a7b8ccedd2aa87ce7f8ef7caaaaa650085d17,2025-10-01 09:03:15+00:00,2025-10-01,d7d50116,1701fa38,03d7fe0d2cfabe6d6d3d6712ba3b18ecb5ececa0e5c9ab5a4ec166789d23fb8c26823a475a64651c2910000000f09f909f092f4632506f6f6c2f6c00000000000000000000000000000000000000000000000000000000000000000000000500f0260000,800
0000000000000000000150d6a19bfd17216927b73dd2c570315ce7faecbf5081,629663,294657,1513634,918148,700014592,ed71bb1b17fb37199439a377502e635172207e9d17ebca0d98a2e8b7c0e0907d,2025-10-08 07:47:28+00:00,2025-10-01,b0834c35,1701ddb4,0384020e2cfabe6d6dfd4a8fbf40a28b5ece1b21150aa115f188dc350b0a44874c0c465b6b92dc807b10000000f09f909f092f4632506f6f6c2f67000000000000000000000000000000000000000000000000000000000000000000000005001a020000,1560
00000000000000000000a2ac853e7b81f6d1a1e2280fcf1adf9fd29489e71165,579861,320341,1540884,919179,666509312,4afb486ec8708591ba76212f398c9cc07701b8210da641b29727a22ed3c92a19,2025-10-15 10:20:28+00:00,2025-10-01,3a106d53,1701ddb4,038b060e2cfabe6d6d56fa7c71bf7c43a8b396e171b15b884699a0e384003e2f03720680cfcd7cfc0310000000f09f909f092f4632506f6f6c2f660000000000000000000000000000000000000000000000000000000000000000000000050083830000,1401
00000000000000000001545ab2ef89b962d937c0b6667a06cf8330f055ca2e33,662749,296260,1551529,918624,641949696,979c1159ccb2830e05d0c0330f745d758f090c1f1c3f8b89fae4aa0939d4a5b6,2025-10-11 21:27:29+00:00,2025-10-01,f88f1f98,1701ddb4,0360040e1a2f5669614254432f4d696e6564206279206d756b6b323030612f2cfabe6d6dcc92c7a4c40835b77b1cd395f775c80bcac29b3479966d3088a9d01d9805d45a1000000000000000103db6b2040eff99aad083f4a0fd80000000000000,1461
000000000000000000018269109df66eb14c92ecc8f2e1f52166eeaf04d8a4d5,632802,317626,1585680,919291,815570944,3b5239521ca0f71e541142077b2068fb3321dbc11a4ee25e031e31101e1045a8,2025-10-16 04:47:26+00:00,2025-10-01,6ca7a156,1701ddb4,03fb060e082f5669614254432f2cfabe6d6d858f2ad1a8db87560b370f0e26fe4e637debbb1650cef27856537ce5425ef9a51000000000000000101624900181235fda2012f92e6603000000000000,1291
00000000000000000000b957dc0074a2fb1409f10fb90dc73b0242dbbdc38555,873169,238958,1590043,918630,593330176,e42c5bfa6b37842bd5286dffc9597450749b3418d03ea6463f8d61b8da83c5da,2025-10-11 22:05:36+00:00,2025-10-01,6f4a170d,1701ddb4,0366040e2cfabe6d6d47f414b1f510d58ed66d57a94cb3d0e29bc3129679dd68b25226e9b8ccb91ee210000000f09f909f092f4632506f6f6c2f730000000000000000000000000000000000000000000000000000000000000000000000050005a96353,1019
0000000000000000000160f5324c9f2690bc3524151cf50cc3e64edd2f0b62c1,679524,310450,1610874,917731,541351936,1d9865d1f3eeefb165b8b421afa2a05ba2c1400b9370badb0e98cf28d66df790,2025-10-05 07:18:54+00:00,2025-10-01,8ee2c6a2,1701ddb4,03e3000e2cfabe6d6d6749be6cf83f496c53ff34477b43dd1e5f6c2747b764658d2211216eb648b2b010000000f09f909f092f4632506f6f6c2f67000000000000000000000000000000000000000000000000000000000000000000000005002bb10100,1733
00000000000000000000fe60767646fc6bafb28d58e0521c3a3157f58b958648,655843,319845,1615378,917421,658989056,18eddaf76178123086cb792cf845692efa7fa996f64418167de3a1b721fb69f8,2025-10-02 20:44:16+00:00,2025-10-01,fe4d3746,1701ddb4,03adff0d082f5669614254432f2cfabe6d6d269e68d965e6583286b6fc349406024418ebad0a87ffab293987e255d61cf61b10000000000000001045d2980105afd79b32daeef8d66d000000000000,1441
00000000000000000000e63cd0fdfea0989698592140dea9f3178ad1f224c2c9,674963,318430,1630253,918542,720625668,f79c02989738879793cfc363c84c6e3a389cd85e27568a673a485109ee414db1,2025-10-11 07:54:58+00:00,2025-10-01,2aa74204,1701ddb4,030e040e04520dea682f53424943727970746f2e636f6d20506f6f6c2f18616a3fb900000000000000,1099
000000000000000000016a1cd3089e47a7d5bd74a449f0a5e2a8938031645057,562243,359780,1641583,917977,537075712,4717f7123d6bd3a141d73b937b3fde304518feca0bb4536772c2f20559406ff5,2025-10-07 02:57:04+00:00,2025-10-01,93baf429,1701ddb4,03d9010e2cfabe6d6d08995fe2d5d0675939138734dcab0312848a1b104aeed92a17d091616425127310000000f09f909f092f4632506f6f6c2f650000000000000000000000000000000000000000000000000000000000000000000000050042c7216e,903
00000000000000000001f08829289704e95e016923c1abadfd2bf0aa959822f0,609684,344141,1642107,917183,792387584,4c15fab8c59d2eae2dce284c9f8486a97dfd94e171c1ef6a7736d1b98e14cc51,2025-10-01 05:54:48+00:00,2025-10-01,b50d310b,1701fa38,03bffe0d2cfabe6d6df1fd53680a426e6aacc4f5bd73d3283e7efd159305887921d408b7174d0fb5d410000000f09f909f092f4632506f6f6c2f6b0000000000000000000000000000000000000000000000000000000000000000000000050010610000,1009
00000000000000000000f49187cecd0e315f417fc6c57006d895fd2988cd30af,676336,322116,1642684,917206,537870336,5f9aca08b24a55ca44903e6378f98196185991c98166f18d87faed2cfae47a82,2025-10-01 09:00:37+00:00,2025-10-01,c3af81c5,1701fa38,03d6fe0d2cfabe6d6d302f9f6943d913234e049c6e06bfcfd9f701e36dea095cac1c3cbcf5e5ef3a0a10000000f09f909f092f4632506f6f6c2f6b000000000000000000000000000000000000000000000000000000000000000000000005001a24cb72,1607
00000000000000000000e5102c04764c7a2995454f5803d9318ac45836af4b6b,657252,331865,1652847,917360,622854144,26ef424e5875b9b81c6c67afe29fc01d5ed90f362e6bcd7d0caf3788ff079a44,2025-10-02 10:58:49+00:00,2025-10-01,ca16979b,1701ddb4,0370ff0d2cfabe6d6da8730571190391af946829d37d8b892d6931f87bbf33ff7f7ad4a1b4a60d28ef10000000f09f909f092f4632506f6f6c2f620000000000000000000000000000000000000000000000000000000000000000000000050000000000,1423
00000000000000000000ace4169148377d04b3d6ce73e9ac943bfa8201334510,646109,339005,1663124,917810,771915776,6b1bf3021d98324b4b40f5ccfce792557cf895bcf6bc58a61e858671ad1077dc,2025-10-05 20:18:09+00:00,2025-10-01,61aa01dd,1701ddb4,0332010e2cfabe6d6d77cb7327f56d07439509bee14bc325849bbb181522373fcf031c3cb76b37fe8310000000f09f909f092f4632506f6f6c2f620000000000000000000000000000000000000000000000000000000000000000000000050001000000,1239
00000000000000000001b04b61174c3af343fac3fd71d9c03417c5954d82c208,746700,307319,1668657,918301,537018368,84923219f22f2561c277877fe551f5f5da4f2450edbb450b325c52aeaa99c000,2025-10-09 11:39:24+00:00,2025-10-01,177ff8b3,1701ddb4,031d030e2cfabe6d6d7cff2c3c8fea52ca50359a9f3532faf3732680ed6ba57bb64d755d65bf25b57110000000f09f909f092f4632506f6f6c2f65000000000000000000000000000000000000000000000000000000000000000000000005000f23080c,1275
00000000000000000000296c45b1abc1cd19c086102892f1022b9a4a84e2705c,760324,311521,1694887,917273,537010176,9eef7fe4ceeb3061518de6a648a5f69dbe958475b3aa5ad037ff63d15e4ed3d8,2025-10-01 19:18:08+00:00,2025-10-01,a8648553,1701fa38,0319ff0d496e6e6f706f6c69732e746563684f6199b1b1630000,1402
000000000000000000012e63c663b35d727f665b376a0d24ecdb5adad403dc5e,734671,325576,1711399,918345,653123584,8037f7a4de5a30feb66efea947e962696ea7c6d2e587f636851ac3bf284b4046,2025-10-09 19:06:46+00:00,2025-10-01,11079bd7,1701ddb4,0349030e2cfabe6d6d648ce9c576dfe2028895388918417629136c9ecf6d4bd22438f1d012975e556e10000000f09f909f092f4632506f6f6c2f640000000000000000000000000000000000000000000000000000000000000000000000050049555e00,1944
000000000000000000006239469bf2c1afb0c96600a817455896fb809d72757b,642626,360726,1724804,917584,870735872,cee521c5b392cce019905d7a74edcdf1107dcfafa1a829abe8530078c492f81e,2025-10-04 05:34:00+00:00,2025-10-01,e9bf4169,1701ddb4,0350000e082f5669614254432f2cfabe6d6d97179ae42b2cda2b2d3919b0dab284cf03b132261ac745e86db6360d74fc1c86100000000000000010b3d11405d92796be5dca10f00d01000000000000,1257
00000000000000000001ae69a67add833f9777e3e427a1b4a9dedc28705d027f,689001,357884,1762653,919211,835543040,f714c6d6557547a04681247ec6e3909231927cd5827455f4a502e27535ae6fa7,2025-10-15 15:42:09+00:00,2025-10-01,e8d2be3f,1701ddb4,03ab060e1b2f5669614254432f4d696e6564206279207073676c743570726f2f2cfabe6d6dc11355817196f813fcc7b293c3d94580fe6418f843aa81f178a4271c8df2ac48100000000000000010d0fc1805d64e2f1d7e0c9be0ae00000000000000,1212
000000000000000000000c136f9f54e2e4a147dc22dab26b924505e1d892d839,748114,338851,1764667,917281,537165824,bfefabec1f9876f7a854cd3dad3f407e627fe7557c5be987802b7def9431df4b,2025-10-01 20:02:10+00:00,2025-10-01,2cb02eb1,1701ddb4,0321ff0d2cfabe6d6df4a64499c9e35f6ca8162ad10e0153edaee4c7e507cbe1da5a5ab768b8c6bf2710000000f09f909f092f4632506f6f6c2f640000000000000000000000000000000000000000000000000000000000000000000000050006cd1d76,1366
00000000000000000001adffa6c70f8d6a60e61d8be8c02ba53958a60a1202ae,706684,353251,1766437,918941,805298176,3e82429ac2c0a82732cb56e6fb374443827e8453ebe36731d2be9dfa3296a8d8,2025-10-13 23:49:39+00:00,2025-10-01,a440883e,1701ddb4,039d050e182f5669614254432f4d696e6564206279206a62657238372f2cfabe6d6da7decc0424cd7542897f0f447643786c9ac5a7ce93f903375baf69817813359110000000000000001027238f0af1f435ae3199a86a67ad3b00,1612
0000000000000000000027254ffa43b32875b9c2a83632bbe676982e2f1601b3,708750,355678,1775784,918413,537845760,b5cd23cb51327b70a11748346d99f3c94ef523f5afffb39e03659007399a6109,2025-10-10 07:10:09+00:00,2025-10-01,1cb8ad4b,1701ddb4,038d030e2cfabe6d6d59780dfcd60d729f3ffac9bfc98b2cf51d81649de0b8f2a0cdcbbf12add8288810000000f09f909f092f4632506f6f6c2f650000000000000000000000000000000000000000000000000000000000000000000000050008f4f890,1616
000000000000000000019c5d7996d367460b21bdf750cc99a49e38ebd1d52a71,659900,378327,1794881,918642,644055040,91ffd1828dfe294747074b707dea15d86a7aef1ed57a73dd44c97a5ac17eb710,2025-10-11 23:37:40+00:00,2025-10-01,ec1bea53,1701ddb4,0372040e182f5669614254432f4d696e6564206279206174313732352f2cfabe6d6df455ff5b672877ff56ad26df39358ffed10288aa17f2ee93b900acb0ec954cab1000000000000000107eb83101e9ac1cf25cfe610a939c000000000000,1427
0000000000000000000137e1c0612a996308164a96ccda73ae42c83b111e33f4,728389,360834,1810891,918854,695083008,22dd1d078e8f93c8021a79a0be11fef3a4e866a1b00e0e872c0a690a664e00b5,2025-10-13 11:29:59+00:00,2025-10-01,5492f76e,1701ddb4,0346050e1a2f5669614254432f4d696e656420627920736c6174797261752f2cfabe6d6df64fdf0e24cd621547f0a31b1a5334a96727d6247aebbf98f336ecec82f551fc1000000000000000103edeaa06f3f61699a6508712c29e000000000000,1656
00000000000000000001a7b61dae539edabe06ebf3ca39bb73b54181d69cf4e3,835147,331079,1828384,918260,888995840,e92edfa6835816f0318d3c014c752ee7c28e19eece7d741d6980ca2346c38e52,2025-10-09 04:13:36+00:00,2025-10-01,3137407a,1701ddb4,03f4020e163c204f4345414e2e58595a203e0f0f30304f434c340002c31f,1197
00000000000000000001028a34b4f2db224fa3c451f85859d56857ce52ca3a60,691278,387026,1852356,917452,538673152,6ac314762bf76f490438000e84fc16c644e8131dfd8c92f2e554aecf16282fc9,2025-10-03 02:44:56+00:00,2025-10-01,aa7ccc68,1701ddb4,03ccff0d082f5669614254432f2cfabe6d6d2f203170919ce546ab9de297b5ade31f9c50207f04169cd2cf9acf3f4946306010000000000000001091b31805d64e2f1d7d7e43634a7c000000000000,1274
000000000000000000010d16fa6a4841e9e5afbd59050c01b4f67b9ef2074aa8,716318,382234,1863020,918447,949657600,b2daf723e3aecff1ad47da5b9a944e45a67c9799af040126acc922ec980ce202,2025-10-10 12:44:14+00:00,2025-10-01,af74705d,1701ddb4,03af030e2cfabe6d6d6a92af31aaae41d7d07363b3a3e42084aeefef30dc9433a24ccf6dc12b4259d710000000f09f909f092f4632506f6f6c2f62000000000000000000000000000000000000000000000000000000000000000000000005000f000000,1487
00000000000000000001dad8105f0232163266b1e35cb61a2b43d83a1333e931,798203,355169,1863710,917884,817635328,057ee634ca81bf23c9246a2f721b6af3cb3809474efd59c934db3e9921dc0456,2025-10-06 08:13:39+00:00,2025-10-01,281392f,1701ddb4,037c010e1c2f5669614254432f4d696e65642062792067326d696e76657374332f2cfabe6d6df114cd0aaefc397ad12ba950c4d9e9f5e0233092f83fa9d44899dc625475ac70100000000000000010672a4206736d5a763186f8bd2300000000000000,1773
00000000000000000001646af4555e25c28f13afca84a299f37668b06f4c5bf1,747243,372888,1865907,917356,587374592,bf6d48b7c3a6f8b9ed889d69154a04e5264c816ce121ceabc30813ecaa7caafa,2025-10-02 10:44:23+00:00,2025-10-01,d67fd52b,1701ddb4,036cff0d048957de687c204d415241204d61646520696e2055534120f09f87baf09f87b8207c763034fabe6d6d049829f81f810e0b6c312e19f4ade6f6bc3403be8c3782ba7f9bf13dee32357b0100000000000000135ad574730000034694ffffffff,1706
00000000000000000001ba99c59bf95a6226f4fc16b0ae2efd0cd080abe37b1a,681040,397111,1872373,919275,605364224,128b1e1764bb9dedbb7994c5f54b93681e418184125a7a38d903807a96bb5b75,2025-10-16 03:09:55+00:00,2025-10-01,e032f40e,1701ddb4,03eb060e2cfabe6d6d897628d7a0359240ad42831afe1fdaf976195f70c2a8ea9f028ff9cda07b8a1910000000f09f909f0c2f6632706f6f6c2e6b7a2f6300000000000000000000000000000000000000000000000000000000000000000500049b0000,1270
000000000000000000007c7a161b25af2525bd316d04297cd3266eaaec39688f,725805,389836,1895313,918944,842407936,35746dc44bf8cd15f9b2e1dd89bc188158216e1a724fb49790d1ae47049030ed,2025-10-14 00:38:15+00:00,2025-10-01,d61cf57b,1701ddb4,03a0050e2cfabe6d6df870ba5388f5f9537d4ef8f34a184e9658fe47caac7f8a84ab7d97f5eeacfd6510000000f09f909f092f4632506f6f6c2f65000000000000000000000000000000000000000000000000000000000000000000000005004dac8500,1409
0000000000000000000016da54a5876a23609de8b11bb047035ef19b94a03d58,1051941,281489,1896408,917355,564723712,5d0bbb8068363a38df2183f16e263913a78b837e4cc6c839e89323250c30a580,2025-10-02 10:38:39+00:00,2025-10-01,c010c07a,1701ddb4,036bff0d042f56de6800d00a16e906150000064744506f6f6c,859
0000000000000000000038a212b0495fa84729f00ebdf443909eeeefd0ba573d,754688,381584,1899440,918376,537698304,efdaa2c068519661f412a680065abdf0824cc10920d1a0e0e3af6f2cce12db40,2025-10-10 01:23:05+00:00,2025-10-01,21754bb9,1701ddb4,0368030e2cfabe6d6d9d1b3bd58416042af20640de2e34da97515c13bda9bb57326ea54d9e728eb64c10000000f09f909f092f4632506f6f6c2f6500000000000000000000000000000000000000000000000000000000000000000000000500cc7cc8c8,1461
00000000000000000000a1ac5fb4674cfd0e1b2b1c47f79038515382ec5eb678,822793,366783,1923142,917280,592519168,bc40c3934cb82895e2bc2b2d280fc5e458791b76483fafbdd7f33bbad952aa0c,2025-10-01 19:57:13+00:00,2025-10-01,6b0a058f,1701ddb4,0320ff0d2cfabe6d6d2c9f8f85e10ccb96d7420e422bd37b3394150a09df52f110e82c1ee90347a34a10000000f09f909f092f4632506f6f6c2f6c00000000000000000000000000000000000000000000000000000000000000000000000500996f0000,1556
00000000000000000001a1aa9a3966fc4a3d22d4cadc04449b6212baeae3ec21,798028,400426,1999306,917217,772784128,ccb13ebcaa675168072f3b4ad4878959ba960c44780190a0fb7cf644bb13b52a,2025-10-01 10:11:29+00:00,2025-10-01,f8188d4d,1701fa38,03e1fe0d1c2f5669614254432f4d696e6564206279207265636761676172696e2f2cfabe6d6d4fa5e8cd9083f0108c8a4f6d003882d8012e64108da0dbe491ed32e304acea5e100000000000000010426b3408fd6734cebf798953e200000000000000,1989
00000000000000000000e40c4a8b1fe739fc18f5e1aa4f10c698c97984ed9d57,833331,396267,2022132,919292,537395200,1e111e26526d29bf38b6e2192b8ed4de9b09a5cb5ec2e9e4e6bbacdf8c20b147,2025-10-16 04:59:32+00:00,2025-10-01,9353732c,1701ddb4,03fc060e173c204f4345414e2e58595a203e0f4e6963654861736800071f9210439e90540e1aa5b14cf00d18db34e5764e3f00,1585
000000000000000000003bef36cf4e46785638417aef23dd4f74dfe20cc20e0e,869925,392983,2048874,918956,628219908,29d82ed920adef4996a53ef23a9dfd6ad0c84a95b39ee6d2648c076f2e3b2e53,2025-10-14 02:33:31+00:00,2025-10-01,d87e2808,1701ddb4,03ac050e047bb6ed682f53424943727970746f2e636f6d20506f6f6c2f0699e7b81799ee6805080100,1911
00000000000000000000dc7411c7470b03347f7324a8348cb5f24ada21ef25e9,791602,422615,2059447,918693,732897280,09e15db82777b2edfb95ece0ce55aed5b1b8bdb71f13620139d7e8b35b0d93fb,2025-10-12 07:03:21+00:00,2025-10-01,426db691,1701ddb4,03a5040e2cfabe6d6d01fd77c2b93a2a16cf5c7ca53c3872843f6a86f281736c7f67158465abe7280b10000000f09f909f092f4632506f6f6c2f7300000000000000000000000000000000000000000000000000000000000000000000000500be24c368,1853
00000000000000000000663ee939be7643bd827b34215c35b91a12c53062adfd,967958,367953,2071817,917579,638115840,b465ae10cd1c6ed13addedf918153be57f94c6a4d81d0e6e7b5c6f7216255ab0,2025-10-04 04:35:53+00:00,2025-10-01,ee577cd5,1701ddb4,034b000e1b2f5669614254432f4d696e656420627920776d746172617a34312f2cfabe6d6d62212362bada0a73331da55fa838f5d69fd62e634ae177c73a180325ffafcf47100000000000000010b1f3e705a754f26acad223551666000000000000,1194
0000000000000000000031a1898452366bc47e15a445a80ce569463603b6fe22,838382,419987,2098343,918132,704454656,11214438cb1e5c066aca25fdda8f6d45f915dea5f09a830fbf2fd3df5869eb11,2025-10-08 05:14:32+00:00,2025-10-01,6a7d7145,1701ddb4,0374020e2cfabe6d6d7939020d4f6b34c3d52932d93426ed60e4f9a4e7182f5870ba993208a5d894c810000000f09f909f092f4632506f6f6c2f7300000000000000000000000000000000000000000000000000000000000000000000000500ea42ac01,1761
00000000000000000000ca1b87a1480532505a13a73e48cb9faa725a5c45051e,865780,412740,2104000,918538,537567232,95fd8c2002b1c063951e672de849cc62206894fa4d233bc315fb57fb81cb303b,2025-10-11 07:30:01+00:00,2025-10-01,f6371b27,1701ddb4,030a040e2cfabe6d6dafeccf6c5bbe35b1061bd4c9e7d7bd17915d00d58ccd56d0ef6c72c5361a5e9510000000f09f909f092f4632506f6f6c2f6b0000000000000000000000000000000000000000000000000000000000000000000000050010740000,1765
00000000000000000000a0c8fb796f330ad84bb99ea4deb5e90f6c68dd970e83,743272,454677,2107303,918648,536969216,8d125771981828c56479c0737abb5f12761d7a607a61ef13a2e36b03f9890f6d,2025-10-12 00:15:39+00:00,2025-10-01,64809859,1701ddb4,0378040e2cfabe6d6d127476d8c0af69e54a46b38930fa07bbde6a2afb727fa9126f86eb0c1ecf422e10000000f09f909f092f4632506f6f6c2f6100000000000000000000000000000000000000000000000000000000000000000800000000000059e4,1337
00000000000000000000117c552c9b4074c7f7087c26bf95721f995fe5d9e552,820576,432146,2117014,918384,668360704,4e5e4721309ec0cc0f13073fca1db5b42da35324091f518e7859ff26e0208696,2025-10-10 02:29:14+00:00,2025-10-01,e47ab48,1701ddb4,0370030e047b6fe8687c204d415241204d61646520696e2055534120f09f87baf09f87b8207c763034fabe6d6d458564812271fe0902462084629e0cda1829dc233abf4da296b6fc0c30b95e55010000000000000013b8dd1c5b000005992bffffffff,1413
000000000000000000018c1b7090dd4faf746f2156215cc0514a2eaf265e5ccb,841258,425282,2117104,919026,844873728,2a3f5b7b34591420c87a727b1bdbbb7d1813b285cc626508eb7215021f5bb5c8,2025-10-14 11:43:17+00:00,2025-10-01,ca298155,1701ddb4,03f2050e082f5669614254432f2cfabe6d6d04f29290a14fdb84e901c0a203d48d80cfbef39c74f551338f8748379d42ae56100000000000000010ba04780591775ce3d28e17c66001000000000000,1894
0000000000000000000056aeaa855a3ce763be855a72eb0d9e22814c74501f69,850516,425066,2125714,917353,613613568,9166d49d5b20131cf0131449ad7e1f25c39edea27a888f99286946ddf1d7245a,2025-10-02 10:28:48+00:00,2025-10-01,26876624,1701ddb4,0369ff0d2cfabe6d6db79a4456ba6c1dbc9a32815d6cb63c0fe9d875b4d20bde9bc44beb39c4c5d5ce10000000f09f909f092f4632506f6f6c2f6c0000000000000000000000000000000000000000000000000000000000000000000000050080820000,1700
000000000000000000012fbc82ce6f5d9713674b138bdff1b1c678c0c91a0afe,790660,447427,2132941,917327,570867712,d15a803b9233f6e18e555029b5ac59243be74184930e01a448c86265cce11208,2025-10-02 04:30:51+00:00,2025-10-01,ce91fb57,1701ddb4,034fff0d2cfabe6d6d9c816ab4372ec3617cc9ff1ab642a77d823b16f0fe4448d5739cd11ec2fcd0a410000000f09f909f092f4632506f6f6c2f67000000000000000000000000000000000000000000000000000000000000000000000005008f080000,1248
00000000000000000001016818287aece209d0bafd94e6cf8f8624a9b8470a47,821762,443301,2151665,919035,543162368,7d2dd3ff6702a7da37f0f2214f11c47bc9413055f91c83fcb35d5ca0664f5941,2025-10-14 12:49:37+00:00,2025-10-01,fce90007,1701ddb4,03fb050e2cfabe6d6db2d05a012cd9b9b3600f47018cd67a761d946ac53290f026b3bcd481440fd80210000000f09f909f092f4632506f6f6c2f670000000000000000000000000000000000000000000000000000000000000000000000050099f60200,1488
00000000000000000001624b34ff7f12874112511c3d0d5d95f9eda912398ef0,861029,430250,2151779,919106,593870848,0431c5a0c54ed39865ffc7424564d64f94bfd8762460b54cbdce0db16573b29a,2025-10-14 23:20:51+00:00,2025-10-01,52c513a,1701ddb4,0342060e04aadaee687c204d415241204d61646520696e2055534120f09f87baf09f87b8207c763034fabe6d6d83317f3e69c8683ae7f93377aa9792a054475919ee00b04cb4a1352bd89daf130100000000000000126d82eb350000000000ffffffff,2003
0000000000000000000142361d858b25f9b83a2ee0420d69a14775adc7c87660,1042963,369928,2152747,918073,537223168,f8988004e4cf56815e4a830fb227b79098e740e7f88fa0b0a6e4e92bd1944960,2025-10-07 18:50:13+00:00,2025-10-01,58a1f035,1701ddb4,0339020e1b2f5669614254432f4d696e6564206279206576657276616c75652f2cfabe6d6d4e96e32b983f3f0dbd3f20b3bae4ed3753a028ae2f07a09d629118bed319e2141000000000000000101180bd0204224c12eabb1a53394b000000000000,1705
000000000000000000014ddab7c5f433ba654a213325e561358848faafcdfce6,854466,436999,2165463,917211,537313280,9564ac03655b2a06df1f50ab02ff6c9e3e382cadf8a231f09569885842031e16,2025-10-01 09:29:11+00:00,2025-10-01,13bc127c,1701fa38,03dbfe0d2cfabe6d6d72c88109ea2ca77f4678162d0e733f331c0a1a6d48fa78a7dd354eecca32328410000000f09f909f092f4632506f6f6c2f6500000000000000000000000000000000000000000000000000000000000000000000000500010cf27b,1615
00000000000000000001a43105ecfafede5c8e6c4851ca84e04796cb5eaf5e8b,808937,480368,2250041,918545,634347520,44f950bcc85df24d0920a425c08951bf0d1c7f822da424485150bb425ab9d116,2025-10-11 08:18:33+00:00,2025-10-01,c2d94dad,1701ddb4,0311040e04dc12ea687c204d415241204d61646520696e2055534120f09f87baf09f87b8207c763034fabe6d6df23d533ab16501d645222738e96b5c459cbc314a85013b91e015fb9dce30ab17010000000000000014497a3f2b002ca20000ffffffff,1624
00000000000000000000d4d86b4df4daa1f27667bd7e53cc75af9a1ff2becd19,904454,449183,2252003,919237,573267968,14eac9aa1bd937d8fbfc6e7917b746b2040558615e6a5daf9a13932a8f9914d1,2025-10-15 20:12:20+00:00,2025-10-01,5d945220,1701ddb4,03c5060e2cfabe6d6d698b730fefc82b8a87c6d2019c892feb247d1f0bde003d5406d9d88ec72886be10000000f09f909f092f4632506f6f6c2f73000000000000000000000000000000000000000000000000000000000000000000000005007b6fb968,1697
00000000000000000001de790ce11f2f112fb5597cc3a191c9ba9a9c89e53b8f,871681,465222,2267347,917166,541016064,a755809a4589bd3e8e819450056f45970f1097aa392e6f2b74a66432b5c9e4e3,2025-10-01 02:48:02+00:00,2025-10-01,b50ce95a,1701fa38,03aefe0d2cfabe6d6d79ad1b5d4f07cd3395ea158c27b5a9533d43255cc13fa98934b52d565a818ea910000000f09f909f092f4632506f6f6c2f65000000000000000000000000000000000000000000000000000000000000000000000005002ca31e00,1437
00000000000000000000fb7043a1b61340771c89cf725df08b448696c233b0c8,1052844,410459,2284221,917578,551329792,e70911467dac48b5edd232164459798ea5642b1c5a10c0a3c3402bf7e4dc447b,2025-10-04 04:27:54+00:00,2025-10-01,d6445e83,1701ddb4,034a000e044ba2e0687c204d415241204d61646520696e2055534120f09f87baf09f87b8207c763034fabe6d6d18f95b982571ff9965cc942882729fa2c5269b76747d60eb35ba32fb052c4d0201000000000000001321315f8500cd670000ffffffff,2053
00000000000000000000da2c40c918f80b8fe7e8f6ea1dfc437544e13f6f19da,998207,430290,2289077,918618,815341568,6f5e264e166388c9780a59bd39560605155e48c198ac7f29de36c20bb9a3e06a,2025-10-11 20:46:59+00:00,2025-10-01,b454ae1e,1701ddb4,035a040e162f5669614254432f4d696e65642062792076616b692f2cfabe6d6d2cc1aac954167105811264e19cd98c45d130d8fb638bd86e50f5864d8f31744f100000000000000010ce82e40cbdbb95253ed60e767744000000000000,2220
00000000000000000000e4e55e7b10e5cebfd33ace7a94ca6a29cbd9587b723a,936633,451958,2292507,917677,611139584,4f3ae919ea232e5b1ad6ffb0b10f26456ebbc3fc3f394a88e330731e85e21b34,2025-10-04 23:05:20+00:00,2025-10-01,bd8bf5c9,1701ddb4,03ad000e082f5669614254432f2cfabe6d6dc665e9a87733cb5ebb2dcc1d41969ea6a5fdb50e894bd94d60d5fc0bc295ac801000000000000000102c07f103c50c1459d88d5a3ed0c4000000000000,1703
00000000000000000000b68483d3a0ca5ecf5d64e1b9287a628bd98e95fdc348,971795,440990,2294765,919118,553746432,0e2b97fac6dbbdaeae5d2f7d5333356666462bf7bcdd423d50629a82bd230abc,2025-10-15 01:19:00+00:00,2025-10-01,83752768,1701ddb4,034e060e0486f6ee687c204d415241204d61646520696e2055534120f09f87baf09f87b8207c763034fabe6d6d4485693fc37f6a831a87391ecf4ac55845a145b70902850215feaa8180dd1e66010000000000000013c0bffc1400000d9c1cffffffff,1978
000000000000000000012f7db9602c6c5680bb2461ed1b47444e94ef25cc0e44,870256,475005,2295271,918974,546955264,87e69c6466fb40fc3756910bf5460112f561d19110e754a175a527ca308770c8,2025-10-14 04:56:16+00:00,2025-10-01,b53f5f8a,1701ddb4,03be050e04e3d7ed687c204d415241204d61646520696e2055534120f09f87baf09f87b8207c763034fabe6d6ddbef608158a85e30bf51a962552f5e9d8e5e67bc26bfdd3632dbe8de0efb0b7a0100000000000000133af72bf30000000000ffffffff,1718
0000000000000000000174857b9bfc2b7c3279fba64b40408f6a5318e714e180,947827,452311,2304760,918686,618471424,deb1b8939cef4b564e44ce91d1f35934ea08550d376fbe66bea5cb8ed05ced0e,2025-10-12 06:33:29+00:00,2025-10-01,1d990668,1701ddb4,039e040e082f5669614254432f2cfabe6d6d615ad507b6e4e031acd218fedddd92ff00d6b196553cf257008c4a3840d1b0a1100000000000000010e5bf4706066e3c5b2bb42c26513e010000000000,2032
000000000000000000010de0bf1994c9305942e56551957178f06f6d66d0655b,1084832,410729,2317019,919240,537337856,359a308be2a47b6de23a27786348a63b89beccc0bfb0c0e462eed869f906a838,2025-10-15 20:43:49+00:00,2025-10-01,867c8553,1701ddb4,03c8060e163c204f4345414e2e58595a203e0f50656e6775696e000713921047ee905f,1258
00000000000000000000dde26de07ea0b095d7de4ff76d05c20bcafa98dda899,941692,467714,2344834,918564,640524288,cf5bc92488365c8baa2f2e8ca1dbcc119283c95b70d3b41b417656935391c135,2025-10-11 12:09:35+00:00,2025-10-01,748f7448,1701ddb4,0324040e04aa48ea687c204d415241204d61646520696e2055534120f09f87baf09f87b8207c763034fabe6d6d2b375d4671ae1553a9be37365684896a3962d970f45b7ab112d70c11b680cc880100000000000000127a77cdf60000000000ffffffff,1608
00000000000000000000b1ba47d9a8da5970e170b1ba506c890f4444ab99392c,999816,453722,2360982,919029,823640064,fca5c6dc3bb5e8b50969e7162ac589babbae4fc6de672d86fd2d7a345829b7cf,2025-10-14 11:55:53+00:00,2025-10-01,1d21e06a,1701ddb4,03f5050e082f5669614254432f2cfabe6d6def03cb67e33b21afd2d65f2eb60606cc944afa9a83e2b2b79477541cb1bb5446100000000000000010b3f8a80648823bbbe2a9378f9002000000000000,1853
000000000000000000000eee6166bfd480fa5369eded151127b5484eb1aebef5,933301,478854,2369863,919298,599859200,86cff9d07db97db0b4999a86be4749fe73a14ea751a42a1f358264c02fee92f5,2025-10-16 06:17:46+00:00,2025-10-01,180cf11b,1701eb21,0302070e343c204f4345414e2e58595a203e0f4162756e64616e74204d696e65732d204d696e6520576865726520596f75204d61747465720007138b0842de9051,2092
00000000000000000001d2c462d4f8c66211bfffe92c1065db0a465c1281d6d7,1003296,461037,2386407,918788,598327296,d06c8b53d1a5d3c7a4995ba4d9a9abae13cb9638413b3472fe5f0110abf56103,2025-10-12 23:40:24+00:00,2025-10-01,64693902,1701ddb4,0304050e04163cec687c204d415241204d61646520696e2055534120f09f87baf09f87b8207c763034fabe6d6d5cda5700d33956df9ad7a1757321ac2c043c193afaeadc69fc11500ff23676f8010000000000000013058a14bc0000000000ffffffff,1728
00000000000000000001bf46fde4a9b0f6e7785f232eec89ca70e8f0331e4bad,1037055,453262,2396841,918028,567107588,2f1252626ba4f0f34222800e4ff3e0c53897edbf643b22c879dbfa8d40ac2853,2025-10-07 10:32:28+00:00,2025-10-01,b1f9349d,1701ddb4,030c020e043cece4682f53424943727970746f2e636f6d20506f6f6c2f2f5ba32be9b4000000000000,2084
0000000000000000000169a3a51d8cb518e69d1a49bc2dc80a707059c6cc3e33,968553,482724,2416725,919307,710443008,6f900c3cee6706366809157e7b221e7f84f46cd164bbe4eb9827a9bfc2db143c,2025-10-16 07:39:59+00:00,2025-10-01,c28b54b8,1701eb21,030b070e1a2f5669614254432f4d696e656420627920786372617a7978322f2cfabe6d6d6dca936961e5b49ffc906a351900a624e15bed4b1f90b256ffeaca1ec9bd8d9610000000000000001008274806f0d2bbc90f648ce98402000000000000,1974
00000000000000000001a2b413161f1c90f7daab468db77cd97483fdb7495de8,955186,489389,2423353,918631,641048576,0079b8844e600132908d4f926df4a211ff2320b30cf0af16a492c88a260c73a9,2025-10-11 22:18:35+00:00,2025-10-01,ab14e5b0,1701ddb4,0367040e04a6d7ea687c204d415241204d61646520696e2055534120f09f87baf09f87b8207c763034fabe6d6d201415a34d3d59ab08473e03093bf512cc3d5fd106813dc86d97f6442098e99b010000000000000013ede511790000000000ffffffff,2413
000000000000000000012c2667341a7060d03a6127120c48977304acc82f23e3,1185073,416832,2435569,917822,604200960,fb28ace51a526f97d2c6f6459d99d3edaa30a5f1b81c05e831fdf6ce93f553bd,2025-10-05 22:10:57+00:00,2025-10-01,ebda3b18,1701ddb4,033e010e04f1ece26800d00bdf7a33770000064744506f6f6c,1595
000000000000000000003990c1674ed4ea05301538da2a2d36341da8269cb178,1085869,454043,2447998,918872,544120832,e16458c942457c2e03ae4ea5b1a511151ce27ea409eafd21ed71fb53896f38ed,2025-10-13 13:23:46+00:00,2025-10-01,5871206d,1701ddb4,0358050e2cfabe6d6dd0ce7ac8748fa9b7fc8c8116d2d882eff6b144029ae3592f095ba086cb78d77010000000f09f909f092f4632506f6f6c2f7300000000000000000000000000000000000000000000000000000000000000000000000500e8c7c400,1638
00000000000000000000f96e594f49360c74c57d8be8abd4267e96e204a53745,854701,532680,2452741,918117,537632768,7836837676722dee432f7be07ff91b336f6507e6bc8fe0858784c55ccbc6b81e,2025-10-08 03:00:44+00:00,2025-10-01,465e1804,1701ddb4,0365020e082f5669614254432f2cfabe6d6db8d609ef95b883fa3a0507b518a07fea7754e1ad30c0b1eb1d7ffb7edecaa7641000000000000000100889bf020627aa2cdd421e5ebc97010000000000,1520
000000000000000000014c871bd95a3db3f83397ddc5d3800f5daf86840ce7ed,1112171,452453,2469530,919101,830930944,dab29f081f8697e4af7c0409ffb99a0755f625633e3df784f4878fe3294647b0,2025-10-14 22:54:33+00:00,2025-10-01,e4ebdc47,1701ddb4,033d060e122f5669614254432f5472757374706f6f6c2f2cfabe6d6d0972f41b60e761c9e891d304a857d743616402bb0842ad2b567d58030081cede1000000000000000103904450625ed0d8d2b105e6b0300000000000000,1525
00000000000000000000563196b30450efa7af15522cfd1a8455ab7b4658e221,965994,502707,2474115,919163,680296448,5de2e302e8c3710ab0554cd3da02a1f275ed3849ef144897cf83072551f8713c,2025-10-15 08:17:29+00:00,2025-10-01,8622cb51,1701ddb4,037b060e192f5669614254432f4d696e656420627920746d70303733372f2cfabe6d6d377be512f714a1b68d4f9afd31fc84dbbf1ec75976842f308a95d40f4afb3fe6100000000000000010550e7507fbd0c11b814c87120bd3000000000000,1968
000000000000000000005aa8599c0ec7b34fb4a3fd1e1797acbee0d01b08a828,995623,494643,2479552,918809,669966336,e320a7f6b7c60f7eeaf3cd6db862394f83d02d0095965c1d28b1f61a1cabdc76,2025-10-13 04:20:11+00:00,2025-10-01,ae6fe020,1701ddb4,0319050e1a2f5669614254432f4d696e65642062792076696e6469676f322f2cfabe6d6d7dc321e7c70bbec64b9a5c3b8bf4fdba5fb5dde06d4af00a19eae3543c10ead2100000000000000010cdd6ec03c73ea2be828f74c07c39000000000000,2428
00000000000000000000a3ca663774fe1aba297ffee41a6148674dabb6e13634,1007531,497117,2498882,919252,631701504,07a946daa06f1f1b9f9c0e0699163c0a1b08d26e0b23fd8e51b316c977fb7a22,2025-10-15 23:06:14+00:00,2025-10-01,783aab30,1701ddb4,03d4060e1a2f5669614254432f4d696e6564206279206e616e6f6e756c6c2f2cfabe6d6d4d82d32375670ba5bd82b176edbf1039f064b7589a06dd3e903defd272fe81641000000000000000104055900a0fff5eb3cc8495c587c50000,1856
00000000000000000000b84d23106b36b230e94154787eb5d4e14161a979faac,1180212,457922,2553978,918526,632872960,94178117e1a03f6e7922565fe3c167ce30203afc3fe9675713fbfc532a9edaad,2025-10-11 06:08:48+00:00,2025-10-01,768ccb50,1701ddb4,03fe030e0462f4e9687c204d415241204d61646520696e2055534120f09f87baf09f87b8207c763034fabe6d6dc49e1718a2a19bd03da6a8876869a85207c4bd012ef7167661f130b8a15d39f7010000000000000012c18461e70000000000ffffffff,3170
00000000000000000001c514fd199981853cbe7412ef75c92dcc44fafd089689,1054949,499898,2554643,917156,560898048,ba1b50ed728247c5a2ec19225542b64b1774fecd2af7f4ee960ddb1c06ccceea,2025-10-01 00:49:31+00:00,2025-10-01,a5651f95,1701fa38,03a4fe0d182f5669614254432f4d696e6564206279206174313732352f2cfabe6d6d08d582858f9a7cde138daeaafb39b957c9298466a56fa5b92dddb2b3a0e273ee1000000000000000100aa4f303dc8878579a796581a6e3000000000000,1873
00000000000000000001b65bb76b84d18a1ef04f5f17041cd21a68bf41993e28,1160816,480792,2603192,917372,542523392,c8ae22d72d851a78542b6ec89ff345d74e8322ab43fd2263493f9a8219f9d3ec,2025-10-02 12:21:55+00:00,2025-10-01,a97bea89,1701ddb4,037cff0d04356ede687c204d415241204d61646520696e2055534120f09f87baf09f87b8207c763034fabe6d6d11baf5fadb11270a1b82be9fa8d009efec444b639990d8e6da270e4a58aa0c36010000000000000012df1080b10000000000ffffffff,1939
00000000000000000001aef4ab356e96b6dd453de8ffa865d5f78b9feb87fd98,1042819,520195,2603404,919132,536887296,5fc8c179deba328f69c0af298adf4d4ab5bbdf418b557ec2fcdde7d9907ffab3,2025-10-15 03:59:29+00:00,2025-10-01,eccf1976,1701ddb4,035c060e172f5669614254432f4d696e656420627920663278706d2f2cfabe6d6d6e0bc61ea4772f46cb7d828b98027e56dad6fa84063a0930546afdec513edb0c100000000000000010b209400676322a1f5138804f16a8790000000000,2263
0000000000000000000180ff577fcda7c40e155ff08865af24406f16230a1d1b,1038475,534614,2642317,917806,1009983488,a6ee1416d9ef0a5cc13286b84f07ddab2c109b3767d76ae2187799e6c37dbc07,2025-10-05 19:51:15+00:00,2025-10-01,f7de51fe,1701ddb4,032e010e1a2f5669614254432f4d696e6564206279207a617074656b32352f2cfabe6d6d0a5954766839c85724de7623d1515bfb88dc648557e5ba1d34a31c54fc620beb10000000000000001048fdb0044dc6f155b418c8e30500000000000000,2107
00000000000000000001b9eaf99058d93e08e2930a01765f2a04b2143906d503,1102434,513414,2642676,919169,537206784,43bba9e788a14a34201c48a4ceb9963e410298fb9d4daa18a310067204af6edc,2025-10-15 09:07:06+00:00,2025-10-01,d7813e44,1701ddb4,0381060e2cfabe6d6d42845550ee65a08f91cdcd5f3c0ce60fe259dbb06036cfe1e6fda11452993f5310000000f09f909f092f4632506f6f6c2f7300000000000000000000000000000000000000000000000000000000000000000000000500da246b01,2249
000000000000000000016699f1239981d661ba910688f747fd26eed63037c660,980485,556995,2651470,919047,680230912,58aa00af5cbd35dccecda0b8b61cb4dde237b045116dbd8fb8517665a1039e0f,2025-10-14 14:47:20+00:00,2025-10-01,173f102f,1701ddb4,0307060e1a2f5669614254432f4d696e656420627920706179616d7432312f2cfabe6d6d752510b9919bd4fadc020e5a0914bf82ec1b0bbb0ea2eca890ac7e1bbebd5a77100000000000000010c1fbe705a754f26acb8e2485d191000000000000,1911
00000000000000000000b93a319d33313fe99eac50b7570bd5b26258cdccfa44,1039794,537535,2652399,918811,551550976,8746158f1c6070cecd2377f243687e2cc0005c7dbac8e6a80bdad2b7816d6899,2025-10-13 04:38:43+00:00,2025-10-01,df471c8b,1701ddb4,031b050e1e3c204f4345414e2e58595a203e0f4a75737420466f72204b727970746f0007159210428e905a0ec3fab00cf1ba248a4f0000000000,1993
0000000000000000000028ae7e30d11932390230461a080bba8aefbcd3f313b8,1096940,532529,2694527,917186,537927680,5015112e9b745722273e728acef65b1f15e148c7eb4ded9426d4cddbe4bae77a,2025-10-01 06:11:50+00:00,2025-10-01,3a28098c,1701fa38,03c2fe0d2cfabe6d6d9037bcf8628dc2c763d7b376937bb11f52b6be89c86f2e070e9ab7fe725360c010000000f09f909f092f4632506f6f6c2f6400000000000000000000000000000000000000000000000000000000000000000000000500aa7a91f6,1915
00000000000000000000cc93f9a6a8aa72a74b3b6074925829524257b7d3a832,941242,589878,2710876,918540,656531456,10c1a9242dd9854b63239b7adc379ccc7f334cf16c04e4b295ac70df0998af0f,2025-10-11 07:45:50+00:00,2025-10-01,f6ec1910,1701ddb4,030c040e2cfabe6d6db897c8d5a39c42be2387e14cad35623889d140b7562be1669f4840595b358c2110000000f09f909f092f4632506f6f6c2f6c00000000000000000000000000000000000000000000000000000000000000000000000500724d5e00,1439
00000000000000000000b64157704b84dbbda1e62a560a837704b5a1b6895a02,1078653,545312,2714589,918842,616136704,2ed7ece58c563c79a12914d903dca2221c1ff9284b611110348b9eb721c757bf,2025-10-13 09:28:19+00:00,2025-10-01,963ab421,1701ddb4,033a050e172f5669614254432f4d696e656420627920696e766e382f2cfabe6d6d323dae2d67816a5db837ab8308a294635d0d331c5c90743fcf6dbb9b2ed2edd41000000000000000101adc0c07ee0f8e41c48f69140fa6000000000000,1850
000000000000000000011711d3e80d9d814b30fecf9881caf4d014bff3d9039f,1044081,558189,2718648,919189,791150592,d43bbf77011fc000ef74bf1d0b72069a682a5d1e0c9b278800fe953b4a4dcb23,2025-10-15 11:19:04+00:00,2025-10-01,babd48fa,1701ddb4,0395060e082f5669614254432f2cfabe6d6dab9f233aac1ae46c88ae252305b72ee7b15e35413bb38f675afc95bc33a908ed1000000000000000104148ee038325faf65a816f730c00000000000000,2610
00000000000000000001b7253982c656b5a3b5fe767ef051e741265d11e5290c,1094349,545221,2730012,918857,947961856,9f6aa1bd4f89b1efb25ffe94516c11db48893c3101195dc7774727e187c2f6f2,2025-10-13 11:51:24+00:00,2025-10-01,ef5c3f8c,1701ddb4,0349050e2cfabe6d6dbb508c37b82fc8e2078e68065c6eb84e10aa9e50dadfa541d94e67551314c22310000000f09f909f092f4632506f6f6c2f64000000000000000000000000000000000000000000000000000000000000000000000005002b4e4400,2361
000000000000000000000d443304c6e89b4b0f68eddeee398dd9ffef37fa1ba3,1102777,546058,2740951,917214,666189824,2de86c4727cff3d109b74a089fef95383b81376af9807d11e15c6cb86e73aba7,2025-10-01 09:57:05+00:00,2025-10-01,ec168210,1701fa38,03defe0d04f2fadc6800d00a6f9acdf70000064744506f6f6c,2818
00000000000000000001442708830c49f0cdc07724976f4f6538367e4e958a96,1128570,540251,2749323,917687,710901760,0af6a5b45624100dcd774151636baa3266edf5035e65567f459905472a8c157d,2025-10-04 23:59:34+00:00,2025-10-01,da813d71,1701ddb4,03b7000e082f5669614254432f2cfabe6d6d6808e3b2fa71c07a13d25d496624b5c03ff73b8f171e25715f6103e48177b37110000000000000001043089b01414efea22e947c3a7239010000000000,2561
00000000000000000000081642769f7e9530592d8e2db05fb8dd1fb9ccaebb12,1085893,560852,2768449,918818,812982272,ceb76afbd3542992d13666b0c536b88060db1fb38cca186ce0ca6ba77d2dcc52,2025-10-13 05:34:30+00:00,2025-10-01,86c8c928,1701ddb4,0322050e1a2f5669614254432f4d696e65642062792074616e6b626f78332f2cfabe6d6d98f500448513b1977ae81e612445e1819409e6a79ce03c0d64efed262e843f19100000000000000010ef0eef0378787eb6d40e36570e2b010000000000,2170
00000000000000000001c184f73f67c84504c3931ddc1d6362e8d98b44dd6766,1106008,570525,2817583,918105,774479872,873e725457fc53459da55afff300df56661d8b9c980d543946ba4a65829d0ca5,2025-10-08 00:57:39+00:00,2025-10-01,44232c0f,1701ddb4,0359020e122f5669614254432f5472757374706f6f6c2f2cfabe6d6d536a232747e76fefee388e35fe58077aafe1c126a43fc9b13a44b69b443459f410000000000000001012550d072eded2c11386106d0300000000000000,2596
00000000000000000000fa952259aea8f4ea05c1d834393f8908c24a24581088,1158973,564109,2851300,918751,576274432,40b993a8440cc47200d6f307de9ce17454bd6f25854a83f96e79ab1ae1fb3781,2025-10-12 17:01:29+00:00,2025-10-01,237fda4b,1701ddb4,03df040e2cfabe6d6d9ce69f3c90fe6c192757cee86b20213a616564e62b25e23d9f5fadffd77f8e4e10000000f09f909f092f4632506f6f6c2f660000000000000000000000000000000000000000000000000000000000000000000000050038000000,2119
0000000000000000000149803d35706ed11a63faecf7eef34b6d95d2dc106e0b,1080182,592714,2858324,917447,857030656,fce3ece907de963f6b211c0fd9e110ae8307f30cf11d3636f58590bbbd2a2c47,2025-10-03 02:06:27+00:00,2025-10-01,f6f670c8,1701ddb4,03c7ff0d082f5669614254432f2cfabe6d6df7d9995e3fc0a30e30cf77798e8f43670d2b7f7cc39e16929312ce107ae002d5100000000000000010120922035232f54d94a76905c874000000000000,2137
00000000000000000001b07731484f82f096451bc3c488fface3810e93b35d05,1153814,584834,2908316,919236,652550144,9a5d8fd2b2f2797639549a2c41e9bdddf727aa0725e791a6c69d0ccc012e2bb9,2025-10-15 20:05:38+00:00,2025-10-01,c7bb976c,1701ddb4,03c4060e0492feef687c204d415241204d61646520696e2055534120f09f87baf09f87b8207c763034fabe6d6d22a0bfa63c26dd3a5ccdbfe414a4c6dafcc78d5bdde4e9ec6a991a97c2d2c7dd010000000000000013ff7d30c20000000000ffffffff,2666
000000000000000000014477b3fbf1e2c7a1a9d04b4bdc7a1a4b814ecc5b42e6,1197192,573924,2918964,918273,564002816,c8b8cf5dc3bbcf3c9553a2c43cd5aa4e8b950f3a96dc097e0eb4200ea8287647,2025-10-09 06:59:53+00:00,2025-10-01,abeeb65,1701ddb4,0301030e2cfabe6d6d19031875b0f5f6fe38e09ee98c2abc91d79947cd0fda29fbfe911b21e1e4204b10000000f09f909f092f4632506f6f6c2f6c000000000000000000000000000000000000000000000000000000000000000000000005007dbb0000,1980
00000000000000000001b834011eb22ea58a0447715dc81fa0294577f96373da,1062083,619716,2921231,917464,639893504,b783f80c68df9a8efa6ce85319aae93b9580cfe0bde13ffe9608a06e6e7d278f,2025-10-03 05:43:38+00:00,2025-10-01,b6daca3d,1701ddb4,03d8ff0d2cfabe6d6dacaf1481ce79d3df2ceb9d278db56b68bd7f4d3dac6539a16495e311f0358b7410000000f09f909f092f4632506f6f6c2f660000000000000000000000000000000000000000000000000000000000000000000000050000000300,1752
0000000000000000000169166068a0f016c9c6066cb2dc208082a2dc235cf1f6,1128439,602412,2935675,917711,570097664,c9e664f8e5d54839539f044a65bd4877f18922458be4e8a58c15192752456c54,2025-10-05 04:06:46+00:00,2025-10-01,70d8dd0d,1701ddb4,03cf000e04a4eee1687c204d415241204d61646520696e2055534120f09f87baf09f87b8207c763034fabe6d6d69ad867ad5ef8de66e3e69394bf87e188c7f84f6ec42ccc84c9bb228e88896c8010000000000000013ce2d1b6e0000000000ffffffff,1737
000000000000000000019a8cf5981e8369cb575cd04f1c3a6d0a80cb0b00c1ab,1371030,523514,2941572,917442,808370176,f0791f5226dd9d7898154862be6d9e330bf30019b56fc82b4e012f3f927ba708,2025-10-03 01:00:58+00:00,2025-10-01,6df1a16e,1701ddb4,03c2ff0d1b2f5669614254432f4d696e656420627920786d696e696e6775692f2cfabe6d6d5504e271493023556b6f0dc2ce436d530b77c6c5017aa274904ae16ae19b21a6100000000000000010a2d63601ff8101a23e9dd3af7300000000000000,1632
0000000000000000000182f10b3cfeff54267b648a5820a033b2e1e65a41fe5f,1182367,597214,2974009,918419,661667840,abeebf25e244f64d6d305ebf63bf382c19d2017a8850f293a4fb1dcbfd1c7254,2025-10-10 08:12:52+00:00,2025-10-01,e11ac47e,1701ddb4,0393030e2cfabe6d6dfcb3692b20431b30ff70749ae8b0f5e4947406c12ebac665cea5ef668c96ee7e10000000f09f909f092f4632506f6f6c2f6600000000000000000000000000000000000000000000000000000000000000000000000500c7b20000,2736
0000000000000000000133019b19487f0bd88952eaa4c40b60a56287d1ebfc82,1280485,565944,2978317,918729,760709120,0b90ad138f0bce4184f16020f1ca32c4e248dde11560ef3444c90bf363eb0073,2025-10-12 12:01:01+00:00,2025-10-01,c3c22472,1701ddb4,03c9040e2cfabe6d6dfefce222fa962dabeb8574308afde192e83d4913338bd1da2f457567988bbcc610000000f09f909f092f4632506f6f6c2f73000000000000000000000000000000000000000000000000000000000000000000000005001fd6f381,2267
0000000000000000000073e82bd2286ede5456295ed57b08919c40094ca7ed02,1231957,584764,2986249,918796,537878528,c6f3d6ee6d330d3f0b5d2c08f5e380857e0c47b6c89924abe2d469b809c4248d,2025-10-13 01:49:46+00:00,2025-10-01,8ec2aa9a,1701ddb4,030c050e082f5669614254432f2cfabe6d6dbade1f0d104511ebb7daf008191ae90c2b15999563086ac7d1f156321f7c7c86100000000000000010fedf1d0573bb1be82f197a151ccc010000000000,2661
000000000000000000008957d7ad7f92f6b298f05b63800b0bc5972c4492cea4,1222174,612225,3058849,919173,593395712,dc0b184ed626653d510d2e6c7c09139e1913669c929e56f9c865e7aa8b3585f5,2025-10-15 09:41:12+00:00,2025-10-01,d6fffc6d,1701ddb4,0385060e04386cef6800d01035d14b250100064744506f6f6c,3104
0000000000000000000087a74112716d4bdbf2cfc980a6006dff877326023a45,1392685,558708,3068809,918587,681353216,2ee169ad969d74957525f6848f3f06fcac7fdc41e13f38e0c9c1587c9ddb37ec,2025-10-11 15:42:23+00:00,2025-10-01,def67d19,1701ddb4,033b040e182f5669614254432f4d696e656420627920696e766e31312f2cfabe6d6d10c8cd8f59ea829b9ba7df78169aa6bf035f996b68bac73ec102a869c0d5960610000000000000001011b0a5060de86dd8d395373a084e000000000000,1129
00000000000000000001b6aa03b6f5fbc418eef785f82df34fd397d6eaa05ddd,1159446,641852,3085002,917857,700866560,05b6273a20b8bd691f87fb9bf5f8724c10229590f6954e7ced8122c34529230a,2025-10-06 03:48:13+00:00,2025-10-01,e9158a02,1701ddb4,0361010e2cfabe6d6d704f41aec6cf582936a09c946fa0b66a2ef1f25fbc3eefea6aa3bebde5ad435b10000000f09f909f092f4632506f6f6c2f6200000000000000000000000000000000000000000000000000000000000000000000000500c1030000,1899
00000000000000000001c6881744724be3e6460e6aa043d35d0b731da265848a,1275649,605525,3092224,917738,650272768,86e7ac09a41aa5322f3f5da138c566b1dccac61130008471532c5341a5e409e9,2025-10-05 09:03:20+00:00,2025-10-01,fa1c1571,1701ddb4,03ea000e082f5669614254432f2cfabe6d6de8e36287f9c9a0bffaeab901e264e6d933e7c6afe4e5ab4920e4f4f7f9b2d532100000000000000010ea116e00c5a037d59eb4a235a5c3000000000000,2399
000000000000000000008e81502383df478e727235b1c45e62ff64002ca5fa54,1305233,601415,3109478,918539,710279168,d83d2ff2742762c063a82f2bca6e7899f9e2558e4be4d2d5a9edd3c2dff12ea4,2025-10-11 07:39:17+00:00,2025-10-01,2a9e6539,1701ddb4,030b040e163c204f4345414e2e58595a203e0f50656e6775696e000713921047ee905f,1989
00000000000000000000413105231b79d28118dd348be226eab30d34390d2bfc,1242507,624751,3116760,917592,579821568,c9684b07e64d25d18539cd6a22188b328a8de734c1883540ef9143ec38483556,2025-10-04 06:30:53+00:00,2025-10-01,98fe994f,1701ddb4,0358000e082f5669614254432f2cfabe6d6d40e2dab0433a03e97a37995e4b88e7b5f3bb7fa8caaa552e031ce99b1f76b8b8100000000000000010ddf5b2040eff99aacfd67559d801010000000000,2100
00000000000000000000ac8ca3aea6038129397a54971d523c75707be8cbba5f,1171830,649024,3118902,917507,579346432,a4ce35132cab0c396d5df4911d322b8343b3fb3cddb075c628524699f113d846,2025-10-03 13:17:12+00:00,2025-10-01,b3c8809,1701ddb4,0303000e1c2f5669614254432f4d696e656420627920786d696e696e6762726b2f2cfabe6d6dbbccf49e1071a79347115acff756deb34a39dffca958e75fad00cf13fa87e97510000000000000001090e3eb0335d91bf217679ca75d00000000000000,1314
000000000000000000005ac40e0340ec484bcf1df309a035dd790baa49557c3c,1331612,628025,3215687,918563,588619776,7cc9b8305708dac671eefa08fc41fec582f9c0ffb1ad303b0da9ba3b34457a4c,2025-10-11 12:00:46+00:00,2025-10-01,bef6611,1701ddb4,0323040e04ee46ea687c204d415241204d61646520696e2055534120f09f87baf09f87b8207c763034fabe6d6d8a9cbf2ef5f731fe778d3f4ff43d8ce01d3aa496fe655099a6652601bd047fe9010000000000000013fcbd47e200c0050100ffffffff,2663
0000000000000000000033414696be950ca302bfaa26be1fbb46ca33ca08a65c,1339807,625426,3216085,918577,537395204,aa0f19e7c3e41132452b28a00ffc11c71a9c3055ac133cda42e7ae2028271647,2025-10-11 14:02:42+00:00,2025-10-01,1384c89d,1701ddb4,0331040e048263ea682f53424943727970746f2e636f6d20506f6f6c2f35652bff3e18010000000000,1983
0000000000000000000072dc8db36dec0596b4443179b15816ad29d6589c50ef,1416349,615020,3261409,918918,789225472,95734f26c54d9c74acebce9262f896854159081f458aa858e0a9479f565dbf7f,2025-10-13 20:45:44+00:00,2025-10-01,cfe14072,1701ddb4,0386050e2cfabe6d6db3416b9a596dbd03ed805271ff858fea396c5d42f81d56a159f4f5fb3fbc959a10000000f09f909f092f4632506f6f6c2f6500000000000000000000000000000000000000000000000000000000000000000000000500e8665200,2449
0000000000000000000114d19443df128ba27dbb46b778d2ad5736037d5ab1b1,1347865,644182,3280411,919247,741244928,eefc2feefbd58c157112a0db61fd9c15e7a2012172ddb4950831805000120385,2025-10-15 22:23:01+00:00,2025-10-01,d1ad020f,1701ddb4,03cf060e2cfabe6d6dd692a31630469bc610d432c14bc5830ae4a7e585a77ce95730e80d2ae87f640110000000f09f909f092f4632506f6f6c2f6400000000000000000000000000000000000000000000000000000000000000000000000500ace1a8c3,3131
000000000000000000014b6eb426ad3006c707dd21f450df59895764ae451377,1417801,621439,3282118,919210,879951872,85611775658c82c4b0067d0b4e3a39fd285e1edac34cc1a81c22bab127a81551,2025-10-15 15:38:28+00:00,2025-10-01,835b6179,1701ddb4,03aa060e1b2f5669614254432f4d696e656420627920776d74656b656c69312f2cfabe6d6dbf313164ac8604a67922b039b32db9d297e28ac1b31a0e625baf016ed090d31d100000000000000010bcfcb60493dbb523667ebac88038000000000000,3052
00000000000000000000359cdaac200dbd13f7989a3d6982789258c89dac9c4e,1317235,665006,3312253,919004,673103876,7f138c2fe8103a9d01f8b0c2024fe19e3950608a07fb3223f93908cf3c0454e7,2025-10-14 09:11:26+00:00,2025-10-01,3973348e,1701ddb4,03dc050e04bf13ee682f53424943727970746f2e636f6d20506f6f6c2f0699e7b8cd13ee68ba1c0100,2796
00000000000000000001391686bffc63b167bbd2615f0da1dbf912e7742f6898,1338445,686266,3397243,917160,783466496,5bfc5a2254d09f5a2ba39cc44f640b944019cba4e572115d7213d8bdad1686b4,2025-10-01 01:43:17+00:00,2025-10-01,27cec178,1701fa38,03a8fe0d082f5669614254432f2cfabe6d6dcf8a4f7ef96ff2d0f85c79c5f1dd104d48fa86b4a0698370c8d3d1cf2f22a460100000000000000010f7a4ec03c73ea2be8213fa171005000000000000,2430
00000000000000000001b63786bde071140ad247a0e954d072870039f987bc12,1390094,674253,3412853,918159,579919872,ce2a222cd87789cc8aaf860182197b0e5a174cd77b6014a40bebe7f6e40dafff,2025-10-08 09:11:43+00:00,2025-10-01,9983d55b,1701ddb4,038f020e2cfabe6d6ddabefd435b109d093b840de3ecb1054bd84a3cae53dc5358946de5f568475aa910000000f09f909f0c2f6632706f6f6c2e6b7a2f6300000000000000000000000000000000000000000000000000000000000000000500efc70000,3528
000000000000000000016662bd3906a2f8c2930e72b323150d326ee5e4757385,1411011,674194,3433593,917842,553852928,0205205767ee0685e5ea0e71813688239fcef61d53e6b1bde6adb7ed4df40669,2025-10-06 00:39:20+00:00,2025-10-01,559cdc6c,1701ddb4,0352010e082f5669614254432f2cfabe6d6dbd267f26e2e2846f01e3f19da7af59b4273ffb0f325cc1f135f8e7b3ad653d4a100000000000000010bb223101e9ac1cf25c855df00a00000000000000,2417
00000000000000000000f2a25ef88015eb750099b1df796d9e756f82d1a9801d,1407746,681154,3451208,918211,540835840,6c4f97030683e1075c6fca92972648fa9a9e9c93670a3d136ca5e331f567bbe0,2025-10-08 16:36:17+00:00,2025-10-01,a86b883a,1701ddb4,03c3020e082f5669614254432f2cfabe6d6d95b0643366fecd8430be96535feb252caf337d4d3a76ef441bd5b59d03164083100000000000000010624a1405d92796be5e124375c100000000000000,2432
00000000000000000001d0dbad161ace6c946303999f45d95664a4c569503fae,1503158,658884,3479810,917737,681353216,588b3bb6a38cc535898032009fc06c3810809f72af83038dfea0da8682320c58,2025-10-05 08:53:52+00:00,2025-10-01,e934630e,1701ddb4,03e9000e2cfabe6d6da9f6b6971f8dca6e02cb0abf64d9ba642d75343d33fc3955e9c456214f118aae10000000f09f909f092f4632506f6f6c2f73000000000000000000000000000000000000000000000000000000000000000000000005005890aa68,3049
0000000000000000000097c84559fa2d80c76af3ca3a8b256b3e737952d55950,1484281,677836,3517789,918053,537460736,3f35ea72ee02f46f6b0261345f294c1751a8f127da82578329132e6af6c37b61,2025-10-07 15:05:03+00:00,2025-10-01,b7b3cf64,1701ddb4,0325020e496e6e6f706f6c69732e7465636812094457f04a0000,4204
0000000000000000000029b35fda4b2ede953ee513fa731743c6eeb1cdca58b0,1484549,678206,3519167,918839,537747456,30a2a9f29de2284c0a9b6bbe54e323d98e2c66c21800d8fdde82d5a57c50b28d,2025-10-13 09:13:17+00:00,2025-10-01,859d4c59,1701ddb4,0337050e1c2f5669614254432f4d696e6564206279206974616c6f626c6f636b2f2cfabe6d6d8da1838eafda0aaa635c39593176afcf2d9c2d9dd54211df8c8df22eb2775e00100000000000000010a512ec03ba95ff33cd768a315533010000000000,3136
000000000000000000006c1415d18fd35dd5ead2baefc0a3d4fa33c0699647f8,1374229,717985,3528184,917583,537542656,d8072dd067006083488d473cae7a1d594d241abf314e9ac031fae90b4c5fa55e,2025-10-04 05:27:07+00:00,2025-10-01,627cf755,1701ddb4,034f000e2cfabe6d6d915198402ed6f2983419ad161508ceefc30a88dae8697724f4a8937b155ff54010000000f09f909f092f4632506f6f6c2f6200000000000000000000000000000000000000000000000000000000000000000000000500bd8b0100,2472
000000000000000000001b30cfb52e24c8ad6fbdfa8a1022ffd57725d73a4030,1401647,722334,3568649,918299,746242048,9e09f74406f9dc5f3ed0ea23b60a27b2527a70134a0608848ce1c19cba3136da,2025-10-09 11:22:18+00:00,2025-10-01,c2c1855e,1701ddb4,031b030e1c3c204f4345414e2e58595a203e0f496e66696e6974792048617368000712921042ee90580e2985b04cf0507e02000000000000,3191
000000000000000000011820f53505cb9f00b2b70dda4dfb0623b72c7f3fb69d,1529831,680434,3571133,918149,741621760,fce56cf93684ec3880e6bdfe4cb69b57d353f1992fcefbf717fbd3725d6f50fa,2025-10-08 08:00:48+00:00,2025-10-01,905a37c,1701ddb4,0385020e2cfabe6d6dd129c13d3b28a7069685966cbe730684b0ae74f9dbb5719f7751f07201a8b90710000000f09f909f092f4632506f6f6c2f6c000000000000000000000000000000000000000000000000000000000000000000000005006f342e91,2909
000000000000000000019daf1ace373b396383535d4c5bee8a91b82a1df84aa5,1510997,704386,3624155,917804,625524736,42406eaad6fd92059eb89933901a14c8210f823a3c19f98a8d79b7fdf4f9324b,2025-10-05 19:34:47+00:00,2025-10-01,33442796,1701ddb4,032c010e2cfabe6d6d5438924a425923343097a6d8900111bbfba7eb51e609f509b9c3cfbbdb4c373210000000f09f909f092f4632506f6f6c2f6400000000000000000000000000000000000000000000000000000000000000000000000500aeb11200,3380
00000000000000000000922014fec342d45d790c97a4bf9ea9e45e350a9982e7,1503296,709522,3631862,918199,915382272,f2896ee2bf43fd94557b52cc04942954058a468e428948b5e8dbbae27c7c419e,2025-10-08 14:58:16+00:00,2025-10-01,b8870c14,1701ddb4,03b7020e172f5669614254432f4d696e656420627920616c6761312f2cfabe6d6dc59b6b8ea6eff3fad181a352c15709d3e440922ec784e0666d277312de2595c2100000000000000010176e16052f5adfbefcfa670e2100000000000000,2730
00000000000000000000306b96e3b31d22cfa53534f0832b3813ac0a701b0454,1493111,714998,3638105,917505,748945408,d2f3a609bdf14faf22acdfa8f169cffb2803c62f4866f904a9b7b6280814db6e,2025-10-03 12:58:21+00:00,2025-10-01,bc50b2d7,1701ddb4,0301000e046ec8df6800d00b4e198aac0000064744506f6f6c,2365
000000000000000000011294ef5e1a4dd707a58a5703d4d2a0595c878eb6a82f,1315562,774804,3639974,917321,680173568,410d806a02d7dd1e7c28fa53441bd5ec377775716987cb716ce611f4c76ea7d8,2025-10-02 03:01:48+00:00,2025-10-01,6fce80de,1701ddb4,0349ff0d2cfabe6d6d1b059ddfaeffcda4e54c03443bbc7e67184dd201bb5d6dde5065bbf0b22dd7e410000000f09f909f092f4632506f6f6c2f6b000000000000000000000000000000000000000000000000000000000000000000000005007a000000,1986
00000000000000000001bd11d41b90deb9fff5f574c07278cabdafac7dfd24a8,1617423,682450,3664773,919199,608690176,1cfeabd1935bdccef0c0c44ab19644b1d62d916eab9c0f682743308e1a9dff5c,2025-10-15 13:20:22+00:00,2025-10-01,96235d6d,1701ddb4,039f060e04979fef687c204d415241204d61646520696e2055534120f09f87baf09f87b8207c763034fabe6d6ddeab92ad7d7a82ed4a03009ceba9335436a3a049d31e648df386a62b874658430100000000000000132012afa9002df40000ffffffff,2968
0000000000000000000119b9d7de731ad5cd7ee06ad9cbacc4d7d7ddc97d4f77,1588665,698585,3684420,918194,539131904,832b013567e05e56cb497deb9e6e946f6baed694b677c87d81eabd078d996703,2025-10-08 14:08:45+00:00,2025-10-01,ea255963,1701ddb4,03b2020e042570e6687c204d415241204d61646520696e2055534120f09f87baf09f87b8207c763034fabe6d6d6df4f791b1f4ae3f211ccd67007c6984cfbe1dcfe3b3776588dad8c975e73a7c01000000000000001225eb0b090000000000ffffffff,2999
00000000000000000001300036742deff8ed881d0fc046c6ce574f9102902609,1445258,748109,3689585,918438,574062592,e902af4867833c0d6a7dd7c848687fb75629f00a306977da7c4373814f1fa6b8,2025-10-10 11:38:12+00:00,2025-10-01,9c5c8541,1701ddb4,03a6030e2cfabe6d6d94f91ed6b63512230442a323f080edd851ce195a99671bd9b0bf8b75e258991b10000000f09f909f092f4632506f6f6c2f6200000000000000000000000000000000000000000000000000000000000000000000000500fff80000,2885
000000000000000000000cabaa6898d37c8390cee5d6fc53a4194cc9edfefb26,1610817,704400,3724017,917301,566099968,20e138be2783d75fe1972cc2b46e41941eb7463de72b9ad941003237addd80a0,2025-10-02 00:07:29+00:00,2025-10-01,81498b41,1701ddb4,0335ff0d0441c2dd6800d00a1d1a44200000064744506f6f6c,2856
00000000000000000001c3df918331264347cb0a4e19e2ab4f3c14b74abed1fa,1841474,633321,3741437,918868,690470912,9b508d3a4561ebf6af40e79f9ed147a070c2af0d32c2b1f3129b93951d004fd5,2025-10-13 13:08:58+00:00,2025-10-01,d3242872,1701ddb4,0354050e1c2f5669614254432f4d696e656420627920667265656d696e6436342f2cfabe6d6dfa4b44c38879ab2271399b74feccea64d5de6ae6b8af25269c7f4c5385e08946100000000000000010f2df7905d28062c28d629bfa8000000000000000,1907
0000000000000000000133a5cd4eb1a4ecd30b78afba1fc9f1aa0619394116d8,1521451,746893,3762130,919049,565305344,18ab493fa5bac97e61073f131ebffa78807be8a07accccb3ea8bd4dd132cd0b5,2025-10-14 15:07:39+00:00,2025-10-01,1c9a1803,1701ddb4,0309060e04f266ee687c204d415241204d61646520696e2055534120f09f87baf09f87b8207c763034fabe6d6d108069234cdc08f82f0570e13790cd988c3ada6565642d884656d617617900120100000000000000132c0c03900000000000ffffffff,3310
00000000000000000001dd8143e627e55666eb11740e395d78edf904989f2ed0,1569791,735744,3777023,918403,747290624,369d54aab241a0dfd64757389c59d1ceb1dafb95604471482f042d3c0d41a86e,2025-10-10 05:52:13+00:00,2025-10-01,d65f57c,1701ddb4,0383030e2cfabe6d6d52a04730b42db77d2a997ff7a767463ae21bec563b28718afea17ddc6c95e01910000000f09f909f092f4632506f6f6c2f7300000000000000000000000000000000000000000000000000000000000000000000000500ca2b9501,2932
00000000000000000001af830f742699cec7dbd41927126374e05c3c0ba1e7b1,1525185,765041,3820308,917371,559775744,c866cab9c5733a210f970093a4989af0da0af35a84081819193955dbdad2b1c8,2025-10-02 12:14:00+00:00,2025-10-01,67df107a,1701ddb4,037bff0d1b2f5669614254432f4d696e6564206279207669616274636f6c642f2cfabe6d6d43a64e267072c6e440809b722ec19b7b59f9675ffe6c8f76e9f6b9526120c83c10000000000000001083c9dd051c5ce9823fe6993360d1ff7e00000000,3262
000000000000000000009c0fb3e9a95a264656f72e1451c145afc82e84382a8c,1885584,645513,3822123,918652,559964164,535a76da019257f0649f7310281b9dbe843e8a5c11fadb60f0b32592256e009d,2025-10-12 01:01:08+00:00,2025-10-01,57631534,1701ddb4,037c040e04d4fdea682f53424943727970746f2e636f6d20506f6f6c2f08ee7ba40a8ed46a1a000000,1197
00000000000000000000a52952a001b166116308e871ab046f3a13f4094ee2f0,1571549,762164,3858041,917345,884482048,1e477254d964a85e4a04512b730cd7809d03b13e6c239e58fd5ac08865d9a6bc,2025-10-02 08:56:06+00:00,2025-10-01,86b1013e,1701ddb4,0361ff0d192f5669614254432f4d696e6564206279206e6476316e65772f2cfabe6d6dbb08cf59a43bf6b4e7ffc25267ff30d8b077f9cafe116f9a68ac86b943ca0702100000000000000010b198b90d166833794eb24e2d0700000000000000,3748
0000000000000000000193d64d032a15ea99b92f04ae467f467a66e6e294346a,2324392,543787,3955753,919198,536977408,05af03fe0381faea68044f5c6b955fcb7ebe477cbe4604f70fe8f4bfab42645b,2025-10-15 13:09:11+00:00,2025-10-01,92cd9a54,1701ddb4,039e060e182f5669614254432f4d696e656420627920726f686672662f2cfabe6d6df553186bfcd9a4c74a57dd12b4d4fbfb6f8b7b9c951e9204db761b1cc45d0c2f10000000000000001095137707cd0c7a3eba259311df36050000000000,2790
0000000000000000000037e21227df2c071cd6c75004c4d71192674d161033bf,1626561,785799,3983958,917403,551550976,92bfae5d751a280062cbacc82acea25cfee11ede28ef93ba04debbd4d0e28c47,2025-10-02 18:27:41+00:00,2025-10-01,cbdc403,1701ddb4,039bff0d173c204f4345414e2e58595a203e0f5a65747461504f57000711921042be905e0ea071b58cf027385b460000000000,4006
00000000000000000000fc4456e035c5e544b9efd3864e75235772eb6570fd5f,1653090,777281,3984933,917549,576233472,12cf4051076fc92a53f09c56efec1832abaac6e4e12851609e214cf99b3d334a,2025-10-03 22:40:21+00:00,2025-10-01,3b4a6c08,1701ddb4,032d000e1e3c204f4345414e2e58595a203e0f42617265666f6f74204d696e696e67000711391842de90530eef7eb00cf02d0000000000000000,2316
0000000000000000000051c08cb25bd805e8f240dc770b2ecbc01417e3f13aae,1639812,783540,3990432,917152,604889088,ab806ee169fd1bab1cb63a70d06e278297b13c97e2ed3e3f74d2d37189b5e70d,2025-10-01 00:12:10+00:00,2025-10-01,10f7d57c,1701fa38,03a0fe0d0f2f736c7573682fcb00e9015f3a8fb3fabe6d6dd05586533038266d5447e62a6c9df727885806c68a46aabd4f102169a903207010000000000000000000bd916500f26d00000000,5247
00000000000000000001320f21075c40df3ff8b4a779666307756ed016a96baf,2550551,480245,3991286,918946,537903104,5f96ba57c2ca0c798f963b2cf59bb7b111bbf14eafb2e0a9e835e49846b50d9a,2025-10-14 00:53:30+00:00,2025-10-01,fe8a4476,1701ddb4,03a2050e040a9fed682f466f756e6472792055534120506f6f6c202364726f70676f6c642ffabe6d6dc393c1d25b2a77c299138b5398ec6873c60c12006812a06e60bb71905d9d18c801000000000000008bd9dfd61b73000000000000,3533
0000000000000000000087bd39994ec5d03bd6865fba0010d4e34e9aed90cf23,2538847,484435,3992152,918930,537223168,d8b935e8dff24754cc6e538be9250a10ef431e45729f060516d853fa72f57373,2025-10-13 21:59:08+00:00,2025-10-01,f4ceae91,1701ddb4,0392050e1b4d696e6564206279204c75786f722054656368e50050005671fe0afabe6d6df6392c3b1b9b33b52663621f14ebc82c4e49dc2b9a89d3eda68555e8eba791931000000000000000000020a200e6320000000000,2901
000000000000000000015287693f6ead1f858c23fb94c44b9a5069493033108f,1647784,781481,3992227,918705,539115520,114b81045b303e56e1828347bae3b1c06c30b43813ad58fc4f852fb99bed5035,2025-10-12 08:14:50+00:00,2025-10-01,8770c03c,1701ddb4,03b1040e047a63eb682f466f756e6472792055534120506f6f6c202364726f70676f6c642ffabe6d6d4a7123c0d98c93819d9f9db86fc109974bd61fcc146b1591d7af3c0283f99e140100000000000000836f0214644f000000000000,5219
000000000000000000001a0fe87cb59e567d4324b1f39d1e121865c29a18930c,1935597,685591,3992370,917987,616308736,eec5eb3bfddbdfc364455b3eadf2d4c605a18a157df3994a04d2626fa9de0e2c,2025-10-07 04:14:25+00:00,2025-10-01,9316da78,1701ddb4,03e3010e04a293e4683a2f2f30383830666363362d613061612d346131612d396336622d6636356635656162663039370011b9a40000000000000039,3257
0000000000000000000114d3bca482477faa45ce2eb048d81cc3623e91c47ee6,1608598,794664,3992590,918887,593190912,10d8a25d9b6545b6885a012343ba45f5a06035d9c1bc8dcea1086cd22dd21baa,2025-10-13 15:44:20+00:00,2025-10-01,207b7934,1701ddb4,0367050e04551eed683a2f2f34663238313164622d356130662d343037622d383234362d366661306130393263373364001683c60000000000000020,2918
00000000000000000000c99ff21385879d8626aa4611dee65c1e88ff355a0263,1708736,761294,3992618,917690,600367104,78e644611c55521e69e95ed93af6552847688c87a1ee4300681f6a5caf8f9317,2025-10-05 00:27:38+00:00,2025-10-01,ae9050ae,1701ddb4,03ba000e047bbbe1683a2f2f33636165326536302d366634612d343034622d386336612d323366373431316531666532001031960000000000000010,5646
00000000000000000000054f9ddfacda1b2b990b304293654ad0e7b2f90499b5,1647820,781605,3992635,918999,655769600,b654cfd3edf349228092579a7c6a91a973f986d93194e5f8e1aafa8862f5dc99,2025-10-14 08:45:24+00:00,2025-10-01,6dc65475,1701ddb4,03d7050e04a50dee683a2f2f38356132643438312d316635302d343563652d626533642d61326334643137636265623800168cb80000000000000027,4623
00000000000000000001b9de6fdf178067d4f95ecbe63429297610d6f123ecf9,1619651,790999,3992648,918076,537149440,f74e5f0db1e56c4577e72c1c9dfac600c136eeba2ce71569ea726fc82ddfe5df,2025-10-07 19:54:36+00:00,2025-10-01,3524bf7d,1701ddb4,033c020e496e6e6f706f6c69732e7465636832a539232f080100,3762
00000000000000000000ca9b86479b6bea3140d389582975e1b6d599e2603399,1551943,813572,3992659,918240,673062916,e15dad53d0d5fe46607022f7eb64e757e2aec20785b53f7b01cb1c3c101758c6,2025-10-08 23:29:23+00:00,2025-10-01,6d8d3fca,1701ddb4,03e0020e04d3f3e6682f53424943727970746f2e636f6d20506f6f6c2f0f5449d52c73bf2100000000,4444
000000000000000000009766f7bdf1bf02a38f343c6327ab1b13964aa41564ac,1627751,788304,3992663,918758,603267072,09c5c7650dabd96b55a6d1120407730ff1f902f9bf83aa1d9cd36a182a262a09,2025-10-12 17:41:07+00:00,2025-10-01,d0da3147,1701ddb4,03e6040e0f2f736c7573682f65000303f72e57b9fabe6d6d06db7803100712248f945e68c51603fc40c48924ad137092f8f060dddc327eb2100000000000000000007118b500000000000000,5920
00000000000000000001124095d6800dc93d22bcdb66bae59a94f8b73f2da2c3,1837274,718465,3992669,918121,579395584,489c57debc250f23a47b631940176f12ebd8ef8fb2fa7153e4b703854b72d1d4,2025-10-08 03:50:20+00:00,2025-10-01,5c6b047f,1701ddb4,0369020e047ddfe5683a2f2f32336631326630352d613235342d343065372d383739632d363537663166313933313265001246be000000000000000c,2774
00000000000000000001830813f6d00c0f178ffb3514ddb84ec789aa35996ac4,1910872,693939,3992689,918626,668557312,0bc1cbeeb24e9bfcec1dacb48878cb4302e47712127bf051f5c9b2b0123980d1,2025-10-11 21:48:30+00:00,2025-10-01,40518b02,1701ddb4,0362040e04c2d0ea68537069646572506f6f6c2f392feccd7d017309c86bdfa0000000000000,3685
000000000000000000013649a6ed4ceab0be23bfdc18c559d3b30c3b91fce7a1,1523624,823024,3992696,918732,761438212,03d2bd090bec8df4458792a7e5a8fbc0dac08b8f3c77f3d61c5a529ad339f5dd,2025-10-12 13:08:14+00:00,2025-10-01,87b1e523,1701ddb4,03cc040e043ea8eb682f53424943727970746f2e636f6d20506f6f6c2f2363f060aec7ec6899020000,2224
000000000000000000019c9ca0519cf700f38ebc4657b94c9b194f411f3de755,1638824,784628,3992708,919315,537198596,d157362928f22f3c0e514ca70d0f62640424e5c7a31710c9871a588bd3d4be55,2025-10-16 09:09:52+00:00,2025-10-01,834840b9,1701eb21,0313070e0461b6f0682f53424943727970746f2e636f6d20506f6f6c2f02a1b6dbecf3000000000000,3169
0000000000000000000146aa296fd9bb08395c676d199236c2aa612cf6cabf9e,1672008,773577,3992739,917481,862756868,7493c2da00dbb57407730474b94d0da4cb5b15642b99a3d979835407a53e9826,2025-10-03 09:00:22+00:00,2025-10-01,8f838a6f,1701ddb4,03e9ff0d04a790df682f53424943727970746f2e636f6d20506f6f6c2f134de3cb000b010000000000,3146
00000000000000000000895c32ebe12eb9e13fc803fba5ba1a3d87c0f4c6e6ce,1665174,775859,3992751,918321,536928260,8cbbe873a67f0cae435203ac91147aedfe4a3e9924ddb695443ca63bbacc2e43,2025-10-09 14:39:51+00:00,2025-10-01,c331408,1701ddb4,0331030e0434c9e7682f53424943727970746f2e636f6d20506f6f6c2f0961bf6ff74d000000000000,3015
00000000000000000000a922b8e1678ea444849f92463a9e5954416dc9581d1e,1771335,740474,3992757,917275,804413440,014233915acc79d2fdd7f6bbf0ef9f48500e5b7783381bfe42e9dabfd1e320db,2025-10-01 19:30:24+00:00,2025-10-01,a4e4f68c,1701fa38,031bff0d045181dd683a2f2f33636165326536302d366634612d343034622d386336612d323366373431316531666532000c46c81101000000000000,4068
000000000000000000013e4cd4f065bb370e032cd258f6a56b78bc0014c372e1,1641803,783657,3992774,917543,805306372,2478df2004c24db175d3738c853386bb3a3d306f1164335a79f13cc95efae7bb,2025-10-03 21:20:24+00:00,2025-10-01,63348a8e,1701ddb4,0327000e04183ee0682f53424943727970746f2e636f6d20506f6f6c2f0f47912b32ff000000000000,3820
0000000000000000000123233c5804456758c867c1409747272b0dd9043de851,1637759,785008,3992783,918745,791789572,24e9d8521ad99b4a68358dae9d7c8ff24b9efd79e95e39f93159694d451f9a5b,2025-10-12 15:57:54+00:00,2025-10-01,98a1c67,1701ddb4,03d9040e0403d0eb682f53424943727970746f2e636f6d20506f6f6c2f2363f060b1d7e968b1020000,3719
00000000000000000000a13b605315b79401aa1926a5a4ffd48e470da797a7b3,1827330,721818,3992784,918250,690454528,22488fb2430395f000119b685c0023989fd575b8c4efc8d712ab9455b031113e,2025-10-09 01:25:50+00:00,2025-10-01,b82e1c91,1701ddb4,03ea020e041f0fe7683a2f2f34663238313164622d356130662d343037622d383234362d366661306130393263373364001267e80000000000000010,3207
0000000000000000000068d2fb67ea38521ebbc3861af89ec91e9c8e7c1b26f0,1718032,758251,3992785,917740,536870916,3de8d8402256e483d87db0b8647134b3fc5b0eb2138beddfee20c02f161cdbea,2025-10-05 09:15:18+00:00,2025-10-01,d5744355,1701ddb4,03ec000e042737e2682f53424943727970746f2e636f6d20506f6f6c2f0a554c8d7edc000000000000,2402
00000000000000000000840ce2ba04a9596b9df142475f7b4f946940b6fe7a55,1667352,775145,3992787,918294,771751940,7db4ab352498b66d5b54c04cc9dc526f047c7ba835035c9ae19cc3e3e555bec9,2025-10-09 10:08:31+00:00,2025-10-01,b2f1b9b6,1701ddb4,0316030e04a089e7682f53424943727970746f2e636f6d20506f6f6c2f2660bdb300fbf78000000000,3703
00000000000000000000d6453b2c78bf43f620aa3b3d3e0c811d5a4bb9157336,1654666,779375,3992791,918844,538968068,0f423ab2d6ad754bbd2164fb77ecdfcd097915fabb2ff256e9a48b924b909e49,2025-10-13 10:29:37+00:00,2025-10-01,772f8773,1701ddb4,033c050e0491d4ec682f53424943727970746f2e636f6d20506f6f6c2f04ee672a5e2f4d6af8d84e00,3664
0000000000000000000155d564975e8319f8a2664f6e9bd679c656e6c648d6ea,1524465,822781,3992808,918600,537157636,264c99cf2b0ca9e113a1fb174bd016f52b3902a2755dfb527dc4c3763f058be2,2025-10-11 18:02:36+00:00,2025-10-01,7b13583c,1701ddb4,0348040e04bd9bea682f53424943727970746f2e636f6d20506f6f6c2f115b946595e7010000000000,3742
00000000000000000000bf187853d414df920114bcaa2c380419a828ce33e111,1636869,785321,3992832,919185,583712768,a42e1572c83b7ed3768cf35bc41c8d95f1f7725941f241f238c0e65899232cb5,2025-10-15 10:49:53+00:00,2025-10-01,aa40a687,1701ddb4,0391060e04527cef683a2f2f36623833316232622d373064392d346333642d393937332d3938346139326361646638380016dedb0000000000000023,5269
000000000000000000018936d5db0c06c1ebe23442db4034953e847e5a538d2b,1467372,841822,3992838,917325,537395200,48929e919bf5dfd0535ce024281f2a07b269699e13d23e36da58498a036ba50d,2025-10-02 04:09:30+00:00,2025-10-01,5e694c3d,1701ddb4,034dff0d04effadd683a2f2f34663238313164622d356130662d343037622d383234362d366661306130393263373364000dfeb5013a000000000000,2656
000000000000000000004b3ed079f1cfff6dbfa54b495b9ca55ed0fd6498577c,1690829,767337,3992840,917597,548782084,c33c16a8905aed75a83ee15101190e0d61ed77ec6a0d08d4d07790fa58c910d1,2025-10-04 08:15:02+00:00,2025-10-01,b61a96dc,1701ddb4,035d000e0486d7e0682f53424943727970746f2e636f6d20506f6f6c2f06506f5efdb3bbeb00000000,2901
000000000000000000007802f6268b545c6b47be52f0a77017e62b409cbe2fb3,1740837,750669,3992844,917395,554459140,f30a6bd0f5a5767740d4c59fa32d4fac14454a2deba738e9e7afd049e83c590d,2025-10-02 16:27:09+00:00,2025-10-01,f83a72a4,1701ddb4,0393ff0d04dea7de682f53424943727970746f2e636f6d20506f6f6c2f264e741f1800000000000000,2264
00000000000000000000ca4a8ce677cf6a5c82a29bbde829d84ba0943fa75f04,1578819,804677,3992850,918025,615227392,dcdbddc52e2eaee2456270843ef6ec43e894955aeb5af6f7dfe3fb8ee629265f,2025-10-07 10:10:55+00:00,2025-10-01,6c246cc0,1701ddb4,0309020e0f2f736c7573682f65005c0747430bcefabe6d6dc68be6c54dc61aca139ee33dd48876f1e6589fe1f00c9ae14283a9d4fe15e9d510000000000000000000e5935f00aa0600000000,4901
00000000000000000001574894f595e42cc667ddea10703eb3856823417c4c10,1611602,793755,3992867,918287,537346052,4d8969670c6c6aab34616a3507ad82a56ecbcf0cfee49308572740a1db091745,2025-10-09 08:51:25+00:00,2025-10-01,31327c0e,1701ddb4,030f030e048d77e7682f53424943727970746f2e636f6d20506f6f6c2f0d7ec9be903c030000000000,4201
00000000000000000001b27343eb0a1bac90c09b680f45c4639a6a755b82ec08,1645281,782529,3992868,919065,702234624,154ca59439ef96351053dc69ef98d9036730f9ee272ad57993193b4ba85c5658,2025-10-14 17:28:37+00:00,2025-10-01,d5d68236,1701ddb4,0319060e0f2f736c7573682fcb00b203f8af7aa7fabe6d6d6fcdcee72a47dfe35d69aa2d767aae0a139fe114207edb42946aa872c4a8b03210000000000000000000152e5d00b30800000000,4077
000000000000000000010a8d7ed6ba81749ff6d299f725e88496ccb53072ef2d,1592392,800159,3992869,918364,549453828,1093d13e27f8d4d31e8b2201a7371361dd6ec5d51f95a054c174496cc0b5abe5,2025-10-09 23:36:32+00:00,2025-10-01,9d15918a,1701ddb4,035c030e040047e8682f53424943727970746f2e636f6d20506f6f6c2f12832135f3d3730000000000,3902
00000000000000000001d75df16b628bbc84196e7bb13c57d61e550e29866413,1443508,849793,3992887,918850,1040187396,dfe7e3a5c0de457fde38b9bba89ed049912ddd0186ed022086fe4570ee843831,2025-10-13 11:05:55+00:00,2025-10-01,afeb1ac0,1701ddb4,0342050e0413ddec682f53424943727970746f2e636f6d20506f6f6c2f1968ca579648f50000000000,2476
00000000000000000001c6970e0a9b219ff3219f575f828df0691bde02918885,1595298,799200,3992898,917752,537632768,2875e5e8ebd5b86b74ecf79da419f30517f15d335e2c36e5aee2a85f8fd8d961,2025-10-05 11:30:40+00:00,2025-10-01,a039d2d,1701ddb4,03f8000e496e6e6f706f6c69732e74656368d7dd6757f0230300,4109
0000000000000000000054779694626fed364e2802b615aa99163a04b115817d,1557329,811864,3992921,918320,553967616,009fc706d6243d6b792c518c4461ce45403857045e11fe198218b629f309d3d4,2025-10-09 14:38:50+00:00,2025-10-01,559fd544,1701ddb4,0330030e04fbc8e7683a2f2f32373966346662382d313236622d346232362d396534642d64633131646334613537613600139dea44b1010000000000,3979
00000000000000000001badd3c9257c3fb7cad16965c3ffe13580221aee754f2,1562090,810277,3992921,917710,538206208,7645af51b45a8b8f4409e0214ff441f9d87b4b14151d825472b18321f9ffcf85,2025-10-05 03:55:04+00:00,2025-10-01,54548815,1701ddb4,03ce000e042cece168537069646572506f6f6c2f36392ffb6a1fc76621b830aee3000000000000,4121
00000000000000000001a15e86fafb76ebb9e95d846988f0135d471cafc900f2,2255744,579061,3992927,918622,589561856,d2281168ef56bb2bd71c1751dbed901cd6af164a0f25e7195ca826fa0d7ef8f5,2025-10-11 21:11:54+00:00,2025-10-01,fd60f168,1701ddb4,035e040e04e4c7ea682f466f756e6472792055534120506f6f6c202364726f70676f6c642ffabe6d6d833cf9932adc40a05bc465bbf078c805188bd27c9be19848ed99c5bb2a980789010000000000000079a45248d8f8000000000000,2563
000000000000000000009ccec23f1527ea39d9b803031f74628e85e0345ced31,1726939,755330,3992929,919072,537493504,e557c671a3d0c5f5c8ae3a93f6a86383b103ff7e536b2d19fe92092bd952ee69,2025-10-14 18:25:52+00:00,2025-10-01,db80ec2d,1701ddb4,0320060e04c495ee68537069646572506f6f6c2f3239382fd4ac465c8f06661dbd71000000000000,5333
0000000000000000000142748efbb5fc074ba01da22962b9d101f95f9f190d97,1696634,765440,3992954,918328,579002368,6d231f5ef4f83c610e9f354db720483f8001335f2165e65117a06265457f133b,2025-10-09 16:41:43+00:00,2025-10-01,2e61ba03,1701ddb4,0338030e04c7e5e76800d00ee1b999090100064744506f6f6c,3167
0000000000000000000060966ebd3d5f8b35bedd3985252f14428ba8e128c8b3,1388952,868001,3992955,918120,537083904,193ceef2d1d6721d7e2252fd022bf8e3da3aeb8f2781c7a90c034d9b4993a003,2025-10-08 03:44:28+00:00,2025-10-01,a35c0c41,1701ddb4,0368020e496e6e6f706f6c69732e74656368e527d5fa78620100,2272
000000000000000000006fd6ce3bf0e2de5d5e03dd6d639148a23067392c1d5d,1765748,742403,3992957,919061,677969920,d7ab43e0dc95a4098bec2d3ff2aafe8526324bd2cd06c2e7db50822f8bd4bdd7,2025-10-14 17:05:13+00:00,2025-10-01,bc1346b,1701ddb4,0315060e04c982ee682f466f756e6472792055534120506f6f6c202364726f70676f6c642ffabe6d6d432d7ee89de77f212444db10e2d7fdc4739a9a92bccb31e352ecde926433ba96010000000000000076088fe4918f000000000000,3035
00000000000000000000a5c3aea3ab31b8c6af4fd7ba6b4ddc25c2c913efcb36,3894023,32978,3992957,918931,537763840,4b00881a01d6c883f240a649a56affba02cdda8b5631a472f99fc378ce38ed21,2025-10-13 21:59:13+00:00,2025-10-01,b3da0f57,1701ddb4,0393050e043f76ed68537069646572506f6f6c2f3837342ffabe6d6dc87878797a5004f84c0a1006c9a253608ff42a60828897b1663aaac4c6fd186808000000e13017eb923a5225200197a3e90c000000000000,225
00000000000000000001a1f1c42a33e5cd91df591542b70a99c8ac98c3b58897,1562991,809991,3992964,917233,573825024,503bae3ea13b1c7c6c77a842de401e0e9ca98c96858001058438723bd60c7364,2025-10-01 12:23:36+00:00,2025-10-01,a5f017b0,1701fa38,03f1fe0d04481ddd6800d00a12a1c3e00000064744506f6f6c,3081
000000000000000000002780ef39164d94fa96370ee51aba57e8fa8ed30b2d53,1600400,797522,3992966,917811,600399872,93a6eb671ee971f4c21c36f5ec934d41d001fc5b1821ecac94f3951047fa37d9,2025-10-05 20:28:03+00:00,2025-10-01,eaedcc6b,1701ddb4,0333010e0f2f736c7573682fcb0029031df7ce83fabe6d6daf7c1876879449703404437ff04c9c3e77dd3e8bbff02d5fbc9a50b4897eae5110000000000000000000576a6e00010000000000,4322
000000000000000000018f5ff2338876ffbedab9633dbd8550d3ed1f9a138ced,1587270,801900,3992970,917925,974528516,09293c95105457e982bea99249f132ea8b36e49a4c8f9c3c4fb83d7cb5335ec2,2025-10-06 16:27:06+00:00,2025-10-01,c7e33e89,1701ddb4,03a5010e04dbede3682f53424943727970746f2e636f6d20506f6f6c2f08ee7ba447f61d6a23000000,4039
000000000000000000002cb377373674a59ee8d2c9d2efccc961a208adbe889e,1750207,747592,3992983,917476,726556672,5c8793073d5cf0b44027b8332582bf05921d6b614702f4a718671d1ea3746dc5,2025-10-03 07:12:24+00:00,2025-10-01,7a91b942,1701ddb4,03e4ff0d045877df682f466f756e6472792055534120506f6f6c202364726f70676f6c642ffabe6d6dbddc32e4e2ae78491d10e35dabce444ee6344daee31a072600b4ee78aefa01170100000000000000716f1adf8b05000000000000,4786
00000000000000000000b2da3a73b08d9afbd9ff01d42a746f54e5576cef6818,1565575,809137,3992986,917882,537067520,f2afd006b5802e853d423ec897c43a4503ca9701ce83e2b6c929f2678b35715a,2025-10-06 07:54:17+00:00,2025-10-01,57ca9a76,1701ddb4,037a010e04be75e368537069646572506f6f6c2f3134302f9ae2a2935f096ff48550010000000000,2589
000000000000000000018fe7ffc96757971cfcfd8da5a72a446b17c0a499c86a,1723841,756384,3992993,917696,657285120,46667bc3ff45dab30e60164e0622f49abff0956970b9ef32d89d492f1e67d910,2025-10-05 01:54:04+00:00,2025-10-01,920ba798,1701ddb4,03c0000e04bccfe1682f466f756e6472792055534120506f6f6c202364726f70676f6c642ffabe6d6db47939308da8af57bafebfb0e12a67dd94ae9f11ceef7f4c9a8067dd46b52cbc010000000000000091bdd05e8a27000000000000,5713
00000000000000000000bae457a6037881c48bcaf100737b374b0826ffdd5ed1,1578117,804959,3992994,919160,658063360,a9640a5af61848cc6fb3b3ebfab18384a0b76ecb2cd3c719911319b48c262e5d,2025-10-15 07:51:11+00:00,2025-10-01,a85b740a,1701ddb4,0378060e102f736c7573682f650072012cbbad1c01fabe6d6dd84682e49da2b4d0b0961390fb2d9114906f32a27a4e0e42a0f417092639bcc610000000000000000000aab6cf00000000000000,4542
000000000000000000013e300f725a3fca67f0c0bba3d04c39d3dc0ee449d86c,2126020,622325,3992995,918084,537337856,5bcb889a20a8d70ae116a182dcc6583a80b165e1e834c9b60a80d147cf400bcd,2025-10-07 21:24:00+00:00,2025-10-01,32b3df90,1701ddb4,0344020e040485e568537069646572506f6f6c2f4146372f1d9148368c027a0343aa000000000000,1889
000000000000000000004b3c8f93b2f91c83e7d611e3a03aa8f859c47af91133,1589348,801220,3993008,918575,681910272,1416e54e483762d2d10816c770932fb7fc131479923eb95acf200ce8bb686916,2025-10-11 13:54:37+00:00,2025-10-01,77599341,1701ddb4,032f040e0f2f736c7573682f65005c07a29b46e7fabe6d6d6722c0222d9ed47a436d835c6aa0b8b70ff47d09e338e1c2ad9396b5ed84311310000000000000000000222b2100010000000000,5792
0000000000000000000054189b2f9879285a3cafaa41a1678224052600257f29,1567439,808524,3993011,918824,1006632964,68b03de5da7945a489de926e9318e11b91ea2072717249420ad73d33ae56a6e6,2025-10-13 06:49:58+00:00,2025-10-01,4bffd357,1701ddb4,0328050e0417a1ec682f53424943727970746f2e636f6d20506f6f6c2f11ee2fd72dad816a7cc20000,3767
000000000000000000018544f452ef2afe65b9bc16c579d54ffa4b4a64b73036,1730438,754193,3993017,917760,633405444,9a66b28bb5c28f8269a95eea249622ec71fe8e909f3582567277b009d961247c,2025-10-05 13:13:33+00:00,2025-10-01,a542fd69,1701ddb4,0300010e04fe6ee2682f53424943727970746f2e636f6d20506f6f6c2f0dee37621aa55c6ad7160000,2978
00000000000000000000e4a5169c255d3c1081deffdced9ebcf9c6133e322ecc,1703949,763023,3993018,917340,588988416,147df1eb0ee58badb529319f3b213ce074fda6cba805544cdff31bbeab54cb24,2025-10-02 07:39:39+00:00,2025-10-01,7f283b37,1701ddb4,035cff0d04282cde687c204d415241204d61646520696e2055534120f09f87baf09f87b8207c763034fabe6d6db944b6e9afcbbe2e98d43c96a5a0fa67fa27c897e0dc05000a36e194fd4c7b4601000000000000001367505b030000000000ffffffff,2513
000000000000000000015781ad0f915fd07d33997db2a7f6f85e62fa09b1bfa6,1621219,790600,3993019,917219,670146560,fb8e53c244d1ff93bc57202b5c49513a87f9b0c3fc91dcc849ca65a28d4898af,2025-10-01 10:18:14+00:00,2025-10-01,5df55f18,1701fa38,03e3fe0d04e6ffdc682f466f756e6472792055534120506f6f6c202364726f70676f6c642ffabe6d6d416bb42565ca442ebb3682159cfdd16465ee15b7e0b8128dfae6d9d8931da939010000000000000071370f26b7a6850000000000,4404
000000000000000000000805f80e4f630593a8108f85ed64d8a47b4ecac50c02,1826643,722126,3993021,918820,554000384,1cf5f75c801a7dca499141dc9c980a32afb36df2df95133005b21be863a4d360,2025-10-13 05:54:31+00:00,2025-10-01,d5db1456,1701ddb4,0324050e1a2f706f6f6c696e2e636f6d2f66702f393636f9010606fd783ffbfabe6d6da7ab7eb018ff6aa20a86e638cfc5b4cf43c3411188b83df789d935d5db7e8eb71000000000000000000062a57dcc8e0300000000,5882
000000000000000000013046aa80a50516435313eca34e03d6ecb46bf9d8143b,1661577,777148,3993021,917155,602578944,19c431a5986cd6ae7c5349da1a3fb81476febe7ed0bbc1e87e47c1b3a8f223a7,2025-10-01 00:39:04+00:00,2025-10-01,8042be7,1701fa38,03a3fe0d042878dc682f466f756e6472792055534120506f6f6c202364726f70676f6c642ffabe6d6dac105da5bf9149ff637856e9b5d56d79d345ed099e51a3c52741f4f136e4a1670100000000000000370286a0fb6a000000000000,5370
00000000000000000001b17b7936dc12ce19b517a5935ea56d0e2b94eb6978ce,1775561,739156,3993029,918881,802234368,b1103342a14a2be9e4231c952bc4bb6678a206d2b8955ed6be9a6a202ff2b046,2025-10-13 15:12:24+00:00,2025-10-01,24e06a05,1701ddb4,0361050e04d916ed683a2f2f33636165326536302d366634612d343034622d386336612d32336637343131653166653200166e0c7e3a000000000000,3579
0000000000000000000051b61375ee05af4b2ac47da2e4aa396c6a35c51e157f,1685979,769017,3993030,919048,888651776,4d39aaa9d43346b7fb19ff750ea6a44bb773b77a85dc4dda4351e3407fe62b22,2025-10-14 14:52:43+00:00,2025-10-01,1f1ab340,1701ddb4,0308060e04bb63ee682f466f756e6472792055534120506f6f6c202364726f70676f6c642ffabe6d6db9cd9503c3db9451412960617227d9a3e5d9a058a0e14ed0e22157ac39bab8d5010000000000000075e2da733b02000000000000,3933
00000000000000000000815900d5e4570dc40fdac7f2ffc44efa84d5877dde5a,1682601,770143,3993030,917900,611909632,e5136cbe23ac3c73c5e23dbeb736bb909a3066b25e8517bf411edd0e12ade537,2025-10-06 11:44:13+00:00,2025-10-01,7ec78850,1701ddb4,038c010e04a2abe368537069646572506f6f6c2f3134302f9723208a5b10ec833800000000000000,3305
00000000000000000000e391699f714809204803a1fa7680dc82cd49e54fe597,1526035,822332,3993031,917162,639164420,4c305bb13a25ba88c19bc2ec19df4fc7939993e317a934c64aa13bb3725abaf9,2025-10-01 02:20:23+00:00,2025-10-01,257c9502,1701fa38,03aafe0d04e78fdc682f53424943727970746f2e636f6d20506f6f6c2f0b4c390efffaf7df00000000,3202
00000000000000000000f035c216e9c74a69cd709523dd3cc049ce55398af942,1564557,809492,3993033,919099,711655428,c011942a994bef601659d890ecedd9e3beeade0d80b3ed83bcc5e350f93ece9b,2025-10-14 22:40:31+00:00,2025-10-01,6f8b8040,1701ddb4,033b060e0460d1ee682f53424943727970746f2e636f6d20506f6f6c2f0985385f8576020000000000,3516
0000000000000000000193f4fe7ca78dbe631346759dd1484ec415193b73ac00,1651375,780553,3993034,918070,1073733636,4541b6ae3d43bd157971a5dad0c81a6b150af7bf9f3875dfeeae8f7776e58391,2025-10-07 18:37:49+00:00,2025-10-01,69a98c4a,1701ddb4,0336020e04f15de5682f53424943727970746f2e636f6d20506f6f6c2f05539f1cff321df46e9f3100,2797
0000000000000000000026200efbc84346792f5074bce52daae79b64b70febb1,1569915,807708,3993039,917928,537444352,4eabebf3bfade1e8eb4423ffd276825d262ac1f94365a3a467e8c100b86fec32,2025-10-06 16:56:46+00:00,2025-10-01,1b4dfb6,1701ddb4,03a8010e04e3f4e368537069646572506f6f6c2f3737342f2ee30135a223e059c8a6010000000000,3862
0000000000000000000094494577e5af7e9f23f12014ea90dc8473b85b9a1941,1839734,717775,3993059,917765,540876800,c8fac32cf7a939f8aaa6720eeec19964fc9003fd4a1a01075a2a8bec455f1a00,2025-10-05 13:59:31+00:00,2025-10-01,5b0f737c,1701ddb4,0305010e04d879e268537069646572506f6f6c2f323934382f8eba31075c09e0ca1800000000000000,3375
0000000000000000000102d364bc712cce974ee6b301977c21be62e9e40ae410,1635084,785992,3993060,918947,696139776,9c05d67519164b62aa11e689ff3c27672f086e986a07b429d0826f6cd8538799,2025-10-14 01:06:20+00:00,2025-10-01,4851b697,1701ddb4,03a3050e040da2ed683a2f2f32336631326630352d613235342d343065372d383739632d36353766316631393331326500169b070000000000000033,3603
000000000000000000019efafd15fac72eb90bd0ba609d6caa9997a063a68f41,1701785,763759,3993062,917445,556457984,82aaeb6883c537ff36311ede6037762262a9f599d703d0fca8d027df6e9d0a90,2025-10-03 01:40:30+00:00,2025-10-01,16aa48a,1701ddb4,03c5ff0d048e29df682f466f756e6472792055534120506f6f6c202364726f70676f6c642ffabe6d6dc4a5a90c52e1da87212e864d834276ebc831ab2ce29cbc3458ffd4af5816081a0100000000000000966dffdf00000f8dfc1b0000,5342
00000000000000000000d88f48a969affe421aa7a3173f8e738bd678abff9d97,1755314,745919,3993071,917153,629202944,fb9102c4f08d15f9fa1a36b5f49786d9272bf8fbc9e61f630b138064d3efa498,2025-10-01 00:12:55+00:00,2025-10-01,8efd227a,1701fa38,03a1fe0d040772dc682f466f756e6472792055534120506f6f6c202364726f70676f6c642ffabe6d6dd901bce8b2d500aff58d0e774a8451f1a4997640000970fb04ea96ed266475df01000000000000008f282eea0000000000000023,4973
000000000000000000019cf66597221df3099f8f548318f66a9f84939b8f8fac,1700199,764291,3993072,918778,537829376,21bc71620c1872c11e1f40d365a97d52d36099d767f66aec10e520d84e1b9947,2025-10-12 22:36:03+00:00,2025-10-01,8d0be19b,1701ddb4,03fa040e04672dec68537069646572506f6f6c2f37392f1b87ebbb61290b7bec64000000000000,3966
00000000000000000000fe41888e2ccee6e9524269f9bba7bd9d3fada71d9ea7,1583414,803221,3993077,918985,721747968,8c25b379c4cab30ca2d0c9d318a73d02f70aa8a687ea9568a806437d8e081462,2025-10-14 06:56:19+00:00,2025-10-01,9c4b9612,1701ddb4,03c9050e0f2f736c7573682f6500070616879588fabe6d6d86d860a1ac36bdcb69a741e2455f40f7dd77ccdba7d540ee683bd796140d419c1000000000000000000095096200000000000000,2631
00000000000000000000bb3e332a34864feaa1df5fc4fa6ea219855ee325b0c3,1556789,812096,3993077,919055,713261056,0e1ce52166827292ed7135ae231d4bb4e65d454e665efdec5b4c57f6cab903f4,2025-10-14 16:12:33+00:00,2025-10-01,9ee0cab0,1701ddb4,030f060e1d506f7765726564206279204c75786f722054656368e5000c05dd7ae724fabe6d6d3a5cbc2bc7fbaa5b9b979d89e603a42cd4048d8c6c06bb1f495251084715f7de100000000000000000009260004d010000000000,4203
00000000000000000000305fd8f17e8bab9cb86104aafedecd1c67d290b5eeca,3153060,280008,3993084,917983,578961408,e38b52417f604afef3ca57b66a14872e286fe608d7ef9303039a04870036c980,2025-10-07 03:37:09+00:00,2025-10-01,ce5a43b6,1701ddb4,03df010e194d696e656420627920416e74506f6f6c208e003b05ba70286afabe6d6dc9c73e53219815f8cfe9a5eb37f06d151951d7ab5510d042ca29b87dad6ed546100000000000000000000451b999020000000000,1418
0000000000000000000030079e3dd1baa25f0b576a1016f817b344c29237feba,1520354,824245,3993089,918735,589160448,7fa2c5a2e1779a02dde2c8bd6e8a25694b643fb62e4bf94f80834efaf7698194,2025-10-12 13:51:12+00:00,2025-10-01,d099fcc,1701ddb4,03cf040e0451b2eb683a2f2f31356434663534372d363263332d343031322d613363312d643064373535383734396138000e25e80ac9010000000000,3153
00000000000000000000e5ff8133cb14a48e7222a8fc611a76e980d43b82b427,1722149,756982,3993095,917456,619741184,e7b5a165c8650bbafa46cd9e506fc7649829ecb04732cc24760c464d8c60ef05,2025-10-03 03:50:56+00:00,2025-10-01,d71b248b,1701ddb4,03d0ff0d042148df683a2f2f34323863643333622d356534312d346663372d616638662d393934316235613336663535000ebe0efc60000000000000,2083
0000000000000000000033713373b03295eeef8b5fe1c25deced43ef304eb714,1496271,832275,3993096,917683,679321600,8e830a4f1508e49e130be92e6a4bda166e026ff2e2abb9425043fb8e0cc82490,2025-10-04 23:23:30+00:00,2025-10-01,d09def82,1701ddb4,03b3000e0486ace168537069646572506f6f6c2f36392f4b5ece8a647372179732000000000000,5647
000000000000000000012d98310d656cb7a6ea53ae3612cc08ac7e94cede29e2,2975004,339364,3993096,917988,570613760,ce1f8f5cb67c5e25b8cac308992f48485ae39a41b809e450f55bc7884ad07edb,2025-10-07 04:17:36+00:00,2025-10-01,d7edcf9,1701ddb4,03e4010e046094e4682f466f756e6472792055534120506f6f6c202364726f70676f6c642ffabe6d6d6968c672e47ba0c64a84d9d400adb9af1bbed444ec805be4562f99afc29af2210100000000000000777ed9a3f199370000000000,2025
0000000000000000000167d16762a49bb9d2a4089f9daf0059302745e0c004bc,1673602,773166,3993100,919033,646643712,749fda6b3174f1834deb980e0bf855447c46c598d18cdf248426e4c8ab1c7cdd,2025-10-14 12:47:24+00:00,2025-10-01,2d1f4032,1701ddb4,03f9050e045d46ee683a2f2f33636165326536302d366634612d343034622d386336612d32336637343131653166653200167dff000000000000000a,3343
000000000000000000006ea28167d77e78356d67e2600c80bb2522208aad9798,1584469,802878,3993103,917175,547495936,c2aed299ebc79f1a67ff8fc757aa17cfceaf0da450a389eb118e677f16dbe613,2025-10-01 04:30:15+00:00,2025-10-01,7913b83c,1701fa38,03b7fe0d0f2f736c7573682fcb002903bb86c609fabe6d6dbdbf984add6bbf9dc2b247a57b732e3b86ce5ded9e6dae2134c410e6a819e220100000000000000000002c391d00010000000000,3365
000000000000000000011995b0f2678a3c354e8b8dee66b5303381401c829bb0,1550713,814131,3993106,918516,537034752,c5b4cfe382fd73b03e0b8378e8be3d1f70362f3274b2841ff51100890e68968a,2025-10-11 03:36:06+00:00,2025-10-01,2873af8b,1701ddb4,03f4030e0f2f736c7573682f65005c07c6009138fabe6d6d0244dc6366eb45909d7095a77e17f4defbaf6bdbe02b7d0b3e87daed5123e17c100000000000000000003a6db000273d01000000,2499
00000000000000000000be8f2c2cb1df0668b998f2e381f5ae1cdbfe616e3998,1572784,806777,3993115,917975,567631872,89bdc5d80767f9e343e0f0112c9dccd73c30de8c486466c036f001cbee285517,2025-10-07 02:46:20+00:00,2025-10-01,2b8d729b,1701ddb4,03d7010e04fd7ee4683a2f2f32373966346662382d313236622d346232362d396534642d6463313164633461353761360011c9df000000000000001b,2641
00000000000000000001cb1eee5782936cefcd27fb3cc837598ddf1ea45bdad0,1631171,787317,3993122,918334,625049600,0d933d20e34d0f768fdc7af9b2a6568a0013b73963936db6e3788c4e2cb864b7,2025-10-09 17:22:55+00:00,2025-10-01,528ff565,1701ddb4,033e030e0f2f736c7573682f65002a05e77146cdfabe6d6db24b884b019a95eede922e55d1cebac6f963ad66ff358b9433dad2c9911f0bbd1000000000000000000030356000000000000000,2059
0000000000000000000071821e457f4ace0d98d48cf9fc51ef7b705b96ad7991,1519739,824461,3993122,917622,776708096,a8cad0d01018daba50449035e71dbdb1f8466e9d2ff9fcc19ad9cef536ff5557,2025-10-04 13:40:05+00:00,2025-10-01,932c2979,1701ddb4,0376000e04a423e1687c204d415241204d61646520696e2055534120f09f87baf09f87b8207c763034fabe6d6d7e7b7423f2937581359566c4f6f49d51c2c1466e9a1fc044af18b9bc34724a57010000000000000012188efee00000000000ffffffff,2523
0000000000000000000135b150ebd4e4305b9b107357faf895f954183402907e,2582765,470120,3993125,918702,698343424,073f2c7f4f03edbe6fa7315451063601e73f2b654f77013fe120a381d7ae56be,2025-10-12 07:46:23+00:00,2025-10-01,9209fe4e,1701ddb4,03ae040e194d696e656420627920416e74506f6f6c208e002501227e145dfabe6d6dfe3d8274a385809eb4d43488b8cc62c4c62f837004e78c0bbd2ce0c6717672891000000000000000000020dd0000000000000026,2541
000000000000000000011cc9685c985490a6e32ed27fd2f9b4b264ffa733263a,1648229,781632,3993125,918508,599425024,e6b3f3d4777bfdcfdfe60c38c666e79ddb4327b00c8fafeacdf14adb141b0d90,2025-10-11 01:40:20+00:00,2025-10-01,c67ac6ab,1701ddb4,03ec030e0433b5e9687c204d415241204d61646520696e2055534120f09f87baf09f87b8207c763034fabe6d6de37e3ed244ba06b07ce9e08328e447cc0539bcdc1aaf5503de848a0981cf6e3d01000000000000001327a3d0610000000000ffffffff,1210
0000000000000000000022d81ed105ca78cb49b45c66a07eb485179b02ec362a,1674677,772818,3993131,919088,781230080,0477e6bcd640d8df53fb9638e802aab4b2c9aca4ef4193bbd4a2e07932efa149,2025-10-14 20:40:11+00:00,2025-10-01,ebf7311c,1701ddb4,0330060e194d696e656420627920416e74506f6f6c208e0018013d322b2efabe6d6dc699fa72eb2797065d8f55b1dd6f50f4ee74bc4aa7ac3248c28c34e861069c541000000000000000000104646421000000000000,5309
000000000000000000011426dc8e1d38adf4b611bcefad61f5b9cfb563006d69,1685272,769287,3993133,918996,595697664,a15caa73b5375e53e548ce743b5c5fddb28105bb1f1c7d25d32fa9fecea5df9f,2025-10-14 08:19:43+00:00,2025-10-01,2c488d3d,1701ddb4,03d4050e1e506f7765726564206279204c75786f722054656368e5004a05346193c201fabe6d6d195affaa3cceb621b61bd554ee140a1ce5cc1cc422ad5247d5e9f1958ea9a3b21000000000000000000122b90000000000000044,3858
0000000000000000000046f9b334d5b481c69eb195bf69c0ebd16dc0b289fd59,1808809,728109,3993136,917224,786792448,b50018a4321619d199ca5765b3cd9ffa9b52e05a84bc216a946118f9300e4c1a,2025-10-01 10:43:32+00:00,2025-10-01,561676fc,1701fa38,03e8fe0d04d405dd682f466f756e6472792055534120506f6f6c202364726f70676f6c642ffabe6d6dd34854e71c271f8b73b989decc7e3f48df1c3610d686ee71e26950f4f156f1cc01000000000000005f3532210000000000000006,2631
00000000000000000001369e330a1ff21cecbe3c0af25afe1b3ae7758729824d,1749834,747768,3993138,917682,839802880,5a0b5c10d73d8f6460d672f9bab9938262edcacb49d1bc1d6631ab66fa159ef1,2025-10-04 23:15:35+00:00,2025-10-01,5f6529cb,1701ddb4,03b2000e0497aae1682f466f756e6472792055534120506f6f6c202364726f70676f6c642ffabe6d6d9c1e3355d5819b3bf72ba539a78a51f88a8759a256ab3242b8e68a6db189886c010000000000000050beaf272e31000000000000,4683
000000000000000000006577062f7f35dfe1bc46a3c67c2efdb4ad417db6d79c,1626038,789034,3993140,918871,714039296,7beb1ea4ffbed0ee032139b4e155a58ce96da2f75e8b951748cdcc0106d33dc6,2025-10-13 13:17:04+00:00,2025-10-01,8968bae4,1701ddb4,0357050e04e4fbec68537069646572506f6f6c2f3739342f44e2c869a205da342900000000000000,6010
00000000000000000001385a2ba7489ec6d6862ffafa36aaec9a74bce714e847,1676321,772275,3993146,918391,537321472,8230de0f3a63957c8d25fe70a34a7f5187dd5411d40052cae5351dd9af9bc096,2025-10-10 03:47:02+00:00,2025-10-01,22e8c314,1701ddb4,0377030e04cb81e868537069646572506f6f6c2f3230382f9bd547b2662a6503da8a000000000000,1828
000000000000000000017ce23664cd72ac8240f2a3c3cc82d114fb8ce393b80e,1840868,717427,3993149,918990,580395008,cc4da0ec15927d9aeb41d1316eea2faa50906c5dbafbe5ae6da2dbb012395a16,2025-10-14 07:20:04+00:00,2025-10-01,72104731,1701ddb4,03ce050e04a4f9ed682f466f756e6472792055534120506f6f6c202364726f70676f6c642ffabe6d6d3183461bf4a4d0d1aa209c022ed308396728316747e6cec3dd4ca7da1c16eb8d01000000000000006cdfa079a843540000000000,4644
00000000000000000001ba8279363db7ce9e105171c60b56e2c4fab921e764e3,1729559,754530,3993149,919194,605429760,d4a34977eb0aeee0144b4fde65551ad0bf90846a7e138eb8439d4556d17f5c04,2025-10-15 12:33:44+00:00,2025-10-01,856064c6,1701ddb4,039a060e04aa94ef687c204d415241204d61646520696e2055534120f09f87baf09f87b8207c763034fabe6d6df978e5ad64cd388bdb576d8ab2cb512cfa0fe7d8c1ae2bf20645b3c58bcdd12a010000000000000013394e89cc000009aa94ffffffff,3091
00000000000000000001bf241155c024b6bdfb44de4e2f3af0f454f7bc71f3af,1959779,677792,3993155,918696,592519168,7d921893e03131b0d8b45050f4a0a8b9645340f8d23459ee052c8f2d087c2393,2025-10-12 07:08:32+00:00,2025-10-01,2a449ce6,1701ddb4,03a8040e194d696e656420627920416e74506f6f6c208e00160714f495c8fabe6d6d0d90402d9e5be288eedb977a87b5174985cd5d911e1a4325ab2dcdfe0ff678a1100000000000000000009c1a1700000000000000,2493
000000000000000000013f3344a94d3383c4b97f92d51dd283514a58a035b21f,1716774,758796,3993162,917225,537264128,e8a67ba7f12bbf009626c9c4a7108223431e07e6b20fd3617a5f30c581083823,2025-10-01 10:51:25+00:00,2025-10-01,9e421bcc,1701fa38,03e9fe0d04ad07dd682f466f756e6472792055534120506f6f6c202364726f70676f6c642ffabe6d6dcadb8b275fe5e68a404613af739787b539c10aba07ceb03845749c036f9f62fa01000000000000003391198498ee000000000000,3679
000000000000000000000521b91d9d1587996b18d8c329a1c6d3ee794041f07d,1531621,820514,3993163,918589,636116992,4ee2c47ef9399f27ca30a284d24ca3013b0d97d86152ad8a09be836d97ee0b27,2025-10-11 16:14:56+00:00,2025-10-01,a3388721,1701ddb4,033d040e040782ea687c204d415241204d61646520696e2055534120f09f87baf09f87b8207c763034fabe6d6d960ef621b5137d5abb2e73d60be6ecaad2bf464b31c0256c42f2262afb0c330b010000000000000012cfb344370000000000ffffffff,4060
00000000000000000001a77c98c284c8e46c38035fac786baf7cee48a0b16788,1765828,742449,3993175,917454,578371584,8f080714105be1f21f8abeac178ae35ffcc7fe0d060f7fe8828b83a26ae3989a,2025-10-03 03:10:59+00:00,2025-10-01,afa41a36,1701ddb4,03ceff0d04c33edf682f466f756e6472792055534120506f6f6c202364726f70676f6c642ffabe6d6d00534897fac635205632369cc88d26c9ddd2c88a640221b04943525033a361060100000000000000956f9d552800000000000000,3255
00000000000000000001199990b6d5148dc9e1c349935df1cc85b7c3754059a2,2551327,480617,3993178,917876,537419776,8c55093226289705f83e438721b0a8b530d74f19a80aac90509e40c78cf8ee32,2025-10-06 06:31:42+00:00,2025-10-01,73894a4,1701ddb4,0374010e046262e368537069646572506f6f6c2f3737342f96d60507a001ae4c3a92000000000000,3079
0000000000000000000158df9739f46afb16dd040501715a97c4467e03dd1704,1756665,745506,3993183,918163,857292800,e4840277ed926a3601ce38b876ac5820b2e625cba3c4eb625b4e5bdcd955b3f6,2025-10-08 09:41:32+00:00,2025-10-01,d00eb986,1701ddb4,0393020e04e131e668537069646572506f6f6c2f3231382f29b0b8ab8c02686d3400000000000000,5024
00000000000000000000593b0dd771c399796e6a57f92734d2f3f31a13eeda64,1793217,733322,3993183,919190,673710080,ab72a48ae3c0bc4892cb632fb4aa5478aba557ea73ad7f896643a81240c27f44,2025-10-15 11:31:49+00:00,2025-10-01,c463ad85,1701ddb4,0396060e042586ef682f466f756e6472792055534120506f6f6c202364726f70676f6c642ffabe6d6d08f5efc24f9294025d775b091ac4ee6dff00f7e78433d97645179b05dc1f8de501000000000000006c17dbcce4411a0100000000,3271
0000000000000000000134b70347ad0538ad688a430a4dd7c5f3dbb6026a0412,1772748,740146,3993186,919157,580730880,c2d6656e5eeede9bf820d8cd9056054385137e9f921fb001def835091af9e8e1,2025-10-15 07:42:17+00:00,2025-10-01,88922766,1701ddb4,0375060e041e50ef682f466f756e6472792055534120506f6f6c202364726f70676f6c642ffabe6d6d31d5ad5d7168d889a892f783074729a570abe1df4af752044be5b9522c78ec1e01000000000000004f04036ef823000000000000,3772
00000000000000000001d4f8a29a9b5c8b1951c9f420f955073cde6800aeb850,1724656,756177,3993187,918654,577773568,61bcfe1532dfce960ff45f79d12441dcc46f4ef3e04ee0c571085837ca744787,2025-10-12 01:21:01+00:00,2025-10-01,2fb5f4ba,1701ddb4,037e040e047d02eb682f466f756e6472792055534120506f6f6c202364726f70676f6c642ffabe6d6d11adfebd614cb3641722c8f1f1721ef6dd0bd7e919c8f461ee6aa822d2a82c700100000000000000993c0dd800000698890c0000,3679
00000000000000000000c3c7e67e217bc0686832bd6adad4df3ba63ef65aad04,1716936,758751,3993189,917272,536961024,0fd96c076308da90108dc9178f750649e2b29491e362ec8299034e13d5cc6a19,2025-10-01 19:13:17+00:00,2025-10-01,22a0f452,1701fa38,0318ff0d044d7ddd682f466f756e6472792055534120506f6f6c202364726f70676f6c642ffabe6d6db97900473ad6db8943327c8da66a3fac7997108b3c981ec4c4928318d78956b00100000000000000962332988b7b000000000000,2848
0000000000000000000155dbdb474a7557122e3dc53b881748464b917e6d77de,1709536,761218,3993190,919139,809664512,49395eba5be353b228e84802555d41cdeab929ae5d2ac35ae8297be6f2b55bcf,2025-10-15 04:57:28+00:00,2025-10-01,2482aa44,1701ddb4,0363060e1d506f7765726564206279204c75786f722054656368e5001c06ef09da75fabe6d6dfb830105b17a68016f18f323dbb0f27f6c47682681b118b1e2191834ab1ffc2010000000000000000000a77a00b09b0000000000,4420
000000000000000000002d5f768b8fc1cdab11051fdca9f7178438afe4990f0b,1723454,756581,3993197,918657,582418432,ca7a08a940302bcc09b7e855d449f306c032eaf27dd1afd04094962c44561e21,2025-10-12 01:42:53+00:00,2025-10-01,9daaa92,1701ddb4,0381040e0f2f736c7573682fcb00c802a07e7eb4fabe6d6d3a90b3a75e279fc022f63b25ffc69f7f13c54d6db85d9717644f17d996ec130510000000000000000000efe71a00f33400000000,5506
000000000000000000018217073dd2dbd1f349314c6d068973d46402e0dc8185,1730850,754118,3993204,917931,618250240,de37eac05c90e7436ff8280b2e2782336169b78172abdab5eeef324f229cc630,2025-10-06 17:24:08+00:00,2025-10-01,95f39117,1701ddb4,03ab010e042ffbe3687c204d415241204d61646520696e2055534120f09f87baf09f87b8207c763034fabe6d6df7663ea61931c4918316d17df1c8e7ef8938c511a324fd412beb59cacca96f730100000000000000123f06f56a0000000000ffffffff,2752
000000000000000000002b806056dc2be3afb70c6d8b5f24ad005767818c0b77,1592988,800072,3993204,917899,560463872,92f9bfb2aaafdc048ce1ad68639cb1917a484dc23ba8b7194d30f53b2d7f9ffa,2025-10-06 11:25:18+00:00,2025-10-01,51364c55,1701ddb4,038b010e041ea7e3682f466f756e6472792055534120506f6f6c202364726f70676f6c642ffabe6d6d46f61ef7a4d58948bfd07f8846026672d2676c8f0030b4a4e30609e49810ee1201000000000000009846d491ec06000000000000,4817
00000000000000000000498b7854551b3e61e8843f36c7c2d62390ccfb13907d,1467918,841762,3993204,919274,568213504,5485c46d321dd6a86caa0e18c894c3c943b923c8776d9c2f8a678dbed0dc38a3,2025-10-16 03:02:35+00:00,2025-10-01,196a8222,1701ddb4,03ea060e044b60f0682f466f756e6472792055534120506f6f6c202364726f70676f6c642ffabe6d6da288007012659f49ac7024a094f8eee06bfc17840644407cf3ef39927ee494b601000000000000008d6ac9f00906000000000000,4245
00000000000000000001336c46dc31f79a0be35429b300eaa36a89fa8da11480,1560714,810831,3993207,917382,553181184,4ea6c504c9cfb528f4f03f190dec1b9a6341a1710824ed5d75e26ef8317e0a55,2025-10-02 13:49:00+00:00,2025-10-01,d7c5e307,1701ddb4,0386ff0d04cc82de682f466f756e6472792055534120506f6f6c202364726f70676f6c642ffabe6d6d9bd31894a3a7ed48aa310416d9c42576c5a5290109dd9375ffcc7052f444331d0100000000000000485bfcf5cd08000000000000,4548
00000000000000000001745e87760207e1a72829e53f84b7dc1fdcfb694cc659,1634611,786199,3993208,919178,607551488,5a5e2767cefe1f95c74a854a84fdce0b4dd816827205097f0de4ad0dd4d55ae9,2025-10-15 10:13:58+00:00,2025-10-01,e4db375f,1701ddb4,038a060e04e773ef682f466f756e6472792055534120506f6f6c202364726f70676f6c642ffabe6d6d1e75b2364e771e3beae80212dd4a8bfe1c55219eaf3bdda3fed4092751033f7401000000000000006104f7103106000000000000,5868
000000000000000000011fe379fa04703001e6725e2a19a6781ebb52199f0012,1669025,774729,3993212,918882,595943424,5568c4d37c17a11d1a64452c4320baa0f282332bef84e129cd4a4c749a959b92,2025-10-13 15:13:39+00:00,2025-10-01,6f728f3c,1701ddb4,0362050e040917ed682f466f756e6472792055534120506f6f6c202364726f70676f6c642ffabe6d6da422e05bdc25025ce17f356ddb7ff085ac2afff7319ef5c12fa44d4422ace3b20100000000000000579258c151c0000000000000,4952
000000000000000000006de1fc99f94542df01a6f763667d2579ea28c3e293ef,1675769,772481,3993212,917790,675291136,8cbe1cd6e4ba205e8904799a99eeb7b05133dfb875edd96dd9c13401ee38ce0c,2025-10-05 17:24:00+00:00,2025-10-01,cdf11c12,1701ddb4,031e010e14526564526f636b20506f6f6ccb00ca03dc2cde14fabe6d6d93fc9fa178296587ed033ec18f07b1413c64cc70c8adab0c95af4f7ef8fff3361000000000000000379d0000bc25000000000000,5709
00000000000000000001f3f01f7ffce0ac6758cb38c91fde0c22bf41dce56524,1551530,813894,3993212,917230,624640000,849b807c9b37ed455a56876af52479f4eed566ee5b05791c282a28fa33a07dd5,2025-10-01 11:48:32+00:00,2025-10-01,d3b6870,1701fa38,03eefe0d040815dd682f466f756e6472792055534120506f6f6c202364726f70676f6c642ffabe6d6d338a3d75ce11f3a89c23f2663578bd93361dfa4f756b7dce6dcd84c1b81e6c6d0100000000000000572eff5688aa000000000000,3281
0000000000000000000004b8721271814cd855df0efa99847bd96efd456c3702,1803575,729880,3993215,918145,578379776,57595fc36d1c3d324f23c623489a1a71f2b92f3139cc23d30e0409e904a9ae4d,2025-10-08 07:41:06+00:00,2025-10-01,c9e68e46,1701ddb4,0381020e049215e6682f466f756e6472792055534120506f6f6c202364726f70676f6c642ffabe6d6d52805daf58e1e50c6772666e4829f3e06c85b59f6bfd9e15904d22ee8a2f42c501000000000000008c5badebf4db260000000000,2426
0000000000000000000173fba871e35fbd310e7f135d0397730a9aa3ce7714c7,1624985,789410,3993215,917879,649330688,8290cc3fea9a9b86db0969944575ced3b009983097bc8af9fe11833e8e775250,2025-10-06 06:56:51+00:00,2025-10-01,97a8a658,1701ddb4,0377010e043368e3682f466f756e6472792055534120506f6f6c202364726f70676f6c642ffabe6d6d14267196826675d51735bdbeca539247af49cb7d351135002287597a74376e6801000000000000006e1822ab405a0f0000000000,3091
00000000000000000000bae3e5256aba522d1bf28ea66cdfd085ebfe7031e07f,1637120,785367,3993221,917466,619552768,587ea4c81e358147695265cb3935bf2cba7f498a08a842894b597a419dffd2a7,2025-10-03 05:49:32+00:00,2025-10-01,5c42efc,1701ddb4,03daff0d04ec63df682f466f756e6472792055534120506f6f6c202364726f70676f6c642ffabe6d6d45ea98c459cc86beb6cd7496800412fccac72442318b821d67bd6b6cafbf35950100000000000000937718aebe60000000000000,5431
0000000000000000000164b711676cf65085f8b240da8d627ac82d259446e2c0,1691422,767267,3993223,917488,583516160,61db41c8fd56beb25d4000bbba09244335dd55b4ada5acfe5083602bac7be273,2025-10-03 09:55:42+00:00,2025-10-01,f48b6838,1701ddb4,03f0ff0d049e9ddf682f466f756e6472792055534120506f6f6c202364726f70676f6c642ffabe6d6d469ca17086082dc51e71eeece9810eecef0e2ffd0b8c8439cb74389a56deca8701000000000000006784d384dc92000000000000,3214
00000000000000000001d7d619948ecd4eac83a0a47382fb11b19cc069e8faf0,1715813,759137,3993224,917244,602882048,94586b08ba3eeb63c211e08ae92acbddd08208a1d00a26c6d7a7e23b09819fe3,2025-10-01 14:31:15+00:00,2025-10-01,961c18d2,1701fa38,03fcfe0d04483bdd68537069646572506f6f6c2f3335372f4727359e657fb3a4f377000000000000,3601
00000000000000000001172883723ab68e43fd50d269d69b35d951d71a9c582e,1746102,749041,3993225,918203,610238464,5fc64982f99f879fb13c235dddc59b89fc01b774a23facd833a9ae2185cb267a,2025-10-08 15:29:50+00:00,2025-10-01,44b2180c,1701ddb4,03bb020e0f2f736c7573682f65008201bbf7e0acfabe6d6d29bd6ff25a1f8db35b006fc03b5a1a8aca5945a04960d22860ccbad71a34cd40100000000000000000003ff47700000000000000,3481
00000000000000000000f0323da58e5fe39bcc8c81a965a38a149d4f94bc244b,2117589,625213,3993228,918104,607977472,aaddf8b52308f194407da0dae89ca0f5a7e344723c56a88a9cf7327f912f2062,2025-10-08 00:43:35+00:00,2025-10-01,41f97b81,1701ddb4,0358020e04b7b3e5682f466f756e6472792055534120506f6f6c202364726f70676f6c642ffabe6d6d99aef5837118322f55edca61caccf2c8f49245cc5af20841e22746f0ff27ed540100000000000000776f0af67901000000000000,549
00000000000000000000f3afa98e1dae1a0ce779f18a0d8602779d963f4735b5,1659567,777887,3993228,919262,820232192,f16ec9393028a771d4eac272b6cedd09f302798448615795ff3ad3bdcc8908a4,2025-10-16 00:45:05+00:00,2025-10-01,c0a99323,1701ddb4,03de060e041140f0682f466f756e6472792055534120506f6f6c202364726f70676f6c642ffabe6d6d407ee077c309547290a311bd1126dbb8ecc5329009d066919f7344d54dc916cd01000000000000006d1289510000000000000025,4802
000000000000000000004c1db813c8b72e2042433b7d384d63c905078b23766d,1588432,801599,3993229,917210,590602240,8480c7fc9b5cf8f4b23e91bcf436673a61a21d5653047ac27673495ac1b23d3c,2025-10-01 09:24:02+00:00,2025-10-01,9741c66a,1701fa38,03dafe0d1b4d696e656420627920416e74506f6f6c3936358e0011052497a793fabe6d6d5701296ea74641d3b94a9f8d4a1f31b04aa17765458a9cc6a75788e522c5642410000000000000005c5b0000b44a000000000000,6129
00000000000000000001d8a5449642da0fb324e3584e770a6680d5440ece80e4,1671661,773856,3993229,919120,536961024,7b51d4186ebab67bd0b8022f8186dd13aeea3f49e2f281e1707e278d208097f9,2025-10-15 01:35:00+00:00,2025-10-01,48f9718b,1701ddb4,0350060e0444faee682f466f756e6472792055534120506f6f6c202364726f70676f6c642ffabe6d6df7db2dbd0028290f00e7fc146d91ea3c88ab16ab6974dd4a910da8d9f21fc70b01000000000000008007e78a66ef000000000000,5851
00000000000000000000fa6c99fbb1dfce1ef67e1c7956653d0160d525dd7780,1331264,887322,3993230,918770,546324480,f2cc15b0721f7d1fe913bda17870cfeaae447a5406dc9ea1a3ded44ed44a940c,2025-10-12 20:27:19+00:00,2025-10-01,dfd8786c,1701ddb4,03f2040e04fa0eec687c204d415241204d61646520696e2055534120f09f87baf09f87b8207c763034fabe6d6dbc15c06ffe0e9077f462b6a023ee9861230f86493817a63da7886714a3a09e80010000000000000013db64feca0000000000ffffffff,1935
000000000000000000004a1075724d58c0e3856e819a42671bd000bbffd9a482,1525324,822636,3993232,917635,804077568,d2290c377266bb579ae9685163ebbbc78c06271f95391df12254fa108ab92c72,2025-10-04 15:28:35+00:00,2025-10-01,46c39115,1701ddb4,0383000e04233de1682f466f756e6472792055534120506f6f6c202364726f70676f6c642ffabe6d6d8c42c699bee1d9c621b141accbf71017f7f7874a5b2aa274e7eb469f7f0069e70100000000000000986ce4e1cd6f000000000000,4808
00000000000000000001310fc7e430ab733a6e61c999d3fa37090fb7ec21ff25,1696886,765450,3993236,919078,672276480,7d43c9785bcbe862a5b0e0978950b1481fcc4ead927b610cce89867cd3edc5a6,2025-10-14 19:20:51+00:00,2025-10-01,8ae74500,1701ddb4,0326060e0493a2ee682f466f756e6472792055534120506f6f6c202364726f70676f6c642ffabe6d6dcf024416e80a9736a33861bed6010143329c214b2693b116da0741a4dda5aadb010000000000000086dcd81be8ea190000000000,3466
0000000000000000000043c43416308488d5fbf56f241e364c0dd6e7cf5d2ba5,1615784,792484,3993236,917996,634552320,a4e55229f2784d1caecfbe395fe854cb59d24ec135ad20dc847fcb883e3b069a,2025-10-07 05:06:27+00:00,2025-10-01,e5b4f5a9,1701ddb4,03ec010e0f2f736c7573682f6500b006d9ffb4a2fabe6d6db2e975d6009d0306dde37fd177b8cda409d88667f7b336dd2bf4f6bc77f0bb911000000000000000000042855800000000000000,4653
00000000000000000000a9e2b38a80f7acb42b5a0aaa5a156877a836b40ff92f,1541786,817151,3993239,918493,537608192,88ddefdbeddff9d8e6d093c1c59cad16041c2d302d82f2aec19b1d7dc4129f13,2025-10-10 23:10:07+00:00,2025-10-01,2a8bfbc3,1701ddb4,03dd030e046392e968537069646572506f6f6c2f36392f48781465642a49297179010000000000,3706
000000000000000000013087fae140be6fa2242692979d286e82ef1881537dd7,1657413,778609,3993240,919003,537886720,cea62ee7889e16ab61b3e41f52d963a80dfe869229325805d2cc359911589916,2025-10-14 08:57:38+00:00,2025-10-01,ac10fc55,1701ddb4,03db050e049610ee68537069646572506f6f6c2f37382fa08564d46400019a1357000000000000,4727
0000000000000000000021218656cf6b379ac9b9d3ffcf58df00eafa21bcdb68,1849034,714737,3993245,917220,537509888,4568abe679cc5ecc5bd4fa8739bee1d2cf31b54afe0794ae95a5cfcc716540e8,2025-10-01 10:24:12+00:00,2025-10-01,4e4d5198,1701fa38,03e4fe0d044c01dd682f466f756e6472792055534120506f6f6c202364726f70676f6c642ffabe6d6d45d774cd5d1b1bb002bfba16fcf6ee53d7375eb83fce61c477209d32310916b20100000000000000457cbb1ebd86000000000000,2844
00000000000000000000443c5d4677de8a5616b2e1e073aed4945d1cc21cb4f4,1587272,801991,3993245,919250,566951936,4b5fce2e72046f6c929daad8b24ea2e51c4e1a048a4e8d89d46e76e9aaabe399,2025-10-15 22:41:21+00:00,2025-10-01,2a121277,1701ddb4,03d2060e04ee22f0682f466f756e6472792055534120506f6f6c202364726f70676f6c642ffabe6d6df2e747653bb0358b7a0e3c24e8ff4d5d3d9a056dab15ae278de5fa979aa27a3a01000000000000007a15ed5e7702000000000000,4348
000000000000000000007d62cd0e2c94c7cb33e3fc1e1da22c9438f93274fdc7,1588044,801734,3993246,918649,702349312,1052c7fb4d758fce99ccab96c57b514cca1c9e6d43204a507d00845422c157f1,2025-10-12 00:30:27+00:00,2025-10-01,d6389d93,1701ddb4,0379040e04a3f6ea682f466f756e6472792055534120506f6f6c202364726f70676f6c642ffabe6d6d9495939368b3d3d503ee9cebe6494a2cc2153b843dddc5cea6c376395dc8027d0100000000000000695498380000b7c7f7440100,5175
000000000000000000009f90c2b0bdb2b9fcb592acb3dc0fe5c4555eee848fa6,1687757,768497,3993248,917252,589275136,c5b10d2c3543c9c323e3c59b461fedf046fdd23cd901fd675158a206dc584279,2025-10-01 16:11:20+00:00,2025-10-01,acdbe9d3,1701fa38,0304ff0d04a752dd687c204d415241204d61646520696e2055534120f09f87baf09f87b8207c763034fabe6d6d5a4ba744170bd3be39b6c7a7224b97f86794bdec38c412bbe99b343c9cb84605010000000000000013762dd4b10000000000ffffffff,3154
000000000000000000004ed807aa55563ec93d85ad68660b63d75022bcb65750,1836633,718872,3993249,917354,669384704,c640cd6287234bebe3c9da1e6bab7933f290f90db52411e62eb98d3e204d8397,2025-10-02 10:36:12+00:00,2025-10-01,88677284,1701ddb4,036aff0d0f2f736c7573682fcb00290341622f67fabe6d6da1fe4ea0ef4af7d194715506c6d15e87c3c7cbcb81c270c03e81b56e04f027a010000000000000000000787e1d003e0000000000,2420
000000000000000000004745e79ab2960c18d74e6bc4cbacacb629ee9b62cacd,2017272,658659,3993249,919131,815349760,bbd8a7d203694b86a58d1ef1891d660381046d75e7ced6911c6c8d27622db832,2025-10-15 03:44:00+00:00,2025-10-01,de542ab5,1701ddb4,035b060e048018ef682f466f756e6472792055534120506f6f6c202364726f70676f6c642ffabe6d6d20fe7dc80be65f5423c3fb01e696bf324976c320a6c59d448f509f239013d33401000000000000005c6f738e00000689d5830000,2080
000000000000000000014400854f984ea5e50a5477257898e0ae48f081879a9f,1566067,809061,3993250,917304,669630464,d0ef62b0dd2e40d2421938670e415e7977475457c15fa24c35692a7f81a82bdd,2025-10-02 00:33:40+00:00,2025-10-01,b40289c2,1701ddb4,0338ff0d0464c8dd682f466f756e6472792055534120506f6f6c202364726f70676f6c642ffabe6d6df769f004654d54434b533298028a1176d833ef127bfc7f006da6af5f676c129601000000000000002e93d634f6f79a0000000000,4228
0000000000000000000187550bd559d8d9999e0e7fc0d50a146cad8f25b73ca0,1821835,723805,3993250,919144,630775808,475baae2c399f9c1b5373e17e28b6b61db9b98be99e9c35d33b55e8a97e458d2,2025-10-15 06:45:12+00:00,2025-10-01,45f40515,1701ddb4,0368060e04ce42ef682f466f756e6472792055534120506f6f6c202364726f70676f6c642ffabe6d6d9c234ae639687a857e55d943f67cd72d87c6f5716e86511a8eae12efeac50357010000000000000089151ae30d92000000000000,3860
000000000000000000004447e4613eae92156265b8cbf6d8749fc9e34911eeb5,1670228,774342,3993254,918395,545038336,a7da6492f2d8b1fd231ebd28a4280d7ab3167a88d13f40c82d1795505cc082d5,2025-10-10 04:20:24+00:00,2025-10-01,19a4ae7f,1701ddb4,037b030e047789e8682f466f756e6472792055534120506f6f6c202364726f70676f6c642ffabe6d6d8dfb82c693fcfea7c57e8d51b7b9ac2adb33b46c9fc67f1863a1a9a1ffe6a4f80100000000000000579258c194f2000000000000,5121
000000000000000000012511af1be9415acfe1b10461f08ddea3542fa96daea1,1791258,734000,3993258,917204,879501312,a6ffbf7c28e48ce15f2b6faf7db38b948b6974296034ae21f8caf236b7eae4bc,2025-10-01 08:54:19+00:00,2025-10-01,44cc7660,1701fa38,03d4fe0d043becdc682f466f756e6472792055534120506f6f6c202364726f70676f6c642ffabe6d6dbdb0503bac1fe6f846e2c935c19afab14a4c9cc7da192bf06ed6d0d7ec118fa90100000000000000700c4568f10a000000000000,3643
00000000000000000000ed3ac9cc045e5f86a46b6b0249788f7b4e6a3e7e4517,1601434,797275,3993259,918709,545972224,1a4eceb533df567aa35335c0b18735a4cd577edc09d2b643d9e1a5c705226fe9,2025-10-12 08:48:39+00:00,2025-10-01,31533be6,1701ddb4,03b5040e04676beb682f466f756e6472792055534120506f6f6c202364726f70676f6c642ffabe6d6deaff7be0d24a5eaa9df7b73722d85319026bf55444aaaaa528f4873f116aae4e0100000000000000611fe3320c0b000000000000,5841
00000000000000000000120d54442eb89d9834ce6834e73eeba52facb55dcbad,1879985,704425,3993260,918017,707928064,968ec625830f84dd048f4380c1f31ce37ad4dfede126b1d13f42f6bf123a2e66,2025-10-07 08:39:06+00:00,2025-10-01,d1e9ee04,1701ddb4,0301020e04abd1e4682f466f756e6472792055534120506f6f6c202364726f70676f6c642ffabe6d6da98ac22e8d2b2e5f1d011a2a178ab4400e7ec3cb7bba429aa9ac4593331da409010000000000000093fd66f35ec7000000000000,3395
00000000000000000000a8260d797adf21f4e3852f4d3abe2bc010d586d489d9,1664791,776157,3993262,918897,614473728,730c342ffd1482bc83d2aadd5f47f1609c316d2d21f33815d4d016dbe6ca8496,2025-10-13 17:44:04+00:00,2025-10-01,64d44e98,1701ddb4,0371050e0f2f736c7573682f65000007fae1e9bafabe6d6d74256100d79fc1d263e21d9f2831822d5389a154aff696aace7c74befb73432110000000000000000000b5842800010000000000,4049
00000000000000000001000c8293761796228a15ba235b04ebbed5cc9e9f3c64,1833410,719951,3993263,917634,593076224,cf955fd0f611f0f8e845671c28eda0201ce646d4e2fcd42ec34c9c5aecacd8e2,2025-10-04 15:23:21+00:00,2025-10-01,fa982b18,1701ddb4,0382000e04e93be1682f466f756e6472792055534120506f6f6c202364726f70676f6c642ffabe6d6dbd9dc99a3e121f0b6054ff72a6e4cd5b84d2608a2bb0072b5ca88c003e56a52101000000000000006b83d16c242d000000000000,3943
000000000000000000003b80bfc81051c469fa46f41bdfe0f9071a871b6e5d9f,1651557,780569,3993264,918943,610435072,9245c4c9bc5551792bf1d74de3aebec0787bfaa7a7c2d478a23ad3f206ef225d,2025-10-14 00:31:06+00:00,2025-10-01,d6f7fd88,1701ddb4,039f050e04ca99ed682f466f756e6472792055534120506f6f6c202364726f70676f6c642ffabe6d6d913589b28aebf2af725a00faf486907ad86966bc7a1eec7554a5511860a9ed4601000000000000008372983b6859000000000000,4086
00000000000000000001a49a94f5acea9871683b8e93d1dd88712ca5ca93d44b,1758372,744964,3993264,918786,545587200,83f093b0694a1b8233fa10e221a8257747d96a3df5a9b7ced50592ecfc352303,2025-10-12 23:20:18+00:00,2025-10-01,ab1ffe3b,1701ddb4,0302050e04b237ec682f466f756e6472792055534120506f6f6c202364726f70676f6c642ffabe6d6dddd9d8e7fced7c04c0eca4b75308321bc3af243677bf2f4e39fdacea29a24c6901000000000000008c9171bafebd010000000000,4610
0000000000000000000126268ede318bdad0a65b359d9753682c2552e4f0cbbd,1608234,795010,3993264,917694,537001984,12e548a1eb7002955d3c6a5453663168e1662f79e3436671266f6d0a643c9f88,2025-10-05 01:33:26+00:00,2025-10-01,4b15bba0,1701ddb4,03be000e04decae1682f466f756e6472792055534120506f6f6c202364726f70676f6c642ffabe6d6d4ea1ca0b11f77fe4af9a8fd1cddccff1239553478f3f6b74185b28d2b884eefd01000000000000007cbf4a9600001ce32a2a0000,5004
00000000000000000000913927d4eaaee716f993e375d0f372a29c3cc2de7038,1570358,807636,3993266,918055,653262848,4e18a00f5ee369afe10a52cdc74cef32a4826474fc391458467451707ddea1b3,2025-10-07 15:27:44+00:00,2025-10-01,45679d31,1701ddb4,0327020e047031e5682f466f756e6472792055534120506f6f6c202364726f70676f6c642ffabe6d6d322516cef52c3ff2081ba2f0888313391114e2c2fd5c6a4437f027ce78b2cd120100000000000000676f3512000017813a4e0000,3051
000000000000000000017ac704feb277df1b42f66ec4bc10a659167250b2df1d,1697709,765186,3993267,919289,611778560,02aa001f64c9cd28b61a0cc9b4b778e0add85bab03ba85497d2f9d7064336dc6,2025-10-16 04:38:18+00:00,2025-10-01,4ff75467,1701ddb4,03f9060e04ba76f0682f466f756e6472792055534120506f6f6c202364726f70676f6c642ffabe6d6d4baeae1f0e66568eea866b9b3e87393f99ecab2d6061e3cfecaa0181fe2ab8a701000000000000006a1779c0ac02b90000000000,4430
00000000000000000001b617f81812940ca9e650cffecd88b97ebbab811d21f6,1886726,702181,3993269,918586,810934272,cee19b94bd9874d8f119016b96f4d9bafaee7d3558e54590e88fd05d72d6655d,2025-10-11 15:38:43+00:00,2025-10-01,f6c51e0a,1701ddb4,033a040e04037aea682f466f756e6472792055534120506f6f6c202364726f70676f6c642ffabe6d6d408e586cac5dbe7c14b51803c1f89f6251727f1ecfe4208bc4ee83b029cc5b4c0100000000000000245629582c52000000000000,3551
0000000000000000000001617afdface373fe80cad03275cd906d13922bef6af,1584107,803054,3993269,919249,607076352,c9826a0801550205b871394694899d07b0df71038328d15d0bd55c24fe7a5c7d,2025-10-15 22:32:27+00:00,2025-10-01,bceed214,1701ddb4,03d1060e04fb20f0682f466f756e6472792055534120506f6f6c202364726f70676f6c642ffabe6d6dd691a4968a7587dacc8a2e185e328d46e29a31c693f5bc41c60ebc112ad3928401000000000000008315ec69cf8e8d0000000000,4014
000000000000000000001dad90c2175d6d219f72f057f72dc4a504f2d55632cc,2044815,649485,3993270,918133,537255936,140546faf29fdcff18445775553794eac5e0d8746bbc8904005dbe6ec98bedbe,2025-10-08 05:21:56+00:00,2025-10-01,deeeb196,1701ddb4,0375020e1d506f7765726564206279204c75786f722054656368e500c600e2e5cc25fabe6d6db1b59e2e3ec8b47e3440645aeb51e88c5cbf7b176823fdd63f0801a36d3fcc0510000000000000000000d59e004ad70000000000,1940
000000000000000000003c3d99cb597f21a6d55078d7efa9947998200b137b1f,1630298,787658,3993272,918029,766722048,f2d98671e8446a0d80ce4148bd73e06ecaea186c0153c5f081e88aa1784fd010,2025-10-07 10:40:34+00:00,2025-10-01,f7075b80,1701ddb4,030d020e0422eee4682f466f756e6472792055534120506f6f6c202364726f70676f6c642ffabe6d6dd57781b6ae51806794a3db59db6510554dbcc308239253ece4ad2f2ff0bc0e490100000000000000760de3ba6ea4000000000000,4738
0000000000000000000164253c2c82ac331e076e92067b28e35c74e5762c159a,1629324,787983,3993273,919046,670949376,b2b81b32f869a021dc169e6c589ae02e3dd2c6d9860c3af6c45e585d3f6813a7,2025-10-14 14:40:19+00:00,2025-10-01,a65a087d,1701ddb4,0306060e1d506f7765726564206279204c75786f722054656368e500b604bc7e925ffabe6d6d4f30c96c872c76aaa49ded5de0933a7104bc1475d20a989cc42805a87bc70b4110000000000000000000d3d40000000000000034,5323
00000000000000000000552780a008d5465ddd113ea97f8ae3dfba88f7b4251b,1798921,731451,3993274,919087,776642560,d0e9f88a2d25ed742d348ded770949e25ae396b7f3b9486dac03ca274e490652,2025-10-14 20:38:31+00:00,2025-10-01,83473572,1701ddb4,032f060e04c8b4ee682f466f756e6472792055534120506f6f6c202364726f70676f6c642ffabe6d6da6990894aaa701b384d9255319c9ba1300291babab0d5ee560005f0efed9056c01000000000000008503320f240b000000000000,3687
00000000000000000001d16fe5bb54ac6a0cf080e1c4eb2bc5f8c8cb8b599848,1584518,802919,3993275,918010,555401216,91ae5b15406fab1513216c45e9a321a45a1e5bb955a2ff95438b64df44445b2e,2025-10-07 07:43:44+00:00,2025-10-01,a5a5b40b,1701ddb4,03fa010e04b0c4e4682f466f756e6472792055534120506f6f6c202364726f70676f6c642ffabe6d6df3972f53b39a14cc3e415955fa2ef8b95ab0d2159d1a7d8fcafa4e2bf0f5afdb01000000000000009867fd3a9804000000000000,4889
000000000000000000000022c39cf802abee1c1317392ff767b65fbade425ee5,1698723,764851,3993276,919268,590512128,00777a551c7f4d0a1ceea94c65635f86dffcb2fe2763db0f970528c12e84f357,2025-10-16 02:15:35+00:00,2025-10-01,abda815c,1701ddb4,03e4060e043155f0682f466f756e6472792055534120506f6f6c202364726f70676f6c642ffabe6d6db7b55e7f6740f1b586c9e7bde943b503f083b40b43fd5c8da31a733060cf87de01000000000000008a15af90c598000000000000,3081
00000000000000000000d429938072d8c29737b2e7fb4b179ae7a7e2e200197e,1720183,757698,3993277,918814,665976832,be520b03fe25e1841dd415e1b4af75b79172d70fd0c1e8997e70159964c3fd9d,2025-10-13 05:10:42+00:00,2025-10-01,c709ee76,1701ddb4,031e050e04d289ec682f466f756e6472792055534120506f6f6c202364726f70676f6c642ffabe6d6d70441cf06cf56252dce12b370b65d5eec5d7e2a41a4cd1717b00a41af62e164d010000000000000071df6ead4e32000000000000,4459
00000000000000000001b588cc736702269604e3b8e41b1dae8daafcd59a3c0f,1626845,788811,3993278,919038,599834624,5ec25e2c3bf12eadef4697e8489b8ceb65228f42c39ee648b9e7ff6d184bcbd3,2025-10-14 13:12:47+00:00,2025-10-01,da5af4e4,1701ddb4,03fe050e044f4cee682f466f756e6472792055534120506f6f6c202364726f70676f6c642ffabe6d6d95e3593508d79bc4beedfb9f106d78ec008c0acfc5ea9d3d9387f72f7113cb9b010000000000000078fa1bf9854b010000000000,3599
00000000000000000001c91ce1114f4e1ae97ab0736e73b9dc18a69e03c3fbfa,1452590,846896,3993278,917854,586489856,a875bc5c8111c17123086e1bf7ef722e117bb0c72ba189af9bba22571026662e,2025-10-06 03:06:42+00:00,2025-10-01,82196947,1701ddb4,035e010e044232e3682f466f756e6472792055534120506f6f6c202364726f70676f6c642ffabe6d6d44446500ba3b93584f708a9e824cc4a11fcb1b5aedef6b72c9ccc79a7a371f2a010000000000000069e6e6d56721010000000000,2300
0000000000000000000184ade3b01456e5344b279793a5220f7a7013ad2006d9,1629178,788034,3993280,917171,687398912,bac30fd784a25b8c62c66efdf95edbe1d530ca914239b55d8203f02e4fb61f51,2025-10-01 03:25:20+00:00,2025-10-01,66c3d8ba,1701fa38,03b3fe0d04209fdc682f466f756e6472792055534120506f6f6c202364726f70676f6c642ffabe6d6dcd59f5799a9f098938b90c37ad42e6885e66b88786feb8cb210b3e35d2ea93db0100000000000000360e823d9c10000000000000,6378
00000000000000000000724eb007c78cb33de3767b7a26f2a5cd21b952b116b9,1646759,782174,3993281,918673,580501504,bd64401e4f31efd671994922872c4e85162f3dcefc5ccd11df6aa8495d117655,2025-10-12 05:01:11+00:00,2025-10-01,2e86197b,1701ddb4,0391040e04f735eb687c204d415241204d61646520696e2055534120f09f87baf09f87b8207c763034fabe6d6dadfecde082299fcf19b694bf61e1f546069f5cec4b77ea8f9d4e14b693e2925d010000000000000012f639f9470000000000ffffffff,2477
00000000000000000000c7d357bf6e37e55adab32059bd8f0fc58ef481366e78,1583677,803202,3993283,918689,582213632,36931386bd982dd100b3e2e12c4c6b63ef251c8a1fa2db7faebe23a4fd10ef06,2025-10-12 06:42:24+00:00,2025-10-01,61a0e120,1701ddb4,03a1040e1d506f7765726564206279204c75786f722054656368e50028030b9c2029fabe6d6da72766185def8f82c5923ad16508cbfd467e1d9e8ca6355a82accae26d81ebb3100000000000000000012b5c0000000000000000,5139
000000000000000000015b0917635f4a2cd0cf9c8d21dacf15e7b7a60a257463,1784756,736176,3993284,919156,582975488,7f3231b8637ef716dd83d478f66747bffad30b709cf0d738c7e6d397b53d40a8,2025-10-15 07:36:12+00:00,2025-10-01,28139c67,1701ddb4,0374060e04ec4eef682f466f756e6472792055534120506f6f6c202364726f70676f6c642ffabe6d6d8daab099c1ac809348d4188083ce4c5c10fcb3f404ee2b9b9e5aee1b3c6649b70100000000000000933c39c25f09000000000000,1993
0000000000000000000029d1571bbd970c750eaeb23a23b666dba9ebc23585a5,1697651,765212,3993287,917620,585818112,49e2357a9f1cecbb37116c6d6ebb365135e787163301990ccda3421df8f0aa02,2025-10-04 13:09:54+00:00,2025-10-01,b610ddf3,1701ddb4,0374000e0f2f736c7573682fcb00c8027dabf8affabe6d6d50a61fa34d5a461717b335bbe1003129acef5f177ef1cd43162a6bcff202322c1000000000000000000066691d00010000000000,4040
000000000000000000011124a15b43fc430a28d5c50d15a5edffdbdcb50c0702,1578131,805052,3993287,919123,801095680,730225784257921a19b7ee94a8422661e3b28d16089d1a2459a529da7efb2463,2025-10-15 02:10:41+00:00,2025-10-01,f9d21d4e,1701ddb4,0353060e04a102ef682f466f756e6472792055534120506f6f6c202364726f70676f6c642ffabe6d6d28830940fe30dbb2fe2ed28ea60bb3b21accb70bef30716669f233e4d4c3741b01000000000000006517f6ab2300000000000000,3963
00000000000000000001d6d125fe59a54e9c26f0790c278b48cb0f8e1bdd22bb,1691527,767254,3993289,919263,630145024,425bfa7d6ccc814a53698349d95262041be6e8683b24ab25ef9431c50678dcf8,2025-10-16 00:48:04+00:00,2025-10-01,a1257eb,1701ddb4,03df060e04c440f0682f466f756e6472792055534120506f6f6c202364726f70676f6c642ffabe6d6d0b8545107eba07a5b6d88211fbc16264c739a22fe3448420f63e1e75a76339d101000000000000007b3b26f49c04000000000000,4281
0000000000000000000188550172358cc5ce4d4841313f33bc91dcc484081631,1609580,794570,3993290,918916,623239168,c6d3cf86e0550106e43892ff18956fa76f99ea0919fadc737120af9cc162147b,2025-10-13 20:28:58+00:00,2025-10-01,a5987949,1701ddb4,0384050e040a61ed682f466f756e6472792055534120506f6f6c202364726f70676f6c642ffabe6d6d3124e81a0ea2d920bd0f9a5fac30cd46de707630cc8c6c3dc2cb82e2026e12b2010000000000000052760ec1b759000000000000,5853
000000000000000000019ea542a924eb23f01640cdbdfd9c94500bbf75ec710f,1752075,747072,3993291,918987,537051136,50c8979502281531769cb7d9782cc49c06a28bf7b95791b02235c3a39353962d,2025-10-14 07:01:37+00:00,2025-10-01,8c6a5330,1701ddb4,03cb050e0451f5ed682f466f756e6472792055534120506f6f6c202364726f70676f6c642ffabe6d6d8d87ca0a49d17543499d18c20f850ba2ca52080a9a977679a945f255f514e55a010000000000000077b2b3964456000000000000,4376
00000000000000000000499861455ee4f2e541eb248a1d16bad05ee182d7ce54,1680427,770955,3993292,919019,827809792,b254d53e67c290c9543240888391bf13b670df55e0fc2f75cd60158708213789,2025-10-14 10:49:58+00:00,2025-10-01,ec133a40,1701ddb4,03eb050e0f2f736c7573682f650068046a1dbbbafabe6d6d28847612ba1ceb88704383961ad5812bcb6bd11892495f1b20f7bf7a43f0ac571000000000000000000074572a007a0000000000,4337
00000000000000000001801ce5665e549302cb66dab1511b74c0f5f854eedc17,1566586,808902,3993292,917698,571383808,bd59a1a631fbc83b4e5a15b5d0e635091a1bd452a2dee727288cb4414f4f9188,2025-10-05 02:23:22+00:00,2025-10-01,998cb95,1701ddb4,03c2000e049ad6e1682f466f756e6472792055534120506f6f6c202364726f70676f6c642ffabe6d6d4a18f66000967b29ab69d3898d45e36dda2c677ec1d4d7b6238d7b8db4cf20fc01000000000000005b6d9157bc2b000000000000,5188
0000000000000000000114072a7c0247522eafb54530b8b19ea5a8b6c33a1d0b,2006599,662232,3993295,918040,537436160,274d0bf5f4c5a24ee1951fcd5278be603ffc6e8328e58b37067d032f59d5ac16,2025-10-07 12:40:38+00:00,2025-10-01,7e1bef85,1701ddb4,0318020e194d696e656420627920416e74506f6f6c20f90089067ccd525efabe6d6d77b3b20f02f4b25fbaa6c96774d43c3e692386b186e0a36b36d8be2b82bdea7310000000000000000000379da12d000000000000,4918
000000000000000000000e79935bdcb1cedcaff126d51843f5c4395a8ee6e9d8,1989134,668054,3993296,918442,545628160,750ed6798f61965a326731d85361bf25edf903b5fe5f354e3f567bf2f4089cc7,2025-10-10 11:54:07+00:00,2025-10-01,27458e38,1701ddb4,03aa030e04c5f3e8682f466f756e6472792055534120506f6f6c202364726f70676f6c642ffabe6d6da41f7d82f34bd1ee0a79b23821c0cad5fdabbd27e87c5f9d509182a8b63117ea010000000000000024d5985bdf00000000000000,1681
0000000000000000000007e0fe83f2cfbd7dfd65805dc765e66d2301665502b2,1777857,738480,3993297,918594,592732160,ad2f9221993f7918b8592a0c87d047cf840288b6271f08950b28a1f4ea8f680e,2025-10-11 16:35:30+00:00,2025-10-01,10debfea,1701ddb4,0342040e045287ea682f466f756e6472792055534120506f6f6c202364726f70676f6c642ffabe6d6da2bda8b0cd40d4a31c4739ec75009ee5230f50069f73d4ca2cc4d84c92712e390100000000000000678fb12a2103000000000000,2865
0000000000000000000022fef3fa07d073b7bf303b15db2cc56183895c83b834,1787754,735181,3993297,919170,541065216,c852b7733eeb995329e61a358f31a0d5046bcbdba3446b3e88d932170ee3b063,2025-10-15 09:11:57+00:00,2025-10-01,f125670a,1701ddb4,0382060e045d65ef682f466f756e6472792055534120506f6f6c202364726f70676f6c642ffabe6d6d9ad6a59da0b1f8b25e88ea607e992db0be87bb799e80a562b28931990da2cc9d01000000000000005449df7db093010000000000,3858
00000000000000000000f2aca6988d7d732e7540bab0bf42d534fc7d3606b3f0,1559330,811323,3993299,918519,738639872,940b383f172c39d8ad3dc15e8885a6c2146933f35c54ca2b78edbbf0934aec28,2025-10-11 05:20:53+00:00,2025-10-01,7bbd4c18,1701ddb4,03f7030e0449e9e968537069646572506f6f6c2f3430302ff94a06ec8d0094b63506000000000000,3926
000000000000000000000ad363c060ca7a150d65a18b74a1d93bee0553d25fa7,1786404,735632,3993300,918272,636362752,2c0d2859e59c8fa38bb9b2fc083dda2602486d2b6e5cfdaf852990de57329ef1,2025-10-09 06:50:57+00:00,2025-10-01,f87db939,1701ddb4,0300030e04515be7682f466f756e6472792055534120506f6f6c202364726f70676f6c642ffabe6d6d6efaf98a6fb17c60e5e90838f48cb4aad9e64092d9fe32a4108a01a2c7f1a08401000000000000008c6e88e65e00000000000000,4169
00000000000000000001826108b5b938319115672f5b9f83e51efc15f0860866,1706915,762129,3993302,917422,597180416,20cf36d90bdd8509fd406d5cc1702d9dfb1293d78928bf0c716ce07d1d9573fa,2025-10-02 20:49:38+00:00,2025-10-01,ad956f0b,1701ddb4,03aeff0d14526564526f636b20506f6f6ccb003a051cc372dbfabe6d6d55d89c4feca01d6fcc16b32faf5126877c4b1fe47dc8cf4bf00e1fb9bb39d15a100000000000000000007827716f000000000000,3297
00000000000000000000962d20ae13772c1c7a0699dc48036897a8eb7c41794b,2035328,652659,3993305,917873,592502784,7f18fcc26c3729c9c6b84b4f86ba8ba6ff632210b1c4519ee5255e5718b87047,2025-10-06 06:01:21+00:00,2025-10-01,f504f44c,1701ddb4,0371010e04315be3682f466f756e6472792055534120506f6f6c202364726f70676f6c642ffabe6d6df58490af5f68b1af8f9f34a6caa54a6703a5c7a5a6bae1780b08d192784fac62010000000000000065ecc7950000000000000015,3431
0000000000000000000132427c5b4ba60579ca3702ac927aa28693989a97e152,1964406,676301,3993309,918544,651681792,25dca4e7160e05d1b8fadb60304feac0d34fe38daf4788f5f09d163303c3f273,2025-10-11 08:11:04+00:00,2025-10-01,5ddbb447,1701ddb4,0310040e041811ea682f466f756e6472792055534120506f6f6c202364726f70676f6c642ffabe6d6d205f15345dc3c7721b89fa029c3e85306621bda6cb9a1a19d5da91214d27fd590100000000000000949713da0000000000000009,3334
00000000000000000001423376b8235bc860bd2f602b37c1df6a42616759caf7,1623085,790075,3993310,918581,927555584,4ec381a7d75b98789e0ed4869c29b977eb37a2d095b3e1f8d2f6b27dae28b648,2025-10-11 14:41:14+00:00,2025-10-01,99b51050,1701ddb4,0335040e048a6cea682f466f756e6472792055534120506f6f6c202364726f70676f6c642ffabe6d6d55387fdf3671e93df04f14fb4b2abd19ac38f9f64394ae849ef4b936940b8d4e010000000000000067b8e65e0700000000000000,5607
00000000000000000000b49065e47550aa56b23d191b88c84dc3c95699ac2d56,1569757,807852,3993313,918124,614834176,232409e48f313e9c0a3f650f01eeb74a434524e59749b5e93dda74cd180899fc,2025-10-08 04:22:29+00:00,2025-10-01,f2bfcd4a,1701ddb4,036c020e0f2f736c7573682f6500a505cd26c702fabe6d6d1d9cb4a0b79f5aec882ab43750e417fac92876fcaac17e1dbbd31c7cfad5f7fd1000000000000000000009168d00010000000000,3515
00000000000000000000ab430b90cfd64eededf0dc6ec2196d27a5d699340761,1862907,710136,3993315,918924,647225344,ebd0f5f57066a0251fc210fba3cb6d0fa9062d42cecc2552909bc0e0aa729e46,2025-10-13 21:15:50+00:00,2025-10-01,4b096435,1701ddb4,038c050e1e506f7765726564206279204c75786f722054656368e5002e0546f547ff01fabe6d6d4ac499f2b8b4ee481f84372c27964cefb912babeaac18d976e39a90703c50ed7100000000000000000003ede0000000000000000,3136
000000000000000000019aeb53927ea1459db397ff9d38213d1ed43f6a2f0da8,1811257,727353,3993316,917784,570597376,705231a13e6bb665db88bffdfc124ac5e4f3abadddf102f368ddd77dc062811b,2025-10-05 16:51:21+00:00,2025-10-01,97d79622,1701ddb4,0318010e0409a2e2682f466f756e6472792055534120506f6f6c202364726f70676f6c642ffabe6d6d5c008f11c8c8cae84a4d674ce4fc7a072611bd5cf669439e685c03894a0dc0fa01000000000000006d6f05bd9c33000000000000,3183
000000000000000000015f9c44eb5857cc4fde692a3f7b1363a3a7ed29835632,1636355,785654,3993317,919214,537280512,92082f82e3d25dc894f533d652265f308eca051efafe77d04bf813d85188c02a,2025-10-15 16:05:41+00:00,2025-10-01,bb7e133d,1701ddb4,03ae060e0455c6ef682f466f756e6472792055534120506f6f6c202364726f70676f6c642ffabe6d6dda98e94ee1cd23fe06bc0508d0c6a1de2c87e879a7a2ea550a274e8c25f83f1d010000000000000073dc56368002030000000000,5009
00000000000000000001896367e9280b58ff1d21c565b9fe3792b6027ae700fc,1650134,781062,3993320,918970,537600000,e2227d8c21629ed4dd59955b48cd0b186ded1aa1dba1abceeb029bec49c5f5b6,2025-10-14 04:39:07+00:00,2025-10-01,fab20c92,1701ddb4,03ba050e04ffd3ed68537069646572506f6f6c2f3630312ff52e984ca03794d4ca34010000000000,3409
0000000000000000000150ef84416575ed7f5df19601032705fd5970806e6f72,1743522,749933,3993321,918183,888971264,bc746a45ccc6e05a198fe79e4f5393b60524cc664e97f8ba498d2ba8ad8725a7,2025-10-08 12:04:22+00:00,2025-10-01,abf9c14e,1701ddb4,03a7020e044653e6682f466f756e6472792055534120506f6f6c202364726f70676f6c642ffabe6d6dcd0a1a5662bfc2a4a44bd4b18cbf27189e05f8216fb42d8a27a9bb8272d7893201000000000000007528aaf3db31000000000000,4663
00000000000000000000caee83c16fc2e26373047368e1b6333803b9862b7d9e,1715208,759372,3993324,918179,561471488,97bff5e33b21f555e306dee7296ff0cdee7cbd3eecef5aba2705552f5b952d2b,2025-10-08 11:41:13+00:00,2025-10-01,8396c4ad,1701ddb4,03a3020e04d94de6682f466f756e6472792055534120506f6f6c202364726f70676f6c642ffabe6d6d85c409081feced5ac1f5c17bb86256957db2052e54f301cd33a9e3cdf7fd82f9010000000000000077e1b49ad1727b0000000000,4452
00000000000000000000de04775615f8dc9c511c28b4c26340947c9c495b5996,1601317,797336,3993325,919002,568508416,0f455fe2f14acb4b9b6516f38f31e1097f5c4fdbbbf96bce4aa788d04540ee29,2025-10-14 08:55:54+00:00,2025-10-01,8ebddf9f,1701ddb4,03da050e041a10ee682f466f756e6472792055534120506f6f6c202364726f70676f6c642ffabe6d6d354dacd62f76852f31fde36c41b15c4c78270c16fe1008eed6acb2515feb067f01000000000000009adfdb99fd137c0000000000,5028
0000000000000000000038b6f8b5ac25a1ef98a2b6e4752705f18fd520e62648,1915441,692628,3993325,917418,626540544,0aff3a9704317227e05261b065f21b15ee39bc23152de386056458897adec7d1,2025-10-02 20:30:28+00:00,2025-10-01,bb58cf35,1701ddb4,03aaff0d04e4e0de682f466f756e6472792055534120506f6f6c202364726f70676f6c642ffabe6d6d9a808e3a77d1657e290865644b3f5ab2dedfca4a4460571dcc1877465f0ee7a201000000000000005b5d4ff09527000000000000,3813
00000000000000000001105c9a3979dc9a837df65dd3c5e4e73da9e3dd379f6a,1626769,788853,3993328,918727,637673472,5cc54b8e729133a52d0049f3f9148cbf2a1c52b55e21629eff2faf745deae8ce,2025-10-12 11:47:41+00:00,2025-10-01,74216f1f,1701ddb4,03c7040e045d95eb682f466f756e6472792055534120506f6f6c202364726f70676f6c642ffabe6d6dd055d1fd23dc3f428092fc890900dd2ba93bf11214eedd91391cdf8266d1f0e301000000000000007e929a47d62ec10100000000,4022
00000000000000000000e0596e54d6595de7656816ce0fc030be123e831adf44,1585618,802570,3993328,917831,537124864,247a0b13a880353a79f687a6147099e93f51eaf676a985d325194b9010943e79,2025-10-05 23:08:08+00:00,2025-10-01,da9b1b55,1701ddb4,0347010e0458fae2682f466f756e6472792055534120506f6f6c202364726f70676f6c642ffabe6d6d933989fb7e8dae1deb874c6acaf4416dae53fbb792f584576143f9ade01b8f1f010000000000000080239bb8b121010000000000,3109
00000000000000000001974927c2c7dbdb15aac3e0a5f5d5d6a18fd92d2a3e30,1666974,775452,3993330,918827,558948352,8a97c57bf1112ea918e2a70e1e4124254a712827d208e5f3a117d040d5ff1217,2025-10-13 07:12:30+00:00,2025-10-01,94e73866,1701ddb4,032b050e044fa6ec682f466f756e6472792055534120506f6f6c202364726f70676f6c642ffabe6d6d8dfcb821dec048ef54f15d87e278e47c0a0248926a5ad2dee51ea1ef3e06333901000000000000004f04036e6061000000000000,3950
0000000000000000000152d56be88f45dc206deb00e9485c099967f3290c5be3,3014358,326324,3993330,918380,595492864,6694cc79c9bee29ecc9eb204063c9b4e20f7f8960e59cf669784b2da170f60e8,2025-10-10 02:01:25+00:00,2025-10-01,32b0ed02,1701ddb4,036c030e04f568e8682f466f756e6472792055534120506f6f6c202364726f70676f6c642ffabe6d6d312297eb740da85234abbdf5823e17c5585a257499361b94149f666be6c691a401000000000000007c6dcae00000055658010000,2083
000000000000000000006b5dd188d30f18590d60e83e84eae16fd8d9f7746e67,1636390,785647,3993331,919041,619618304,f1e56b601bfbb36c778fb0e7938f0ef91222d7eff61467e10e0965a3311e25b7,2025-10-14 13:41:44+00:00,2025-10-01,97cbc357,1701ddb4,0301060e041853ee682f466f756e6472792055534120506f6f6c202364726f70676f6c642ffabe6d6dca911036947ddc565b08ee1bc2a234b63f5d3544903b1806cc630dc4959e0bd80100000000000000941b11b4f102000000000000,2700
00000000000000000000197762f3b38879ed3c4ed0e96d66d203879c51f9f27c,1756669,745554,3993331,918174,579330048,bfa30d00c8fd4c2537029f2880a63aad0dda5a0102f7017f73531d08704a23e6,2025-10-08 10:54:09+00:00,2025-10-01,684d446c,1701ddb4,039e020e04d142e6682f466f756e6472792055534120506f6f6c202364726f70676f6c642ffabe6d6d7417c47b99371e1d986cb4506c61e90e1ee5d4878d5fffde1e8f8669b498a84a01000000000000006431f21603a7000000000000,3250
00000000000000000000b65c42e6988c4b5e0743e8819eed44e8399a56b613d3,1730817,754172,3993333,918865,548962304,528bb685e1521460b57efaac575cd66965b66bfe4d0b6e7deb97cb24af90d2b1,2025-10-13 12:38:40+00:00,2025-10-01,73e97f40,1701ddb4,0351050e04d0f2ec682f466f756e6472792055534120506f6f6c202364726f70676f6c642ffabe6d6d96759468539c98405aee073beefb3bf3420d9fa0ea8ac6655c84bef13908798301000000000000008d44af155e9d000000000000,3822
000000000000000000013aea926a713092314f225c65dee959e2e8701d1eb3ba,1771412,740641,3993335,917277,720584704,c135beafd8d6f0c289f967c30dc25e69d3ec2cfb33c79726016ee423dec17379,2025-10-01 19:36:26+00:00,2025-10-01,6e71e157,1701fa38,031dff0d1d506f7765726564206279204c75786f722054656368e5002001ff99dc7ffabe6d6d4c78b85fe674e8e47129147a8f6df23017ff9a564d2bc421354733c617324d5110000000000000000000c3d3000000000000004a,4399
0000000000000000000160ada13de3745270c697ae513eb5912450c5d8140798,1772178,740386,3993336,917832,556687360,a3ba1b48ae0bd0e8ae4ef8b2cd86b7ce4a008759bf662d7c212561e343d8d83f,2025-10-05 23:26:57+00:00,2025-10-01,3dd9abe1,1701ddb4,0348010e04c1fee2682f466f756e6472792055534120506f6f6c202364726f70676f6c642ffabe6d6ddd01f28fbb8fb796f83b965bac5d8a52f4b98542a36469755510ebaf2bcab2df01000000000000006ce247f4e8579e0100000000,2815
00000000000000000000d4e05e1dbcfc42f3d78f8aabe9c9e30106cc5ef657ec,2349133,548068,3993337,917999,545079296,60e855c18f4f3f0bf21573bddcfd49c24e7afc0c5c855e34d1a9d6a67ad4df94,2025-10-07 05:38:25+00:00,2025-10-01,4294ff58,1701ddb4,03ef010e0452a7e4682f466f756e6472792055534120506f6f6c202364726f70676f6c642ffabe6d6d5c165b9995f384497cf700d2f1daa75b2284412175503be8b4d255ae11d7d27e010000000000000065d8f0104d00000000000000,4649
00000000000000000000f9dab79b96e590e95a387c417a8234727d741d50d307,1744789,749517,3993340,917363,537288704,9a392dd6cd57c03d6fdbbe2eaad40d46e120e95765d4306fa9e482eeae855efc,2025-10-02 11:25:16+00:00,2025-10-01,7c545ac2,1701ddb4,0373ff0d041c61de682f466f756e6472792055534120506f6f6c202364726f70676f6c642ffabe6d6d1f0fedb1b9a5b952756530f95c7b8cb2319e01f53d675661d23b55f022168a4d01000000000000005f603ca5838a000000000000,3611
000000000000000000002d177ece27dcca6fed58afd371053a25b6b90bf52841,1604037,796435,3993342,918428,723312640,b87790e032c8fe400eec7ce567ab2379d1bb220473acc71e1a5c96cdea569442,2025-10-10 10:02:54+00:00,2025-10-01,7133045f,1701ddb4,039c030e04ced9e8682f466f756e6472792055534120506f6f6c202364726f70676f6c642ffabe6d6de94051049eff9386934dcb512e4a148ec5fea62c39c3423903a603840879e01e0100000000000000716d5e890e83020000000000,4057
000000000000000000014d6b84e689fd039393e7a7c82419f3f7660a1cc86a8e,1682869,770158,3993343,918808,722952192,df35a18847f1f8683371627a8670458ca530811506e3f842460ef2fb35fa57ab,2025-10-13 04:16:46+00:00,2025-10-01,ecf352d1,1701ddb4,0318050e04437dec68537069646572506f6f6c2f3730342f86c182c090043cc40705000000000000,3324
000000000000000000001176f54a37328ddd9251e638525209e4719c28677b6b,1575437,805969,3993344,918069,601522176,587bd2f6af859ac1dbe460b286e8c094913f77b67f789ada008485b3ac870055,2025-10-07 18:29:24+00:00,2025-10-01,b7f82e4d,1701ddb4,0335020e04ff5be5682f466f756e6472792055534120506f6f6c202364726f70676f6c642ffabe6d6dd5803245ed4c650b9c5b96fb5034419253970a66fc5b14768e8e99b362c87bc101000000000000007919c90cbe49000000000000,3688
00000000000000000000ef21ca50d4248aadb1a45123f155d4a94765813779ef,1813583,726587,3993344,917564,662364160,fbc913071198bd6ef710e63bc6594b463782172c9d257e277de15be485600c05,2025-10-04 02:44:34+00:00,2025-10-01,c6f1396d,1701ddb4,033c000e04128ae0682f466f756e6472792055534120506f6f6c202364726f70676f6c642ffabe6d6d5be3972db9ee0ac6b056db540a181486e22095434053b33df1fe2773a5ca35d70100000000000000736e63541d02000000000000,1525
00000000000000000001bfcca2b6c38bd2a447115755258742bc545bd85e1d05,1675263,772694,3993345,918338,540164096,d1cc61929dc0aec289bbf5fd21621ea4448917602590099b82b96e4c41e40adc,2025-10-09 17:55:05+00:00,2025-10-01,de9f484b,1701ddb4,0342030e04f9f6e7682f466f756e6472792055534120506f6f6c202364726f70676f6c642ffabe6d6da49de2e039273c1816bb13131b13ed0dce5f079515a0645d9367df60fa35da7f01000000000000005322450d5a80000000000000,2281
00000000000000000001665cfd10b439efc33ec6c491bfd5d631b012c79b6e69,1523871,823158,3993345,917783,547979264,ff4b73f3225a61acc63834194e283da51651adce2325b6fff61adcbd2df4af27,2025-10-05 16:48:40+00:00,2025-10-01,96e62d0c,1701ddb4,0317010e0468a1e2682f466f756e6472792055534120506f6f6c202364726f70676f6c642ffabe6d6d44daa77001a09ea33fea1397f9cb025ad3e69cda49acf067f5292c3a5d67e6cb01000000000000005d6b9e58eb54020000000000,3487
00000000000000000000955f429ac9a1159e853a2ad9fb708ece2355d75ff169,1737060,752095,3993345,917182,536887296,50a2630f9e38886adffbc88952505ae8ba23f0fe7f34d89c481471e392fae4d2,2025-10-01 05:49:35+00:00,2025-10-01,abfdbcdf,1701fa38,03befe0d04efc0dc682f466f756e6472792055534120506f6f6c202364726f70676f6c642ffabe6d6d7a984ae7d385af492cb962a5a5b2d51714c161f1626635cd4292af1912617a980100000000000000378f024a645e000000000000,4803
000000000000000000005c87c3791c0a9e82db89b1e853e903d159186f7ea834,1664260,776362,3993346,919304,555417600,b0244bc8440a47fdf9e97d5c089936bf8d2e6f868f681f53786426a4d62f7466,2025-10-16 06:57:37+00:00,2025-10-01,1c403a4a,1701eb21,0308070e046197f0682f466f756e6472792055534120506f6f6c202364726f70676f6c642ffabe6d6dfc9a5745d24f33f66c0d100a11b285ee2eec8edf9d28bd6eaba839c636d9a07f0100000000000000595f13eb1c00000000000000,2568
00000000000000000000e89250a4a3ec7fd3f47b5ca87a4d082e79d0c0a0a196,1643516,783277,3993347,917560,566296576,5ad45b19b3a62e4f9b5fa0127b03ecc6663b9cf2cd77a5852cfaacbd74ae2c22,2025-10-04 01:54:36+00:00,2025-10-01,7b80eee2,1701ddb4,0338000e045c7ee0682f466f756e6472792055534120506f6f6c202364726f70676f6c642ffabe6d6d9bfe6f377cfb851a11a1eee1e07e86d1c414952bc19f22e6c97e773eee018b600100000000000000646c53232238000000000000,3211
00000000000000000000ac62d97784e191f45414b7614c18128924e869fc2b7a,1614526,792941,3993349,919095,623779840,5c70b1f8343b421bfda7b3d21f9e842523813df55b1fb945b51a896c45617f7f,2025-10-14 21:18:35+00:00,2025-10-01,2215017b,1701ddb4,0337060e042bbeee682f466f756e6472792055534120506f6f6c202364726f70676f6c642ffabe6d6dacb849481fc2ac35474aae18b974279f96b227f75b7e9c8584c297ceb5af750d01000000000000009511e51a490e000000000000,4355
00000000000000000001364b08315b393f014ed20d18f9e6a068b34f901d62d2,1633777,786524,3993349,919097,537206784,16b17e88a65f456744ad5bbfe27fea7735c2a8384f5565561dfa091369c872a4,2025-10-14 21:52:35+00:00,2025-10-01,f21a690a,1701ddb4,0339060e0423c6ee682f466f756e6472792055534120506f6f6c202364726f70676f6c642ffabe6d6d4cc588342ed6a1f1ed99ac4ed86ce6c40b2b23821da0ad0f8af047fd03a0074001000000000000006cdc944662de020000000000,3364
00000000000000000001243599247aa4a8bb9d6464686e4844f2542d6c0908ca,1648054,781765,3993349,918971,682336256,58f624ddf122d1e886dc0333551b2dcde50264a4af2920f3d5bc663e35aa6525,2025-10-14 04:39:55+00:00,2025-10-01,bd07153a,1701ddb4,03bb050e041bd4ed682f466f756e6472792055534120506f6f6c202364726f70676f6c642ffabe6d6df858a318e97d988b042162b1688dd0f059754b4660b7746efefe57532b1bd822010000000000000083b20f810e00000000000000,6002
00000000000000000001a42571c0282d2a3fd60459e2a5796cab8c0ab2b12664,1804825,729508,3993349,918912,667664384,33dbbaad399c23bfb6cbfef8c22f0c2d51b5b02047e4cdab246ec3b559cbc637,2025-10-13 20:07:40+00:00,2025-10-01,c9c9ac82,1701ddb4,0380050e1d506f7765726564206279204c75786f722054656368e500ba062e943f0afabe6d6dbc676727654c9eff3758d1335c0558c4ba4b660e0f3a6792bf59d28bddbd364b10000000000000000000db1b00493f0000000000,4238
000000000000000000006d5dc94db5e8235a35e71df037b27d5b7c111f4dbe80,2457607,511915,3993352,917744,578658304,a8d0856c9b5fe705bf168e9def6c423d89b70adbf2de2d8c7a8acbc62bd499ae,2025-10-05 09:57:28+00:00,2025-10-01,8a81b8c0,1701ddb4,03f0000e040841e2682f466f756e6472792055534120506f6f6c202364726f70676f6c642ffabe6d6d7a2dde9b0e42d3e1cb2cc76afc0265555e855a8a5f12bb2c9510fb45cd50ffe401000000000000006e6e15bcf50c000000000000,1948
000000000000000000015a18474bbcc9720d7e4b9f4dafc55b4bfad7f75e2916,1609664,794563,3993353,917498,663764992,0263679b1ee15272481962db7628e28474418f7b44c9f2f2a5ac31044f89a213,2025-10-03 11:58:17+00:00,2025-10-01,cd29374d,1701ddb4,03faff0d0459badf682f466f756e6472792055534120506f6f6c202364726f70676f6c642ffabe6d6dd77f5cf60020b74eb9199fc8b631b8a3c682875132eebbb42944ef46fe63500901000000000000008a888510000000000000000f,2592
000000000000000000003a74ae8cebbf6b0c4904b80c23cca13930c230bebb2c,1630568,787595,3993353,917393,564011008,dc1d9a48b3cd09fc944089e392810f207192b02cb61908679cb7cc1eb53f4cb4,2025-10-02 16:11:14+00:00,2025-10-01,212c3ab1,1701ddb4,0391ff0d0422a4de682f466f756e6472792055534120506f6f6c202364726f70676f6c642ffabe6d6d090fb3e583dad80cf9dd788edf65bcd5ab489549c3466d47b53f0a85f7af318701000000000000005f4d742c1900000000000000,3644
00000000000000000000d9a49daf6b403f4d168d24228fc64ba27891a6338791,1549713,814547,3993354,918317,537763840,bce35638c5ae3ad1217dfce7d120006c1533530af431e9d3a5dcc2019ee0d63a,2025-10-09 14:04:02+00:00,2025-10-01,31e3c15a,1701ddb4,032d030e102f736c7573682f6500cd00a080dd8803fabe6d6d3e6674279d36a9ca334b9e287627de11aaae280940995dd22480cd86cadd9d511000000000000000000044183e00010000000000,3709
000000000000000000011c4c64cb04ab6260e193fa477206531fcb616013393f,1676352,772335,3993357,917344,616488960,fba1fd9e84435e0b6f3b7f6e1c0dd5efd403659129ccd9f4b60c12d482817a23,2025-10-02 08:53:04+00:00,2025-10-01,503f99f0,1701ddb4,0360ff0d04703dde682f466f756e6472792055534120506f6f6c202364726f70676f6c642ffabe6d6dab1271d8ec9889edfb0c54deeb8783a9d0df8042e66fe60cc9aa2c93a6f65a0c0100000000000000785bc891ca06de0000000000,3156
0000000000000000000112afeacf0702a9caa84d38033ba295a07c08fba9aa41,1761160,744066,3993358,918615,545267712,7f663365abe0ceaf303e6f69880f674d1598f92f2bd0c5c3218c8d093cdb4fed,2025-10-11 20:18:08+00:00,2025-10-01,4747ac98,1701ddb4,0357040e0480bbea682f466f756e6472792055534120506f6f6c202364726f70676f6c642ffabe6d6d11ac676308f16074ffa4c5303b9ecc94319050f17cbfaf16bd5bd41db490f83d01000000000000007bbda8abcbdb000000000000,2750
00000000000000000001220dbaccf66a070658e6c7fd27b00ebd0e2c49e49cf4,1605140,796073,3993359,918697,574955520,f66401ff82c23428d638c4036a7bc0080446fd7dc90976f7d0c3188189834e91,2025-10-12 07:18:09+00:00,2025-10-01,5305a837,1701ddb4,03a9040e194d696e656420627920416e74506f6f6c208e0022041865e3f7fabe6d6d899b98d7d1af4d94c84bf3d0521c160d861180b55f5c72eb87ec65a636b83f0710000000000000005bbf000089cd000000000000,4846
00000000000000000000d01633763d180d17287740429850720655bd09b4ff66,1525844,822505,3993359,917979,549224448,bbbe6785cd511d977c7b4a53f775b723b31da8c9a830edba1ac13ee2aabab331,2025-10-07 03:28:57+00:00,2025-10-01,b19ca783,1701ddb4,03db010e0f2f736c7573682fcb010300b782655bfabe6d6dbbd6cc6f21cd1acf9bc7f872b789f056e9b27f68eadf22bdb8441f5c1663b0411000000000000000000028215100de7601000000,2478
000000000000000000002df30dc97cecbb0207fd41940c3d18d60602b1f9dccc,1678215,771715,3993360,919074,559947776,7570eb688b985dcaa45c0b9193097f127e8f894331772f51f08072a9a774a7b8,2025-10-14 18:28:16+00:00,2025-10-01,d5c4fd5d,1701ddb4,0322060e044096ee682f466f756e6472792055534120506f6f6c202364726f70676f6c642ffabe6d6d81486d04874c499f45e95856ebc516c589bd28a8a2224a865eb2b90d84953337010000000000000071df62b1b7d0050000000000,5474
00000000000000000001bfcca0e692c0bbfe3ac117ac15ead4f2665578163db3,1688538,768274,3993360,917283,628490240,41a259587bb189ca5077660e1c4ff3cba518689910c70f6194be3fb10f32c3a4,2025-10-01 20:38:48+00:00,2025-10-01,ab89bb1b,1701ddb4,0323ff0d045891dd682f466f756e6472792055534120506f6f6c202364726f70676f6c642ffabe6d6d4e27cb57be0f34808e6bf370539ccad3ac99d8b177b5f269909e7ca17ef497db0100000000000000483b6b3d172c000000000000,3053
00000000000000000001a8f224daa5a18d423f808ce4f45d9f144f524760a517,1618270,791697,3993361,917713,801275904,1ccd411a51a8e1072b88ee84e49f472cac4988278ec7371036ada8aa1233e7dd,2025-10-05 04:51:46+00:00,2025-10-01,88489408,1701ddb4,03d1000e0462f9e1682f466f756e6472792055534120506f6f6c202364726f70676f6c642ffabe6d6de052ab64db2b2f599c0467ee56706218a604e8d82fe9e965d15b5158f87cd66f01000000000000007cbb9c0f1400000000000000,2633
000000000000000000014876de8de4f13b51bd8721ae3e53d6a4b6c3c5d34dc5,1638719,784881,3993362,917604,896000000,ab1ee5332ac7cb27ef1dde95f3f4d4ac6b9b1dc49714def5582ed83f3acaca82,2025-10-04 09:26:59+00:00,2025-10-01,b65466be,1701ddb4,0364000e0463e8e0682f466f756e6472792055534120506f6f6c202364726f70676f6c642ffabe6d6dfcc8d3f1e86fac8a727d6adad968c8ea681f74e01acfc4bb13488bb227f9364701000000000000006e1822abb35d160000000000,3625
00000000000000000000956a0f64261d4ccc38b0fa1dc30c41a618185c2f511c,1548632,814910,3993362,917364,536993792,fa976419b21052d4f8d26c1fcdaaa975d50cb76c10803d843c00fb5f8a555ca5,2025-10-02 11:39:57+00:00,2025-10-01,40b1c070,1701ddb4,0374ff0d048d64de682f466f756e6472792055534120506f6f6c202364726f70676f6c642ffabe6d6db5262a9dbdf8081496e8e8f5c213c625d9b8a03dfb572ad4e446fbab60ce2f1b0100000000000000615b91f8d562010000000000,3121
0000000000000000000057ffdcff24d486e361b32cb6c8270704e475d0556627,1737357,752002,3993363,918995,548995072,4e3a8304e82933025eed28a127b6f1b44a864a5d2f8cc0f90b58ee2fdf104359,2025-10-14 08:10:02+00:00,2025-10-01,5b56c62c,1701ddb4,03d3050e045a05ee682f466f756e6472792055534120506f6f6c202364726f70676f6c642ffabe6d6d196cc481a216f3a911c85179186ae553cb81553fbbac57913bff5010a2bf0a8801000000000000008c4469faa81b000000000000,4863
00000000000000000001850f6c5376ad86c735457c3b907bd138886a78f996e1,1592218,800382,3993364,919037,620806144,4c406cf92769fa4df0f3cacb341af06bb197527300e778192d3d792e06b63f3c,2025-10-14 12:57:52+00:00,2025-10-01,38754a30,1701ddb4,03fd050e04d048ee682f466f756e6472792055534120506f6f6c202364726f70676f6c642ffabe6d6df61220580bc56f318e660d87d836e17a2ec3e229d8db23115bc466702c9245e3010000000000000080bdfe0cbe05000000000000,4084
00000000000000000000a9e0d9a264e09bf2520110762752f5ded2c18b320c49,1584529,802945,3993364,917443,781778944,ee16da393671348c5f3101ffd7550d6174c0a072e069185dbbc566dde8d2bb53,2025-10-03 01:37:13+00:00,2025-10-01,65371012,1701ddb4,03c3ff0d04c928df682f466f756e6472792055534120506f6f6c202364726f70676f6c642ffabe6d6d07d6315e62a7bc9e758bc2dec6f05b820cdfd4b60100a0d45cf648e593107ab10100000000000000726dd7ea6f05000000000000,3487
00000000000000000001b619f2dee58d4a03d3331bf701dffb13474e21a05ae5,1636825,785513,3993364,919259,635707392,998166260f87f304234b92a9bcc51b715f67f292f9681f0694a27ba6510154e6,2025-10-16 00:24:39+00:00,2025-10-01,1959c40f,1701ddb4,03db060e04473bf0682f466f756e6472792055534120506f6f6c202364726f70676f6c642ffabe6d6d37be4e0ae34b5a8312f2f642a92c36299f8425ef9e3271f0e00bc4f44fb485b401000000000000006e54a9730000ab07384e0000,4580
000000000000000000007b1096ccef6df8b45980b53c8544dc2a2fc16d1cd6b8,1679790,771193,3993369,918285,584638464,f84ed5cc112784b3c7f7ff9c1d9db2d93359a89694ffb2515fad286d48de7e41,2025-10-09 08:11:02+00:00,2025-10-01,39a45a87,1701ddb4,030d030e04fa6de7682f466f756e6472792055534120506f6f6c202364726f70676f6c642ffabe6d6da8d271809baddae07f560a4f1cd9e356ba38360d1dd4e3ba655ffb10d09ac00b0100000000000000684868e50000000000000000,2908
00000000000000000001b9f84b7e30b3e907d9f978cb32756aa4b58ea36ca590,1468944,841475,3993369,917453,542842880,8243508e1d6579de1fd27c468fee2c45443b9e5f159234df9af27e995e102163,2025-10-03 03:10:36+00:00,2025-10-01,a292b7ac,1701ddb4,03cdff0d04ac3edf682f466f756e6472792055534120506f6f6c202364726f70676f6c642ffabe6d6d02d695990655d03068c069db7ae277b5871c84678bbc26179170c3188046d5e40100000000000000665bee7de7e20b0000000000,2681
00000000000000000000641607f9fbc5cb4023d67995f35bf86edd049a4f0e5e,1660068,777767,3993369,919272,624910336,ffc5a78486f897b94b5794308771afd4005104595a48b0fddd3bea6de56606a4,2025-10-16 02:57:07+00:00,2025-10-01,6c624040,1701ddb4,03e8060e04035ff0682f466f756e6472792055534120506f6f6c202364726f70676f6c642ffabe6d6da887691ad4c73caaed7c28a0b66da6d957acc67340646714f6d0b356777fb64301000000000000006e741c8f74b9000000000000,4223
0000000000000000000030b57cc1f97d9c3819dd3c51a935e29a0797990d106a,1585690,802560,3993370,917976,656048128,5dccc2aec88ed0b18f8c0d6d3733ea21949e988daf5d4827c82c78272e1dd369,2025-10-07 02:51:40+00:00,2025-10-01,1ca87c6f,1701ddb4,03d8010e043c80e4682f466f756e6472792055534120506f6f6c202364726f70676f6c642ffabe6d6d2d76e46031e2d2fa3fbbac752102bbdeee8f10c00a4a83b50e3da463cf372e17010000000000000051e5db3cbf69000000000000,5936
000000000000000000015804123c35f888747971e3910eeb874604f064b7c212,1660523,777616,3993371,919119,602562560,a8c5f7a62573c8dda2c907f17d6d12058b394842d05c5538f53ff3f3a726dbee,2025-10-15 01:29:17+00:00,2025-10-01,df906614,1701ddb4,034f060e04edf8ee682f466f756e6472792055534120506f6f6c202364726f70676f6c642ffabe6d6d8928bda7084010b84cbc5f9b47780a62934ce123c53bf78990527a5bcd45518801000000000000005522d2f828e2000000000000,4544
0000000000000000000176163a6cb76a74c65584e9621dadcf784fa2d137ef92,1618088,791761,3993371,919213,556564480,ec3f7d9ddf0d2dd1ed33e345cbe5915fc4c0e30295c398864ffd2410ef3305e4,2025-10-15 16:00:25+00:00,2025-10-01,cb104282,1701ddb4,03ad060e0419c5ef682f466f756e6472792055534120506f6f6c202364726f70676f6c642ffabe6d6d75c9b0ce1debf44fe7d05b1d8b2acdee4f0cd5a0d1fda10ea902f7f0b1422d150100000000000000941b531ed80c000000000000,4720
000000000000000000009d3c728d1307f8fd1c08a5f9a76fb45ba278b06cccec,1598145,798409,3993372,919206,549445632,95c11f53f249015560859da0c38bd50f511424270dc53f7b114c0576192821e7,2025-10-15 15:15:35+00:00,2025-10-01,bb3a18dc,1701ddb4,03a6060e0497baef682f466f756e6472792055534120506f6f6c202364726f70676f6c642ffabe6d6d65725ddc6a00dd673d95088d32f0bc58309c06116ef64536bc1b04298413b96a0100000000000000741750f9f905fb0100000000,4022
000000000000000000003f20aa8e39cbff706d1e933019017dbd930f88b861f9,1693702,766557,3993373,919162,556859392,cf551a1f95b0136cd19e9e904e1a2b26720344af5cff8fbb4db775f1e242c826,2025-10-15 08:07:35+00:00,2025-10-01,30217d7b,1701ddb4,037a060e044756ef682f466f756e6472792055534120506f6f6c202364726f70676f6c642ffabe6d6d9d7004be758db7b1e2608ded3d8b050d8ea9578251067a3139354ebbddf5c5e001000000000000007f2d98e47017000000000000,3509
00000000000000000000bd0e160887988fc77639a4c928bbe6273a0889a647fb,1778419,738318,3993373,919223,822870016,fefd6497e2145adcb867c026e54851860f2969db6809b212b63a9be967847644,2025-10-15 17:57:04+00:00,2025-10-01,6225ce23,1701ddb4,03b7060e0470e0ef682f466f756e6472792055534120506f6f6c202364726f70676f6c642ffabe6d6d7710bc7aadaeaf067aa2344def43037ad64a07a1bfce7c44b1028614d36ad6fb0100000000000000890ab4e6d968020000000000,3244
000000000000000000006774fca7c980070a4e20924a1a60a1ac4b2f83c4bc98,1765718,742552,3993374,917226,537198592,129b84f30e2f90b5e82e490e03edd5f45b2c3705020f367abd731c6e501cfa05,2025-10-01 10:57:51+00:00,2025-10-01,4ca3a87c,1701fa38,03eafe0d20202020204d696e656420627920536563706f6f6c202020202f004d044623f98efabe6d6db220dc45ec8f00489528601d9eb6dcafe84ff36d4f8894411fa957292cf2462710000000000000000000ea0a0b22010000000000,3355
000000000000000000004bdc6cff5ee20f917f3e512b278f8f3065587149d969,1643386,783330,3993376,918307,620806144,7036fbe35748a349237f388c9cf95d32d6bd1cbcdd5ff4607fb7d86b1c4680fb,2025-10-09 12:06:46+00:00,2025-10-01,670f9c27,1701ddb4,0323030e0456a5e7682f466f756e6472792055534120506f6f6c202364726f70676f6c642ffabe6d6d20ef88e18a75952408fa716212183a5b5f7f80a32bc0cc8653aca988e9160bf101000000000000007e496e90fa5e000000000000,5581
00000000000000000000cc7844e5d5def432bea9b1941fa082b091ed7ddd2829,1714568,759603,3993377,919056,718995456,67e45c8369e3ad62f8ae08a1e2bbece63bb65c9dcf1b40c857e54a5a78bc3a18,2025-10-14 16:12:45+00:00,2025-10-01,3bf7224c,1701ddb4,0310060e047d76ee68537069646572506f6f6c2f3433382f896058aaa02380412d00000000000000,5369
0000000000000000000067315557ba81f5481c0065f0dfe73606b021804f6e11,1538123,818418,3993377,917628,919920640,55195c9ee8734510db147e4a1bf9a0ec7bb3b47143e0fbf4ee7fb5f7ffccc0d8,2025-10-04 15:06:39+00:00,2025-10-01,eced806c,1701ddb4,037c000e04ff37e1682f466f756e6472792055534120506f6f6c202364726f70676f6c642ffabe6d6d0f85cc325b8f1a07b1940579b1db68e91a7b09e9025bc4528521e6518dfaf99f0100000000000000729ef2d51000000000000000,3881
000000000000000000014b25770a926c74ec4366e1169e6531c33e6d49679a64,1921404,690658,3993378,917194,574349312,aa951aac84314e3bf10a489afc8204e8b57ffb63ed557775be49bded51cf4465,2025-10-01 07:31:40+00:00,2025-10-01,5bad9aa0,1701fa38,03cafe0d04dcd8dc682f466f756e6472792055534120506f6f6c202364726f70676f6c642ffabe6d6dd68864a9206c77f8fe548b0a0c6473368f24d290002d918e89753f65e3faff6801000000000000005826dcf7190d000000000000,1742
00000000000000000000e61e9971ce89303762997a93abb64df6ff9d9ad8e8ca,1597380,798666,3993378,917198,600678400,1f0ec23bcb7f9beb47289a29f0e3bac99ea9fdbce9381007431417db3cadbe9f,2025-10-01 08:03:30+00:00,2025-10-01,7d1be7e8,1701fa38,03cefe0d102f736c7573682f6500070607c8b21e01fabe6d6dfe67c89c03822d858f89ab3bb6c7ef8dd382753b97f040ed3afd1200f344d686100000000000000000003cc77400010000000000,3595
00000000000000000000feef299959d068dd5a0981f7d825310d69e6856d9373,1605217,796054,3993379,917819,537010176,9b5938211d1c6fc6a9d8dc22ad14b7a5b91a73211dcc878d944cea54076e2be3,2025-10-05 21:47:22+00:00,2025-10-01,9e1b95cd,1701ddb4,033b010e046ae7e2682f466f756e6472792055534120506f6f6c202364726f70676f6c642ffabe6d6db398dd62bf92dfc8cee8fcdd7e758afb01b54f4a07f233719a5a0d7a7496f7d001000000000000008f6d22d6dc47020000000000,3791
00000000000000000001495923cd9cc1a010d137b311160108541b4c2613795d,1557517,811954,3993379,917432,593281024,1be90e080ac365c7d638b1e1400f03f803f9d814e0186d482d84eb9c65f314e4,2025-10-02 23:07:24+00:00,2025-10-01,50b315e,1701ddb4,03b8ff0d04a005df682f466f756e6472792055534120506f6f6c202364726f70676f6c642ffabe6d6dcdd196aaa96b438e7877a96fbc713789f9b45e621b43b7e3631aa0b5a61671aa01000000000000005691b74c6ab5000000000000,3519
0000000000000000000125f2dbf9d37e6c1627f80ed2081d9879e49cc42bb041,1590284,801032,3993380,918681,584966144,74cea4b1b8fb4e7a8824c7b59ca943e36813cf8749782e914a1712ed65b8e4f1,2025-10-12 06:06:42+00:00,2025-10-01,6dfd522d,1701ddb4,0399040e047245eb682f466f756e6472792055534120506f6f6c202364726f70676f6c642ffabe6d6d4445be2ecffbadfe4e9f6e8ca7d6a2948994a7122549e4204c1528d8a12b65270100000000000000794b2342df1e000000000000,2505
000000000000000000008b109b4e4603f4ea23c5c694be7f0ff4420f6365dc7e,1605354,796009,3993381,918852,689528832,b8865601414507512f80a470df8f858ef5f59ff59e4b9c01a5b56b98ff586e5e,2025-10-13 11:20:01+00:00,2025-10-01,21c57a52,1701ddb4,0344050e1a4d696e656420627920416e74506f6f6c208e00020071e1202201fabe6d6de79e434c5e020086604e057f87bc41eb6d0303345959c7a3d7d0d13dc000d28b100000000000000000006d014c65000000000000,4918
00000000000000000000bcbb98aa63a90d126e8a5e80d16140eea02e93fa9b17,1546303,815693,3993382,917523,621805568,d9577a3f294a37cfc71b2130ca1201601d4cc501596f5f70e064bd47bcfc0885,2025-10-03 16:58:07+00:00,2025-10-01,acb22e86,1701ddb4,0313000e049f00e0682f466f756e6472792055534120506f6f6c202364726f70676f6c642ffabe6d6dc66dd9c20399ee5a785baa4ac7669d5d3e2354000ec4f8a2158fa167cebe2b41010000000000000057a7da7f6d1f020000000000,3757
00000000000000000000a20ac009469d97ecfedb0c80d4f075e87550d62d6623,1645744,782546,3993382,919288,630849536,eb8a3f73285550ed72107f7903a6ff9c25bfea02d324a0e8842a94ee8d6b27c3,2025-10-16 04:29:39+00:00,2025-10-01,d4550780,1701ddb4,03f8060e04b374f0682f466f756e6472792055534120506f6f6c202364726f70676f6c642ffabe6d6d048229a87e06471159de2bf081b90cfe220be88f0dd553f0a2bce967bf23b3e001000000000000009527c576e35c590000000000,6216
000000000000000000005a890b58244cf1f52ec68c9c841634fd3df2447c0ae9,1547921,815154,3993383,917823,552927232,df44ed5542adebad75180385b86dbb1fd374829e50c25b97b9439847489389a6,2025-10-05 22:11:25+00:00,2025-10-01,682f1d6a,1701ddb4,033f010e194d696e656420627920416e74506f6f6c208e00180142f73fccfabe6d6de99279dda49b2762776993b347c18f303496271eb5a9896e961d9ed4837c745710000000000000000000e5073d02000000000000,6602
00000000000000000000c93c11549d3de5dd8d2eb1f21c020b60d521a8f85d3e,1746471,748971,3993384,917889,537452544,6731442bef96a085b5aa7db667df51ead2622acd24e48c3a89c152af79b2cb7f,2025-10-06 09:40:44+00:00,2025-10-01,b10da7d0,1701ddb4,0381010e049c8ee3682f466f756e6472792055534120506f6f6c202364726f70676f6c642ffabe6d6d700f1e6a68b0e46bcb49633cc719fa834488085c7f4f058464967e5658a8da9701000000000000007c74ab89273f010000000000,2875
00000000000000000001bb549f8a163408e739e434a4b2b412e0939a2d6a93ac,1755865,745840,3993385,919102,647897088,8f9a659928bf61f1f3873a80edef4875bc09e48672ced9bdd8baa36b089a3bc3,2025-10-14 22:55:18+00:00,2025-10-01,894f4141,1701ddb4,033e060e1e506f7765726564206279204c75786f722054656368e50002046d83ab2102fabe6d6d5169044786da0d152080a84b0d462af545c774a371b4305e086f29cf8eab3c0410000000000000000000414e0000000000000012,5311
000000000000000000017f959115223c3f809de7de0eaa12c9b1f2a7fb7637f8,1557682,811901,3993385,918366,574840832,4906fc6bc092184839976dc7338fb1e2aeaaccae28a1c3456756ae2232af6b36,2025-10-10 00:04:39+00:00,2025-10-01,221cb686,1701ddb4,035e030e0f2f736c7573682fcb01140377652282fabe6d6db408907847fd561df0b1dc3e9bf1b4061d3115ff7e49505a0f89e6d5496aa08410000000000000000000b6202200c9ff01000000,3590
0000000000000000000182d4412ddc70f7c3d9a0174160499746d63e82da9298,1518753,824878,3993387,918249,709763072,9a91687269eaa0559eacb8ee221d245705bdf63482610fa4a737c3c081dfab92,2025-10-09 01:22:46+00:00,2025-10-01,3d456e4e,1701ddb4,03e9020e04660ee7682f466f756e6472792055534120506f6f6c202364726f70676f6c642ffabe6d6d614a252d69a26b7c6c5d61b055a11aab7ba8423b62bc0a016ab84008e7f6610601000000000000008447302d0000063300000019,1972
000000000000000000005b19f3bf16dfeb000ce092f6448eb72bac95422d0e40,1935580,685936,3993388,919256,568057856,f3a5b440fce6df1a63240e695b81775807e3d66937f2dad7f115c444eac779e5,2025-10-16 00:18:59+00:00,2025-10-01,9293d497,1701ddb4,03d8060e04f339f0682f466f756e6472792055534120506f6f6c202364726f70676f6c642ffabe6d6ddbf6d1d7d47bb2844a8af1c759abc9a13dcec3e2597f530768479fe2415beec401000000000000007ce83814220a000000000000,4071
000000000000000000019592b841c2e80833736285f8b5ed311ed1de1af5eeff,1767257,742044,3993389,918894,537542656,2770c2328abfae3a3e8baf0884688396c461574f23f4b7fb8845a0c939bcffef,2025-10-13 16:24:49+00:00,2025-10-01,6b0b97d1,1701ddb4,036e050e04d127ed682f466f756e6472792055534120506f6f6c202364726f70676f6c642ffabe6d6d2b76ba428761da687978c062969a4a2085a0e62cc9663cc332d171297a371bf601000000000000006ddfce994163000000000000,3719
00000000000000000001a5116242341b1d7903e3bd031077d8f8d9c54058306a,1577015,805458,3993389,917655,712523776,b2b714d77cac30240787a75705046325004f82d0bb3d2cb9717c05b3247eb8f8,2025-10-04 20:59:41+00:00,2025-10-01,b1195640,1701ddb4,0397000e0f2f736c7573682fcb00c80226537ff7fabe6d6dd42398efdeab5f8134fb89f8569b5befe67e6244d203d47fa38490dffb426b7e10000000000000000000c3e38200a20100000000,1062
000000000000000000002dde6ed0e4994fbc48b11ee8222f6237d2699407fcad,1583558,803277,3993389,919187,634306560,8424f94a33ba9e633d3e0096dcebeb685432d926e8c0282164b2479f15d2497b,2025-10-15 11:05:52+00:00,2025-10-01,17cad5a9,1701ddb4,0393060e041080ef682f466f756e6472792055534120506f6f6c202364726f70676f6c642ffabe6d6d645c085473ca82daf5942387075dbd12e7565d16aa606cfc09d3f62638826f5d01000000000000008f161fc9b838000000000000,6436
00000000000000000000423e553680b83ba1ab20ef49f5aefb4dd6423289da96,1669357,774678,3993391,918775,590946304,0ef24f504fb6a6bc1c0206fa21d9e92470207bf8c0c7d804d0c75a153bbc6876,2025-10-12 21:21:08+00:00,2025-10-01,3aaa884a,1701ddb4,03f7040e1d506f7765726564206279204c75786f722054656368e500be0745df37edfabe6d6d4e9b85a63d68b46027b97f2620b756610deada6bba027e94f2e0ab341515814e10000000000000000000b5200000000000000003,3659
0000000000000000000047df6a3cbb31781f2359f5b839b57994b07851a0c4c9,1614268,793041,3993391,917851,554196992,149d958ca6032062feae34fc5d50cca0a8a61077254e3c5cbdbcff027bf41f57,2025-10-06 02:05:09+00:00,2025-10-01,241548a6,1701ddb4,035b010e04d523e3682f466f756e6472792055534120506f6f6c202364726f70676f6c642ffabe6d6da0df85c6949eb46342b37856936a95a69ce9f03197d00c4044eafb8dc745c34a01000000000000007d8ae6b26e6b000000000000,5973
0000000000000000000053203db6a2612115b8321aedf33d3b213fae47ea6a15,1647424,781990,3993394,919066,660324352,acd8dcac02723a4be9ecd767cf0e200de2bfcfb367bdf464d2e5b491912a9266,2025-10-14 17:41:51+00:00,2025-10-01,a7eb2746,1701ddb4,031a060e045f8bee682f466f756e6472792055534120506f6f6c202364726f70676f6c642ffabe6d6dde5c2ff6c5e3623465041a0966b12b8d16222d9f5635710af0624a9c5d77c82101000000000000008e5ad2f15613000000000000,3925
000000000000000000005079ea271e096b0051d22e7a3dc504eb239727876463,1636817,785526,3993395,918832,536961024,56f1087e45de5adffb7164b259103b3f8a74f769a7e8c43863b3a6a0d6cb9a8a,2025-10-13 08:04:42+00:00,2025-10-01,1eb35650,1701ddb4,0330050e0f2f736c7573682f650079002c065776fabe6d6d14dba53112e785cc1d1b8cef7c9a0aec1a00191e43ad390a9b8cf91f491951be1000000000000000000094ee1600d23202000000,3607
0000000000000000000000a67ba51692ca072bc6329b89a268dca8c878fd11a1,1670510,774295,3993395,917384,617775104,8d160748f6d13791d8bc3b1ee85be44ae8482bd2225621e82571b901c6e3150c,2025-10-02 14:35:12+00:00,2025-10-01,3f093688,1701ddb4,0388ff0d04a08dde682f466f756e6472792055534120506f6f6c202364726f70676f6c642ffabe6d6da75ea23e48453aebc41fe2de92b8019b115eaa10b375f3d98f09d066a2765ecb0100000000000000835bc895000072eeb3000000,3280
0000000000000000000146d4b9ff26db30d508269b0b742929d5639c74b8ca9d,1747263,748711,3993396,917276,607010816,490682f557667824784bc2edc621170714c85bd0913a77fe3ac4ad482f631619,2025-10-01 19:33:08+00:00,2025-10-01,933a1746,1701fa38,031cff0d1062696e616e63652f6500a103fe6c1e2bfabe6d6d6f67fdf855867d3e3506ce2ad517d758977ac6e1586ef9f3518707013b6513de10000000000000000000223a192c000000000000,4165
00000000000000000000b3fb4033b8a96c46efd1b803fc830208359743779511,1780483,737638,3993397,917927,610516992,f4dd94c2ac570b71d2bdd6dca097dc278795416ba770bafe5e5090f520095666,2025-10-06 16:37:56+00:00,2025-10-01,6730bf3c,1701ddb4,03a7010e0464f0e3682f466f756e6472792055534120506f6f6c202364726f70676f6c642ffabe6d6db7b58c7c0b5650382c64dc43265665e135210c195d0d5d8067f544efd83f20bc01000000000000006bf34aaf7c21000000000000,3201
000000000000000000015da7b04d5402b99fe5818b1d3b42731a279169823fb2,1786628,735590,3993398,918167,670064640,6b58acfe3370d9509c9622138680c7bca90897649b5622d83418a815cf77cbc1,2025-10-08 10:02:11+00:00,2025-10-01,387341c0,1701ddb4,0397020e04a336e6682f466f756e6472792055534120506f6f6c202364726f70676f6c642ffabe6d6dbb19c88c90b63b2b8dfa90a6cdebdb30368d3d6bfc2f67cfa8a6a61ff5e3d98b010000000000000099fe8d467e88000000000000,3992
00000000000000000001bddb6c320dbc7035172093c79cdc4515c24a0edb8122,1599710,797896,3993398,917952,601505792,9089281a86ec7734a871763aa4e6c3f70dd14aa1ab68e88ff0ee31f88665b633,2025-10-06 22:43:50+00:00,2025-10-01,64a43750,1701ddb4,03c0010e042646e4682f466f756e6472792055534120506f6f6c202364726f70676f6c642ffabe6d6d5aba215c4ce353eb632d1c40352a943f894e34afd9d1a958773e7aacd044119a010000000000000065df55219105000000000000,3451
00000000000000000000adc3bcb11a8cbf3f2cd3f713a48cf5eb33882e0ae1b9,1574851,806183,3993400,918402,545841152,ebea4534c8bae996291bde5f3dc9e7cfd5b59ff13cad89cc21c537e1d28da714,2025-10-10 05:40:42+00:00,2025-10-01,9efa7d7f,1701ddb4,0382030e045a9ce8682f466f756e6472792055534120506f6f6c202364726f70676f6c642ffabe6d6d38f856395064d575cb5a8adeb02a9ec22a9ad13039133cd1fc0c03ae435eab7301000000000000008f481166c647a50200000000,3610
00000000000000000001c2ad3aefd3cae493e05c15a995ed7d355af9fd24aa8b,1792537,733621,3993400,917267,537141248,e9d3ec3716243e7084bf50a18cb59ab1991df48a5cefd19d52196c20ade7d867,2025-10-01 18:37:32+00:00,2025-10-01,3f885748,1701fa38,0313ff0d04ec74dd682f466f756e6472792055534120506f6f6c202364726f70676f6c642ffabe6d6d639d9257681fe4229da5e8c08dc0bd285b462796581547ad1988807cd66b156c0100000000000000269778e107cd000000000000,3233
0000000000000000000175cbc1b009a3879e56ea77b6bce54b2003cd622f41b4,1604147,796418,3993401,917533,821526528,6815a8ff3e1fc1b74e04c0a1717c32b17aeb8fa1f811427cfecc117664dd792b,2025-10-03 19:19:33+00:00,2025-10-01,bde7b8f8,1701ddb4,031d000e04c521e0682f466f756e6472792055534120506f6f6c202364726f70676f6c642ffabe6d6dac0f9d51517e3b68f4a63d912eb69c1b7dda1ed8ff5933f8fd67ed472a47eecf0100000000000000833ced920000000000000026,3946
0000000000000000000080dfbff26d14a76441d4ffe936a3866c0c6427a58cce,1680985,770806,3993403,918736,692387840,e7d235b8d45db582ef44a195f0fcd665b6153b9a1f8f2a291eca7070597cf214,2025-10-12 13:56:40+00:00,2025-10-01,4f81af55,1701ddb4,03d0040e0498b3eb682f466f756e6472792055534120506f6f6c202364726f70676f6c642ffabe6d6d8d04f37778ea25ef5c20f84610a243cd874c63edb8f0e706a63fcfc70f6d650001000000000000007ab403ab8906000000000000,3986
00000000000000000001ae253aec173dd05a54e2ccf58625712a029732b57e34,1772725,740226,3993403,918100,564854784,95c5b914697b2603378f5a5a1e5ef559078696a1b8a717fa3a866244ce1c7233,2025-10-08 00:24:21+00:00,2025-10-01,bb0be56a,1701ddb4,0354020e0435afe5682f466f756e6472792055534120506f6f6c202364726f70676f6c642ffabe6d6d995705f55a39ffd65f6b6d70cbfa7530240126364e8f195f9d1be64434dfba240100000000000000847e70b6fce80a0000000000,3344
0000000000000000000112d550e5c0776af4696bc809b7b983decab7d7b291b6,1718340,758355,3993405,918724,540262400,a41ed0f35332505eec28afd685d5f23eeb1ab2f79f96a50dda53f0a88afea958,2025-10-12 11:15:12+00:00,2025-10-01,65db4b,1701ddb4,03c4040e04c08deb682f466f756e6472792055534120506f6f6c202364726f70676f6c642ffabe6d6d4fc0981ff571aec4fdb3b2d060c543e4b041ed5e2d334d75eddef908715e3566010000000000000096042cae3012000000000000,4233
00000000000000000000921cda31455be8ff88764795aa7ec81c6432b6165931,1494210,833065,3993405,918472,663502848,257fde41312b05041e236f0d5925435be3eb4b407dbd0d3bff5c1388dc36a329,2025-10-10 18:14:42+00:00,2025-10-01,88d0edb2,1701ddb4,03c8030e04124de9682f466f756e6472792055534120506f6f6c202364726f70676f6c642ffabe6d6d3960763537fb8658dbf1249a2715879108e7957c5659b7573c3326f81d28e8a2010000000000000083915c8ec17d020000000000,3656
00000000000000000001db385980158a1a677f88a76ccb3fef4e5a8598b9ab6d,1617681,791908,3993405,918109,999710720,4fe69b642c76790c34b505ec661689df42461c05f904e52645a274891f1536a5,2025-10-08 01:54:16+00:00,2025-10-01,f9062d8c,1701ddb4,035d020e0448c4e5682f466f756e6472792055534120506f6f6c202364726f70676f6c642ffabe6d6d505ec222f31fcd2c1346879f2f878a8a8bdda52478a0b58bd8e65c044928c8b101000000000000007a2272c71900000000000000,2475
0000000000000000000132a4d657da80638cc2e22526703751dc40bfb39a6a4c,1564105,809767,3993406,918259,611631104,056411205d3d8fbaea4e3a4bdace012e579a8da7e401009352d17a9682b2d614,2025-10-09 04:13:26+00:00,2025-10-01,236f22f2,1701ddb4,03f3020e046636e7682f466f756e6472792055534120506f6f6c202364726f70676f6c642ffabe6d6d934683f67e5468d2f2a9c9568476c8adfddc6899b768ab107e70c759b3411ed901000000000000006c4a17cf2339000000000000,2340
00000000000000000001c10192e15a78a5578cfc9ceb7a0bffc76a70f38f9e69,1929339,688023,3993408,918800,965410816,5e8e8b7f0a589022e460fa58691527a895f14b9aa58a881c95e5fb1ff782fe57,2025-10-13 03:03:42+00:00,2025-10-01,89b10a6,1701ddb4,0310050e1d506f7765726564206279204c75786f722054656368e5008902c060f2cefabe6d6d3d7a076d622581b6188c13950be83cb3f6c29288bc13486ae9f9946cdfcef9c6100000000000000000001a630020000000000000,3674
000000000000000000002b167eb64245bdd26c149ec818733958144608440f65,1838298,718370,3993408,917368,538681344,32f7685d8e1d2ae987469a8c200f6e88f5a63c4823d5ef134e4762b37636ddb0,2025-10-02 11:52:25+00:00,2025-10-01,9305921,1701ddb4,0378ff0d047967de682f466f756e6472792055534120506f6f6c202364726f70676f6c642ffabe6d6df458333b31ded4af08459e688f19bc463d9d1a12e5f8670873e743539edb526001000000000000006422f700ecb90f0000000000,3317
000000000000000000006eb91234fbb5406541a3c5d2e137e204224b4fe73a12,1870105,707768,3993409,917199,537124864,1177c04b2da54c1cdf7678c65e929816e7673a82f87fbc054d24f37a0f80e967,2025-10-01 08:05:31+00:00,2025-10-01,904dd44e,1701fa38,03cffe0d04cbe0dc682f466f756e6472792055534120506f6f6c202364726f70676f6c642ffabe6d6d40127db66d14ae37a5dd455f2bc6c195b81b886135ea352120370788994164eb01000000000000009623bc2e5ede0a0000000000,896
00000000000000000000b081c64b38193dd14713567d7cfc54a09cd01bed6b7f,1780064,737782,3993410,919172,677625856,33e5b63088a09b337da25d18c9ab3325102c77c8d45bd6a3db29b6a3084ed7b5,2025-10-15 09:27:21+00:00,2025-10-01,39744dd1,1701ddb4,0384060e04f968ef682f466f756e6472792055534120506f6f6c202364726f70676f6c642ffabe6d6dc7d0c5d739bfcb66042105369c3f7c6a7e3020cded76606a79b8c002bdcb81fb01000000000000006717f889c016000000000000,4689
00000000000000000001b3875156a8b73ce71740d5fcaf7fb0448c57d0578e9a,1555480,812644,3993412,919059,583024640,f1012d404f636bde39cdb65998aa765b792325ba279f633c1eaa26fc7c688e3a,2025-10-14 16:47:15+00:00,2025-10-01,8c88f63e,1701ddb4,0313060e045c7eee682f466f756e6472792055534120506f6f6c202364726f70676f6c642ffabe6d6d2353805604c4994c3715dfbf1e57023b220665e0390dd143e05c8e7e42f2d5f201000000000000008ddefd3f5a7b000000000000,3804
000000000000000000013e7a81084ca278ddd22dd811be2f2f4130dd071a14b4,1618747,791555,3993412,918300,583114752,c59ac80a81ae8274b87318ba03278a68371383091627e8df947e835f86f75381,2025-10-09 11:38:28+00:00,2025-10-01,b03cbe01,1701ddb4,031c030e04b49ee7682f466f756e6472792055534120506f6f6c202364726f70676f6c642ffabe6d6df6c94818e2e1c784992f4d32bfc268d5f5cdd706dcc434a787fcfea4b53420050100000000000000673a1d209954010000000000,3301
0000000000000000000163bc5a0b666692d50f4884722c36a64e238dbd406aec,1642652,783587,3993413,918023,733175808,7f7483abd96a18817e19a1e9dcb1ce80ddd47f9673e11e9aaf8fa0112ef9929f,2025-10-07 10:01:47+00:00,2025-10-01,3dadd433,1701ddb4,0307020e040be5e4682f466f756e6472792055534120506f6f6c202364726f70676f6c642ffabe6d6df29e62dbe16f568e733467ab99e4750889eb8345b666c2d897d41dc881c81aeb01000000000000008810d5190000000000000023,2092
00000000000000000000a7e4bacd5941ae62e2d0a893fbd225d29886fea9b819,1699460,764651,3993413,917762,594321408,6baad0192da10c15b83cf54dc82be33fca9527a6abe03f515ae0b52f5433aae8,2025-10-05 13:37:46+00:00,2025-10-01,a76ce2a3,1701ddb4,0302010e04aa74e2682f466f756e6472792055534120506f6f6c202364726f70676f6c642ffabe6d6d0d18f12176d840d1f908e93ccdb50812ed3a52ca8c14b06768876e205b4495a101000000000000009a0faa50af2e000000000000,2906
0000000000000000000136b65a07deceff2ad6e8fbfff2a484e9bbec9ab89697,1764723,742897,3993414,918206,659185664,8bcabd2bcecb974c33674da3185fd2771daff4e39d3fddd69891c85c274fa818,2025-10-08 15:44:15+00:00,2025-10-01,35943abe,1701ddb4,03be020e194d696e656420627920416e74506f6f6c208e002d04c1747306fabe6d6dd16993e20f6689d4d953c297ab71ed4e2c5c592a15198d63c84c85ac89d0304710000000000000000000758a8391000000000000,2495
00000000000000000000dcc62a6de1a09dfc9ce27e0803e5850ee854e4530696,1719554,757954,3993416,917459,669720576,1763c61977a6c9ae78483056a0c6dd0a00d098cf3085efe52192fbdbfeb3c549,2025-10-03 04:35:13+00:00,2025-10-01,21bb653d,1701ddb4,03d3ff0d048152df682f466f756e6472792055534120506f6f6c202364726f70676f6c642ffabe6d6deb879ec8b8f1458a7c1c5e8aa138796167d3314daa012ebc0bdaf642d452e6680100000000000000915bc8f81385000000000000,3153
00000000000000000000b789a0147113c3672e7a6c02ce463f7c32f4b2c74bf4,1567097,808773,3993416,917228,537149440,0838821c402375da92129e1ef7ca037c7c1a6193928a267444556a1b0b0b2788,2025-10-01 11:24:50+00:00,2025-10-01,a865ef0,1701fa38,03ecfe0d04820fdd682f466f756e6472792055534120506f6f6c202364726f70676f6c642ffabe6d6dbe1c325bb8206470422dacc2bb1ba35c94ba6c48f6110856759425e9630928c00100000000000000299609c78a24000000000000,4332
00000000000000000000a565b03667f1751642769a229c4bbee020c39fa552ac,1594557,799620,3993417,917791,549429248,4dd92b3a30ceca5b14820292d88939f2fc16cde804b088cce213980df6d03ec0,2025-10-05 17:30:11+00:00,2025-10-01,799b1501,1701ddb4,031f010e0423abe2682f466f756e6472792055534120506f6f6c202364726f70676f6c642ffabe6d6d6f84e03d8d34f8cb1516f89f26abc908beff9b6753f792f56cbb297b5b71346001000000000000004ff7ca7eed00000000000000,6028
000000000000000000019c4bdcddf9efe11e8fea3fbdd71f60afa869efc86274,1415386,859344,3993418,918555,855056384,359b4b646a7039446365aad8b3a5c382ddc3d3eb372ac172fecff2c1a91e3417,2025-10-11 10:36:27+00:00,2025-10-01,fa832246,1701ddb4,031b040e042b33ea682f466f756e6472792055534120506f6f6c202364726f70676f6c642ffabe6d6dc5cc069569a87c5dfb6bce117b8d670b9c081b43ac252bee688c32e8e4a14e3d01000000000000008f62cb384500000000000000,1206
000000000000000000017a51f5775e06353983a923ccf52ece0848319d7aa9ee,1642798,783540,3993418,917161,601538560,4511ee979b195e8f30b312ddd36d5eb80f6d0079b82c6d1a92426d4730ef7db5,2025-10-01 01:53:28+00:00,2025-10-01,761377dd,1701fa38,03a9fe0d049889dc682f466f756e6472792055534120506f6f6c202364726f70676f6c642ffabe6d6d799294c4648dc37ed40cdc6b2f1ebf92a51e7690c991c870ed4b937ea7f11e2c01000000000000000b501074e31cd0de00000000,4618
00000000000000000000df4a029f6cb5b544eb2c3ae8c30e10a3b40a10f03c08,1680725,770898,3993419,918691,656302080,22c3d39ed29b04575361282982a69b73ec8eb98ee1390bd4637fbe7ca8d40756,2025-10-12 06:50:01+00:00,2025-10-01,db0e7131,1701ddb4,03a3040e04994feb682f466f756e6472792055534120506f6f6c202364726f70676f6c642ffabe6d6dc060d5e7d485dd354bc028b5d1824097f5a27fccc0f2aedabcf0af63acc7938d01000000000000006b1126241961000000000000,5255
000000000000000000017b087e1a33dc7720174a3024fef13719028fb113605b,1659338,778027,3993419,918678,600694784,a51f86dae0286c406adfb29892b8072b26c124a480f2136eed2042750217cdcb,2025-10-12 05:37:19+00:00,2025-10-01,2954889,1701ddb4,0396040e048f3eeb682f466f756e6472792055534120506f6f6c202364726f70676f6c642ffabe6d6db106fbe4ff7a9abcd3ddc0ef7eb2c98b6c0516067f3020cdbfc11f3d06a55cf90100000000000000868c2aaa450d000000000000,4855
00000000000000000000d5b0407ffd7a84205d694ae81bb5555282c13f475586,1616090,792443,3993419,918286,679665664,8ab6e7f7a6647b343b80009687723a882a6e9519a6d4578e6148b77b95fb7479,2025-10-09 08:15:04+00:00,2025-10-01,63ba8693,1701ddb4,030e030e04086fe7682f466f756e6472792055534120506f6f6c202364726f70676f6c642ffabe6d6d8cb67bbfc05742596d6b98c48fb8b8ac4228935ec652d1b10dbc205b8e5c86290100000000000000764da13900008fa2b8000000,4544
000000000000000000016b6197689d1a72a725ab92812f1a28d37e78e4f16fd2,1713561,759953,3993420,917700,593068032,e82e6a5a7891d20010840d425e19920e2d47bd491b9712e020ac191efb544482,2025-10-05 02:38:38+00:00,2025-10-01,c89aed92,1701ddb4,03c4000e042edae1682f466f756e6472792055534120506f6f6c202364726f70676f6c642ffabe6d6db43bb10100eb916523a5d2aa7543edb67ca2b4138694d6af8c12186698607d160100000000000000585bc6a8eebc3d0000000000,5335
000000000000000000004db534e3ac134c138e1c1d75a564bfd6152a72e162a9,1640430,784330,3993420,919161,700276736,9e4f99be0884d6f364e946a883e5713a07c85f2b32eb1b07ca5804586d65a5b7,2025-10-15 07:53:04+00:00,2025-10-01,9e618c9b,1701ddb4,0379060e04e052ef682f466f756e6472792055534120506f6f6c202364726f70676f6c642ffabe6d6d537fff30632e29ee39e85b5a7b7f9980d21bfd2c30232530606ce0e2f70a853b01000000000000007054bfa00000a8d9c43d0000,5989
0000000000000000000079c462426eb938e6c37ad364b4ad88d0f4f52f3f1b0b,1512277,827048,3993421,917675,536911872,c5acabc462b7a20aeb16105b8b36705b5377c3b4a06c29cde3bfbba6a0021a1d,2025-10-04 22:48:13+00:00,2025-10-01,86da5836,1701ddb4,03ab000e0439a4e168537069646572506f6f6c2f3130362ffabe6d6d2404fe2de701610f06281d6e57068b291530e0a749d58d9088ef2dfe2169020710000000a8b153a622e3048c7f013b10793d010000000000,5389
000000000000000000012fb6fcf3ea85ace49691b5abdf43c3c46df91bbefd7b,1729046,754792,3993422,918103,627949568,2c22baa3f30f8b8065d7b21b905630e59765831ace7c9ac63d1ad3a9037677c4,2025-10-08 00:42:45+00:00,2025-10-01,6698a84a,1701ddb4,0357020e0485b3e5682f466f756e6472792055534120506f6f6c202364726f70676f6c642ffabe6d6d10255c39bd1baaa827e63a2bd33f50a28b84fb157752aa20eac992e285f18e1c010000000000000078248368a60a000000000000,2591
00000000000000000001bffb72e265f3dbd9068daf21c06c626b6b988d393ffa,1692027,767132,3993423,918708,537214976,626981f507fd782a6098bb8e7db1b81af2c2881794007529a2c73dad81647dd9,2025-10-12 08:43:04+00:00,2025-10-01,b1ad6093,1701ddb4,03b4040e1d506f7765726564206279204c75786f722054656368e5000a0436c4375efabe6d6d6227b08cd56a6e37489eae3eea42c5205adf59ed703b3c611744956fd1deb07510000000000000000000bd15005e1d0000000000,6001
0000000000000000000079f749359d3deb8ceab8f0ecdf5b4fef7c812d7ae796,1730521,754301,3993424,918864,537034752,97505e1ef3b6849f200de60e3467cb122dca35f1350b0eb618f93f220546db88,2025-10-13 12:30:21+00:00,2025-10-01,18799344,1701ddb4,0350050e04eff0ec68537069646572506f6f6c2f383838392ffabe6d6d586c7f89bc45f7b902b3bc515a69ad93463c9e439142e96e05bc4240bd55cd0108000000e13017eb0e624dc01d00593206e1000000000000,5185
000000000000000000012d5a147c6377a1b2eae33ef7a9a849be0b2eb462d334,1557007,812139,3993424,918341,547356672,6e1e5dc0b8c67bdb7989fd3c38702437f56f8439b32b0838a0bf9bb12723dbd9,2025-10-09 18:35:47+00:00,2025-10-01,2953d165,1701ddb4,0345030e048300e8682f466f756e6472792055534120506f6f6c202364726f70676f6c642ffabe6d6d1be7b02a6b8dc14963f8ceab9c7127299c0a8543c685531c20fa624c3606228b010000000000000089592c69f056010000000000,3524
00000000000000000001c480248001313f407fe1af6a64b0ee5a54b0dfd27299,1782952,736824,3993424,917669,591773696,7d120fde99694d00c84a20482ffdf6d08c649fd6f0ac84b436f611996392a74e,2025-10-04 22:28:58+00:00,2025-10-01,e456045e,1701ddb4,03a5000e194d696e656420627920416e74506f6f6c20a300050346410920fabe6d6d7f6457af3133640e14b0eed118e6fbbde8190e3454f70ba3ce189652b98b38d810000000000000000000fd2efa48000000000000,4558
000000000000000000017edf60df60f8b5b026979c19c259f372fda71fd2485d,1611565,793953,3993424,919117,682917888,60c3f9b2a47e293818b91cbcfe4485567a090ef8dda1cbabf566d63375c6f46b,2025-10-15 01:07:02+00:00,2025-10-01,9e847aad,1701ddb4,034d060e194d696e656420627920416e74506f6f6c208e003f009c9fffe1fabe6d6d90b05ae3a52fce321336230dbe56df5b473d2c6e042f63d27b01ea76103aa3121000000000000000000001c42550010000000000,3470
00000000000000000000a9612a9dfd8f21be772af1f3e8243da26eb959120ef4,1591802,800541,3993425,918699,537051136,9ea146bf55d0644fa8f0bc16255903287e822189a3c0d686541c67e5a7e02677,2025-10-12 07:38:53+00:00,2025-10-01,c2c24a47,1701ddb4,03ab040e040d5beb682f466f756e6472792055534120506f6f6c202364726f70676f6c642ffabe6d6d10ece6b73a6b7b2a9d76f487a2850b9755c9f1f6821edf0817a5e5127541ce4901000000000000008d33ffde58bb010000000000,3894
0000000000000000000130d19e79e25c942c9a241d4cc50ded59c65031fb1a44,1608309,795039,3993426,917693,600956928,0220b812adf8c389cf0d2903defcfaf9a735e9a9d65e9f5122709aca2f83bb32,2025-10-05 01:24:12+00:00,2025-10-01,8747e97,1701ddb4,03bd000e142f756c74696d75732f37383765009e0284ec74b5fabe6d6da37e3dbfe0487e319c080c10540b7d0cb356c63083e387a6501cffe3f9a2b7921000000000000000a6b800008d04000000000000,4866
0000000000000000000004d052be5c5ebcf5c077f82f99f45a99ac4a61646698,1665172,776085,3993427,919021,840851456,f2a7fc9b28fc0e7cb52f92ad528cc12e7a671fad99d155b0db70214e8a7b8b1a,2025-10-14 11:06:11+00:00,2025-10-01,407ea35,1701ddb4,03ed050e11627463636f6d383930cb014b006fea3d79fabe6d6db41b9ef88bbf35eceb02581605728fda0370a8c9eb278678ebd293df4e9eec73100000000000000000004e11ee01000000000000,3263
0000000000000000000102320e772d5a8045d0695c568a55944f8a22dc69729e,1655549,779293,3993428,918277,626974720,f623f3003eebebb0c980c0aa6ffa59208bf769d1d208887eaf6ed62ca320095f,2025-10-09 07:17:50+00:00,2025-10-01,b6034c65,1701ddb4,0305030e194d696e656420627920416e74506f6f6c208e0004020f544249fabe6d6d77ff3e4d42386a0fc274c276f469c661d5f1b1c7935d9470a5f320764901d95d10000000000000000000b311e150800000000000,4949
00000000000000000000322a92623158c8bd0d37db123bc36b70542fb206b9af,1609298,794710,3993428,917830,574701568,45721564849b609d7a1362ac6e6e071c0c33f3cc3794471ea975a44d03998c48,2025-10-05 22:55:54+00:00,2025-10-01,9456639,1701ddb4,0346010e047af7e2682f466f756e6472792055534120506f6f6c202364726f70676f6c642ffabe6d6de91e98864e19dbd2f849af8a5fa1283a1e2f6f4c7191d562f3f5ba586372ef34010000000000000052360f6a95a1000000000000,5301
000000000000000000000ce851bfa6b315e6bbafe57d9b484ef1b392c074ff28,1559855,811191,3993428,917446,631783424,916288859f8717d73ad3f0b4532e73e6a4f0d661147de76a8b8cdc15e13f3ae0,2025-10-03 01:57:04+00:00,2025-10-01,44b82c3b,1701ddb4,03c6ff0d04702ddf682f466f756e6472792055534120506f6f6c202364726f70676f6c642ffabe6d6d4597add6ba37a8546ef56ce0ee58f287da6587ac79d87780cd0c0b9db724b9e30100000000000000965bd5b4a7066c0100000000,3010
0000000000000000000143afe2f0ad35a0bd1bbdde9d55a98f2ee5577baa006d,1612260,793723,3993429,918855,929357824,dbcc37d8fd41f863074a408ba9137122e8cdd524bc2ac120a146f08cdf443f48,2025-10-13 11:37:52+00:00,2025-10-01,f6a56ee8,1701ddb4,0347050e0490e4ec682f466f756e6472792055534120506f6f6c202364726f70676f6c642ffabe6d6dadb2a172b06d0d09e969cbb6d57a6fe5aec3488ece037c745991d109e992634801000000000000005dd814ed0c00000000000000,4456
00000000000000000000f268b5c51c45fa7db760e7bd89d3d565e43c7a103d18,1865770,709220,3993430,918604,537124864,d66aec5429be0f8a64fb2757b0bd344ee1ad9be7299d09de0d36098d35920683,2025-10-11 18:26:18+00:00,2025-10-01,f7b8350d,1701ddb4,034c040e115768697465506f6f6ccb003202045bf161fabe6d6d0a7cd9f4994139fb20c5a588d0f2db0ae17f90f10c70817deaddd4c967e3c1551000000000000000e947f01f4289000000000000,3145
000000000000000000002e7e467cc20287a7fc31a00a3e8f1d8685cd8dc25850,1657177,778751,3993430,917243,538968064,efb8f007f28dff0cf04bea8ccdd230664727cc3cf9f6e1d62b52a746e600b5e5,2025-10-01 14:25:35+00:00,2025-10-01,87a32273,1701fa38,03fbfe0d04df39dd682f466f756e6472792055534120506f6f6c202364726f70676f6c642ffabe6d6dd172ab5345d6dee989bd86a225bfa5a35b4306d86460779b1edf9255c063fc3401000000000000003c12c6a70000052bb0c65a00,3281
0000000000000000000195a05e292cade5e6793edb61221a1192ceca2174256e,1528031,821800,3993431,919007,537280512,a473457408ef822d0719fbb247590fcddeea4070601a046525a414877aee14f3,2025-10-14 09:34:36+00:00,2025-10-01,3cb5992d,1701ddb4,03df050e042c19ee682f466f756e6472792055534120506f6f6c202364726f70676f6c642ffabe6d6d59b94eb7d38fdf6fdd84407e1db8dc0bc7fd16a425c01eacef6cafff5963ac8201000000000000006fdf6171eac3010000000000,3084
00000000000000000000f06c96e8b506341043222ecb710910fb31a77cd7c143,1670321,774370,3993431,918685,687341568,a5d26c7c1a39d0d589525bea57d083aa06ec4249a0402438e73374f6f1f46c10,2025-10-12 06:18:44+00:00,2025-10-01,c7424e25,1701ddb4,039d040e1b4d696e6564206279204c75786f722054656368e50050000324f708fabe6d6d5d1cc92b14903a6de82d600d1fff5877ab555fb6fcbad62ae54f3b96c1ad583710000000000000000000c3f0000000000000001a,4857
0000000000000000000143a2ae120c1a0d69b6cb767f3e58d3c023bf515c7900,1842834,716866,3993432,917472,609198080,88f20cf1c05916f267c32925fe9220e67917e7c748e7c26cdfb8e7cca40dd407,2025-10-03 06:22:18+00:00,2025-10-01,4b97df85,1701ddb4,03e0ff0d184d696e656420627920536563506f6f6c2f006b04e9915c1cfabe6d6d11ad2db5849177164150cda427157aa66601b81b33a527bacc8397208ed8c0cf100000000000000000003692a44b000000000000,3180
00000000000000000000a5c15f43c72e7089cd7c139458846695cd1affa28665,1631996,787146,3993434,918232,663568384,ed7a15786c63e7319c8237590bc8ed64c88d8e402994e348006c295b756bea67,2025-10-08 21:15:05+00:00,2025-10-01,f7f0346a,1701ddb4,03d8020e0459d4e6682f466f756e6472792055534120506f6f6c202364726f70676f6c642ffabe6d6d6e8f37962411bbe15bfbc5fc6a843a005381c8d3a113db57abcc293962d1b1d501000000000000009892c4925e10000000000000,3333
000000000000000000013487b5440fe4fd570bfeec3bc3d8bfdadc7561e405a9,1673190,773415,3993435,919084,742023168,51d14a6b89b363557180530c51fa192a1cdd093edcdc13fc828d2e855c985f18,2025-10-14 20:10:03+00:00,2025-10-01,e54b1163,1701ddb4,032c060e041baeee682f466f756e6472792055534120506f6f6c202364726f70676f6c642ffabe6d6d14804c6583a65c86ce5f1096a9a381b78a53514635699eab6204ead3c5f938290100000000000000916f6a0631a4000000000000,3876
000000000000000000019fa479cbfd26786e77a26b32e51bf903575345d0d759,1638252,785061,3993435,919251,622297088,179c347104988b357549369dc72b53f3bbc261245c76af0ef50c9fbadc309743,2025-10-15 22:57:08+00:00,2025-10-01,5f30d046,1701ddb4,03d3060e194d696e656420627920416e74506f6f6c208e00170771272401fabe6d6dd7e64282e41e47b647ebe8a0bb0a6b5a58388e3e2ccaf956e04fae87263930eb1000000000000000000111c40a00000000000000,3438
00000000000000000000a04491ee1b49fa854ccda7087a54630a3f1dc39254e6,1703475,763320,3993435,919261,667623424,8799e080a108f1f7d2a462a331fd78405aa89e1ba9ff0e34c7057f28d904c23a,2025-10-16 00:38:57+00:00,2025-10-01,636ab882,1701ddb4,03dd060e04a13ef0682f466f756e6472792055534120506f6f6c202364726f70676f6c642ffabe6d6d0f92cb5d24f39b225974a68ef934d0fc70af33f53e0033bdbff8e62f73d4cf9c010000000000000083533cf20000b39d3cc30000,3931
00000000000000000000689221316c2019004effb94a70ce8b4aad6befb666be,1723939,756499,3993436,919145,591110144,e0a142e4b1105a24716bd046296eb23277f01454c8fa1ed2eaef616afaa5f397,2025-10-15 06:57:51+00:00,2025-10-01,d04bb07e,1701ddb4,0369060e194d696e656420627920416e74506f6f6c208e003b051a16411efabe6d6d56d6ae76af4ad633136482222711405bfbcacc43c36d56882beadb1b719e2e4f100000000000000000001440cc4c220100000000,3803
000000000000000000010cb8e02ec65a3057b4b0cd59eeccc026c3997bdf2ce6,1397875,865188,3993439,918905,591945728,4bfb555fcf0e1f650a2b4eef05b0d98fb105824679eeceb6ca6db82ffc13f687,2025-10-13 19:09:59+00:00,2025-10-01,a383532c,1701ddb4,0379050e04874eed682f466f756e6472792055534120506f6f6c202364726f70676f6c642ffabe6d6d19908ee3270ff1bf32cf1d545ef7dbee7b5cdac5955ddff0c8c1d36b1977d8a7010000000000000068f2da564300000000000000,1599
000000000000000000005fa5358e8cc54d4a483bfe01b7dff378a28fee7c3536,1614046,793131,3993439,917339,842760192,3a0c665d8b7f7fb208a8391bfc4c42eea951f5a15870178c8f223c5f607d1fe6,2025-10-02 07:28:31+00:00,2025-10-01,42cc5a46,1701ddb4,035bff0d049f29de682f466f756e6472792055534120506f6f6c202364726f70676f6c642ffabe6d6d3b4fdfe38c4a3a1cb3ab6e002886b71c025c86619303fac0ecaa5c9458cd3f54010000000000000052658142d53e010000000000,2848
000000000000000000010676e216138a011cd5e5945500a2e564d3ac689fa60a,1654175,779755,3993440,917735,605872128,c744894a9d1c86cb40a1340b7d8050aaa710e62c48fd21b699ece918bb5e66a7,2025-10-05 08:26:28+00:00,2025-10-01,bd3853a2,1701ddb4,03e7000e04b42be2682f466f756e6472792055534120506f6f6c202364726f70676f6c642ffabe6d6dee285de6fe52e0ca494ae17103e49cf3d107d35ce91aca73d17f1a0284c60f230100000000000000679234d10d2e000000000000,3103
00000000000000000001c92a48ec370ec310d86a55f64150fed805118907093c,1688726,768238,3993440,917195,583565312,24ba7324cf9bc4dc1ecc128e3e607c931f3847e2e25d85aaee6c293c13d612ac,2025-10-01 07:44:52+00:00,2025-10-01,b62242c6,1701fa38,03cbfe0d04f4dbdc682f466f756e6472792055534120506f6f6c202364726f70676f6c642ffabe6d6dfca84baec5ffaa21bc4976471ac1f491bf2e5548053f3913aabff189ad9f81f301000000000000000f49dc2c8514000000000000,2555
000000000000000000004983a92f5adc18996cb13daac35b6b44d8a86fe3d8ab,1728841,754867,3993442,917869,537354240,f5acb128ffc8213d360460a7e1b29537c04948da10f986b965c9c907d7c94e2f,2025-10-06 05:36:40+00:00,2025-10-01,f36d9316,1701ddb4,036d010e046f55e368537069646572506f6f6c2f3839302ffabe6d6dc764f237a68e5b42b8ff69bd2e2cb62b97685ed9e2ec60512d6d0b961defdf0d0800000022935a6b8212848011029dda6ede000000000000,5142
000000000000000000001d5abd0972ccd24d0a2cd355d815a5f1d356ab85a1f6,1729148,754765,3993443,918908,586006528,3022caa27305b3eeecd215d3116c0aa71cbc7d629eea41b3b377fed6a3a8c16d,2025-10-13 19:40:29+00:00,2025-10-01,ab119253,1701ddb4,037c050e04ad55ed682f466f756e6472792055534120506f6f6c202364726f70676f6c642ffabe6d6d12044496563fcee057be60dc43b1e29cae5b8254f84ec0cade11e2d33eeeb2e8010000000000000097eb9154af0a000000000000,2195
00000000000000000000d75b3dd3a5851f94aa88fbe7bba0849778099d45cdc5,1671572,773958,3993446,918969,598130688,e174c492080acc95556cd984ebfebdd9af65240a01a02e5bcb62ec7c1c7581ba,2025-10-14 04:25:22+00:00,2025-10-01,830af422,1701ddb4,03b9050e04b2d0ed682f466f756e6472792055534120506f6f6c202364726f70676f6c642ffabe6d6d9dc2379d57130a4a79b71ee938180ff1edcea422e2114b5913cf445b196b38b4010000000000000097f7ac050a00000000000000,5123
00000000000000000000add8a19545f062e8971c0b91ee8dd2594195f3f753f6,1545992,815818,3993446,917668,569458688,ce1a4e445e320640c16957f3c03c9b6dd56f5a1685506d60fd9acaefc1b562ec,2025-10-04 22:25:21+00:00,2025-10-01,bc2863b2,1701ddb4,03a4000e04d19ee1682f466f756e6472792055534120506f6f6c202364726f70676f6c642ffabe6d6dd403c5ea787deb33773860766c0815f2ba15f3eecbfd29bd3d68e665e76554cd01000000000000008c60f0fab7420b0000000000,5308
00000000000000000001b6dd20baec6278624442b3966baa09ea23dfde4b2e94,1636080,785789,3993447,918695,665927680,035d7adf5bd03b2789526850ea4f2b651e51a747f86282e5c29ef6fdd4c9d489,2025-10-12 07:08:15+00:00,2025-10-01,a63d2c14,1701ddb4,03a7040e04df53eb682f466f756e6472792055534120506f6f6c202364726f70676f6c642ffabe6d6d3ada611f44d5691ab6c23e3a7d2588ebbc1359bbe6bae76baf1b39545249f178010000000000000094bfffa30000039000000013,6023
0000000000000000000144e851a36e04e6520f86490968d2090205354724ea9c,1596153,799098,3993447,918720,683655168,9f7afb238520ceea9f86557f4b7b52b60ea971a52bf0e95ccc68c66828bf11bd,2025-10-12 10:31:46+00:00,2025-10-01,42d14155,1701ddb4,03c0040e049283eb682f466f756e6472792055534120506f6f6c202364726f70676f6c642ffabe6d6db1880b84febc6822e2bced4b53f26d62afbd86d02b7e9d53ae036a396aadfbf9010000000000000098c390790000000000000015,4011
0000000000000000000064f7859b12c07424fa00ae75ee601f50abaf69c1e362,1995441,666002,3993447,918122,594706432,474eeafbbfc41d72b2296b028079304c0b6322d3b033d369a010b455dd2ab699,2025-10-08 03:56:35+00:00,2025-10-01,291ff95a,1701ddb4,036a020e04f3e0e5682f466f756e6472792055534120506f6f6c202364726f70676f6c642ffabe6d6d2e3f51d58236d56b38fb823268648198652fe0f1c4f61306a1596e02eedb4548010000000000000076412dc09613000000000000,1603
00000000000000000001d1beeecc8f1f5af5cb6016e86f5c28ad3469991ae19c,1562060,810463,3993449,918923,667590656,a8a492b740aaeff538391ea3980b4799eb30b3655b735c9eba07171be02145eb,2025-10-13 21:14:52+00:00,2025-10-01,2dd11d6c,1701ddb4,038b050e1d506f7765726564206279204c75786f722054656368e5002e05469ca234fabe6d6d461851210dc624ee4b83b2b1057d2f6fc1830d33e2a0f7990a3a0c763c64e1841000000000000000000109c60000000000000023,4975
00000000000000000000a3b5c3e7768403facb02c72fa54023cbffde6418b27f,1540075,817792,3993451,917569,591519744,09ac426f46e0560a4559f6f9b751f18de61601d12eab4d140e4bc8a3ca82ace8,2025-10-04 02:59:42+00:00,2025-10-01,331d9463,1701ddb4,0341000e049f8de0682f466f756e6472792055534120506f6f6c202364726f70676f6c642ffabe6d6db092d2ed3b8e39e7095829db8e2b362588ad6463d2dbdf1cf04537533fd286f90100000000000000659860b4f206000000000000,1552
0000000000000000000067e6ac72985122d3fff988af9533a320b3c7ac2635b2,1954603,679616,3993451,919232,810991616,ae342838d43553617230876766e7fadf5c4af2b29459e683d7a08f279d62efde,2025-10-15 19:25:51+00:00,2025-10-01,acee7178,1701ddb4,03c0060e043ff5ef682f466f756e6472792055534120506f6f6c202364726f70676f6c642ffabe6d6d7d49ed4103ad352a3a3b65f86409dcb3cdf757c29d9ee3f3874b274cc29f85550100000000000000756d12270000585855000000,3764
00000000000000000001b070ed5993c114087146398803619a7ac2c2404c7fef,1587422,802010,3993452,917709,743645184,f592e95ae55478fca33a6e443699bdea537d25d115b9f93b30c62ca468e69b2b,2025-10-05 03:45:33+00:00,2025-10-01,b3b3d0a6,1701ddb4,03cd000e194d696e656420627920416e74506f6f6c208e003401b779238ffabe6d6d6de78708c2df2a24b842582ac6178e38aa8e9e318708c2bac6af9f2930f2dab610000000000000000000c4f98fdf000000000000,3985
00000000000000000000dda6eac4a53c2c338caecdb07dfb4612ce1e30f095dd,1608251,795067,3993452,917794,563200000,43e6450d5a4e022e3c3ee2eb8484a4c9f31eee4a9eb01c444509020957c7de22,2025-10-05 18:28:39+00:00,2025-10-01,f69f1097,1701ddb4,0322010e04d7b8e2682f466f756e6472792055534120506f6f6c202364726f70676f6c642ffabe6d6d1af887281ac9ebba0ea92c5cc3363e04c996b509fac6c80d2014807aabcf515f01000000000000006b6d61429d1d000000000000,4158
000000000000000000014330af0f98e7518ad2ea35c8fe489929df7f6fef8da2,1766784,742223,3993453,918712,611311616,1f665dd0b3b6668514d33a2db401d068272c39df892bf1431adc64f792e4a7ab,2025-10-12 09:04:58+00:00,2025-10-01,c1df87a3,1701ddb4,03b8040e043a6feb682f466f756e6472792055534120506f6f6c202364726f70676f6c642ffabe6d6d5ea6eea77967ef4582bd6d7cd6281f8f8c36544a12ac8ce80948f7c290f8ff4401000000000000005ac2e0f39144000000000000,4325
000000000000000000000407260144ac3250c643e83df0d06152fc7f474f723d,1733286,753390,3993456,919188,726073344,49fe916159b99ec83fd7ce855d4e51e8efe353ad30d643d2ac913bf839e96fcf,2025-10-15 11:06:34+00:00,2025-10-01,45459a4e,1701ddb4,0394060e043a80ef682f466f756e6472792055534120506f6f6c202364726f70676f6c642ffabe6d6dcb88125ccc779e73c206c3677765c8463ec0e82650f3415f8a65fedf0aa775510100000000000000851d151d1e00000000000000,4969
00000000000000000000a5f99898453d5a9f98df0c5cdaa203cf95fbf48646cd,1624854,789535,3993459,917941,837656576,aed78365a823efcbd821158afd5d0f95dd21896562c303020c8198e8c79eb5c7,2025-10-06 18:56:47+00:00,2025-10-01,730441f,1701ddb4,03b5010e04ef10e4682f466f756e6472792055534120506f6f6c202364726f70676f6c642ffabe6d6d9a4b01c7ba266b146dc3ef4fa59b3a11bb66d4e2eeada18e7b605107820038b30100000000000000836e09a700000aad23010000,3837
00000000000000000001bf6793cdb98759eba1de056d5097dbdc3c7ea6b16507,1891672,700596,3993460,917843,582434816,536f13fce0f94fa4e67c1d7d51a12de9ff870f91846c9197d893f0ea0c6a7097,2025-10-06 00:44:12+00:00,2025-10-01,6629980c,1701ddb4,0353010e04dc10e3682f466f756e6472792055534120506f6f6c202364726f70676f6c642ffabe6d6d6b804fab58dec06451917914fa6cd7a02dfb3152337c93ef1503dd39d12ff6b3010000000000000066b29df20f08000000000000,5298
0000000000000000000174e5e08bd0960f25f5084b96fe932fee42594cfb7950,1599464,797999,3993461,919079,641253376,849cf4621dd3d3b96777706d71e9bcc517f2d80da863e16a00673f450aed6203,2025-10-14 19:25:34+00:00,2025-10-01,e2da0c36,1701ddb4,0327060e04aca3ee682f466f756e6472792055534120506f6f6c202364726f70676f6c642ffabe6d6d25e9380587448a7dbd68560d0806cc330b20f4d64678b3a87cba7fedf4996ec90100000000000000630cd9dd9309000000000000,4963
000000000000000000017983dd8db70b815ea203b030620bf9878fdaeb521edd,1594598,799621,3993461,917649,681172992,84067758c3580ffe8df99fb606f7bdc6c6794dbd0020e19a1e8f1bf9a6f6c518,2025-10-04 20:00:45+00:00,2025-10-01,d721790e,1701ddb4,0391000e04ed7ce1682f466f756e6472792055534120506f6f6c202364726f70676f6c642ffabe6d6da7e6b8d1030620ec7e3fe88ea80b7421a862c0a869ba929a9b47cbeda6769f8f01000000000000006eaf32e70000058600000026,4593
000000000000000000009fcb3226ba0aff24720db8e53036611f58fd475ca099,1959372,678030,3993462,918601,537706496,701f3941951d4ac14aeb6e3a9527841c6968e4bee8308cb2005d978567ac6c09,2025-10-11 18:04:54+00:00,2025-10-01,bb3b0371,1701ddb4,0349040e04579cea68537069646572506f6f6c2f383838392ffabe6d6ddd511c865628a9793da2b1c9e713a8318fbdb811a582a3d3beee615c678d906d08000000e13017ebaa70db720205e5d21d9b000000000000,3917
000000000000000000003c9b5c0684688119c8a6a8712b9a764efb15de343cc6,1552926,813513,3993465,917561,555991040,883d45bb6cad0ff0e511f356969147cea9e88f175321a143791458843132beeb,2025-10-04 02:26:28+00:00,2025-10-01,b2614ee3,1701ddb4,0339000e04d485e0682f466f756e6472792055534120506f6f6c202364726f70676f6c642ffabe6d6d4569bcb5cc2ff2ad63743fc83395df3c3b4016496f1de7f49299fc175b9f786401000000000000005c4723f2b333000000000000,3805
000000000000000000004cc69d0f33a6a0a32c8bc46ef57664315ba4011b409c,1666585,775627,3993466,918726,775094272,295675cf331de0645b9e935d2b6e0580fcb767b5bda4145b4aad628ed73c0fb2,2025-10-12 11:27:23+00:00,2025-10-01,bda6b856,1701ddb4,03c6040e049b90eb682f466f756e6472792055534120506f6f6c202364726f70676f6c642ffabe6d6d6c7099746b99cb13f6b77e0a86f46fcb0283d82ac82afea6da841a9a97ac34350100000000000000986cbccc00003533d3010000,4381
0000000000000000000082e8a7efbc60aca373e81bb2f186e04ad815cc23ebe7,1764256,743070,3993466,918653,641507328,988e17911aee8c5d37ec2fcf3d43b6be0239223c0c265525a3adbeee97053ff7,2025-10-12 01:10:48+00:00,2025-10-01,1d6e8d9e,1701ddb4,037d040e041800eb682f466f756e6472792055534120506f6f6c202364726f70676f6c642ffabe6d6d50d6dc58dc824b94e5885f07013cc62fddda5396b1f83643b15381914a6068c401000000000000005ebe879af8cf000000000000,1677
00000000000000000000b64f09b8bbd297e510602eac077559ba3c38cc3eb634,1646081,782462,3993467,917612,537395200,da0e176e113b81732b19a7d3a38877d53ce9c246312075c5e6ef297939cc5937,2025-10-04 10:54:10+00:00,2025-10-01,8d42d3c3,1701ddb4,036c000e04d0fce0682f466f756e6472792055534120506f6f6c202364726f70676f6c642ffabe6d6d689f8e610d284b8e3f96cced4255df96c658cc2e7aab3a1d01a2a3816b5f1e1a0100000000000000815055a8a30d000000000000,4226
00000000000000000000b559f79808d8eccb3612dbe404f425cc4f276fb9a12a,1624761,789569,3993468,917726,536952832,83549909fe6578b5084bf065e99c82569f2a64c3ff56af56034fb09c66307c16,2025-10-05 06:23:55+00:00,2025-10-01,1d88334d,1701ddb4,03de000e04120fe268537069646572506f6f6c2f343233372ffabe6d6d1f0edebdd98246693111f15977d24c9a14eab21feb3763384fcc6f051b2353d30800000022935a6bf0d9672406054e8b8357010000000000,4466
000000000000000000014d9583db9dd5d960bf0425693122ceef21e633d769a7,1698592,764959,3993469,918926,692355072,f436b274f332d5db49b4bb01632dcea36346db080770de7627a2e132edc414ad,2025-10-13 21:43:52+00:00,2025-10-01,346fa135,1701ddb4,038e050e14526564526f636b20506f6f6ccb00f40750fbbdacfabe6d6ded361a5b7c7b6c251c5fc24b919a5cf0c7dd5c09bc9416ae093ce261c7c5816c10000000000000000000292aac00000000000000,3914
00000000000000000000992ff5905a8dd09798866a114454dbf494060cd97cf4,1639885,784528,3993469,917380,541949952,86907897e28f6ea6b72f57990bae40646fce4885341e4b1f791d44de6f30062b,2025-10-02 13:30:20+00:00,2025-10-01,cff6a309,1701ddb4,0384ff0d1b4d696e656420627920416e74506f6f6c383239f9000f027fa79ff9fabe6d6df31f1efe6c65a5b819ba03b07400edf0c10ea5fc51d115bdec9704b0bd4074171000000000000000000039cd2c9e000000000000,4163
00000000000000000000a24e172efce1678746903731d65212f21caa1ab0b771,1705028,762814,3993470,918661,536985600,0c83251e88325b6548e591ab3439cd4f400e9342d10d0d9ada8c99a243b70298,2025-10-12 02:27:47+00:00,2025-10-01,98bbe039,1701ddb4,0385040e3642323a203078373833633366303033663137326336416335414337303032313861333537643244363645653261327d002400b08dea67fabe6d6de462ea24ed33ecccfaabb5dc2e5f8701080b15b2000035be9129000000000000,4019
00000000000000000000a11a3a60d73fba094c922357e49db967ebf23da6d35e,1770215,741085,3993470,918448,608550912,6930dff02781b26c1247e96afdc0ab7a6d037ab41d9a994c45a5592bb7f4b2de,2025-10-10 12:48:19+00:00,2025-10-01,ced34773,1701ddb4,03b0030e049300e9682f466f756e6472792055534120506f6f6c202364726f70676f6c642ffabe6d6dc2711f71ede6a8ffc94c7b960dcc262038e0318413569c0fd671fd7acd355f0b01000000000000006476f0d74b55000000000000,3948
00000000000000000000534f64defd24879b07e2334f9f520a664eec914be300,1901453,697339,3993470,918404,537763840,a11e57170bee5c52cbecd42f2d31c8647d8cb0ae5089905a960c580e63bac3b3,2025-10-10 05:54:45+00:00,2025-10-01,8a524899,1701ddb4,0384030e04bf9fe868537069646572506f6f6c2f3137302ffabe6d6d1eb5b8fa9686e94dd9b3c35a37273174ee15fba597c4a677ceb9f2c34ef13abc100000004969bf4b3eb4d07c8612ca6d03ee000000000000,2451
00000000000000000000926a8965a946bffac8631b089d98efbd669b39a82760,1558670,811600,3993470,917758,651436032,4aec93b26976804ccf637b94f635fceee2c6ba29c8c5e11db68b3a558d9489c8,2025-10-05 12:26:53+00:00,2025-10-01,1af33c1c,1701ddb4,03fe000e040d64e2682f466f756e6472792055534120506f6f6c202364726f70676f6c642ffabe6d6d5218612f41db74325fe0a91d8d7283db2083345e5424d88a49f450deb084a2c501000000000000005017e2e8ad0c010000000000,2963
00000000000000000000b3ebd88457b4ae4ee1d845713e9f59b5b304f13043c4,1580364,804369,3993471,917489,553721856,c180f728f24b4ad635303c21002b8245bfaee403c88d3395a3df5872ff683fc8,2025-10-03 10:29:30+00:00,2025-10-01,4884c58a,1701ddb4,03f1ff0d048aa5df682f466f756e6472792055534120506f6f6c202364726f70676f6c642ffabe6d6db1c6498add733a9420e366cd0d5da0a298aafaac2d629ad23dc448ea5681f7310100000000000000656d5e2da1e9020000000000,4264
0000000000000000000007867d6f8bfc9437f7070461b722819050afd8a1ede3,1677259,772071,3993472,918327,619216896,65849ee7504ec86771ad0232b3282764b56606e921ea0611b9172f1ad704ef3d,2025-10-09 16:28:44+00:00,2025-10-01,3995b49d,1701ddb4,0337030e04bce2e7682f466f756e6472792055534120506f6f6c202364726f70676f6c642ffabe6d6dfe6847caa509d5c46ac8545e022a58d7fee58929754af312393664b5a9182c3301000000000000008949bf9b620b000000000000,4314
0000000000000000000013142860fca1fbca4b51cc83d39d8d7b2e7621c6cc34,1271327,907382,3993473,918332,557408256,a05f4e344e5795ec3bf2c3be9a2a0c0408c8f05cc68100e3241e58da0e1c2901,2025-10-09 17:13:41+00:00,2025-10-01,ea51d2c8,1701ddb4,033c030e0445ede7682f466f756e6472792055534120506f6f6c202364726f70676f6c642ffabe6d6d1676c923bcc8965437609c9b81955864910f8daf6ff7b67cfc4e6e7dce4950350100000000000000966b4a250309000000000000,1735
00000000000000000000c7d8b7335a4b72f32a21ac3305976fd0671a6a1b4d10,1716755,758906,3993473,917890,611426304,bf85be324c7a67c06e503ecfe06f43eb31efe51d22ead0371eaa199c4b9fb5c5,2025-10-06 09:55:40+00:00,2025-10-01,ae91d894,1701ddb4,0382010e041c92e3682f466f756e6472792055534120506f6f6c202364726f70676f6c642ffabe6d6d8b557d8dc655c7f913bdace428b434d09db7b884a095c73af34bb6eb5a54986101000000000000005fa1ac5f0000120a94430100,2923
00000000000000000001cb17c0ee9ffe4bbe792fb28523bdd80aa5a820c8556d,1622867,790202,3993473,917846,652058624,e6060d11f274ea851326a0c9c5aff5e1f6f6ddd4c97c8b20ce6fadc33d7bd6ab,2025-10-06 01:30:43+00:00,2025-10-01,8160ea05,1701ddb4,0356010e1d506f7765726564206279204c75786f722054656368e50034068a3caa86fabe6d6dc32bd26a55179ed1b3aac340fc19b8726adb91432897725562d18dbef632bc9e1000000000000000000064d3000de00000000000,3327
00000000000000000001b2c36591e9045afc7d1093cd3b51da56445b19efe861,1607373,795367,3993474,917179,537346048,cca5dd553e2bb1ec1ef7a6becde809245567625636d8c2b649db587acf87a6dc,2025-10-01 05:28:17+00:00,2025-10-01,26674a62,1701fa38,03bbfe0d04f1bbdc682f466f756e6472792055534120506f6f6c202364726f70676f6c642ffabe6d6d75361745c8b3f593a42767ce568f0fa90c5af117c1230c58b7989ec57ef4ced101000000000000002b97715936e7020000000000,3322
000000000000000000001bc1b074a4defbdcc4961b12870c2493d0593e027a8b,1642591,783628,3993475,918945,596533248,205483d81ffcf6b5ce78c55ec5af65d124f77e178c3bd14f8787612f3dfe4c8a,2025-10-14 00:52:29+00:00,2025-10-01,3c2eea1e,1701ddb4,03a1050e04cd9eed682f466f756e6472792055534120506f6f6c202364726f70676f6c642ffabe6d6d3772de43ef37d8425d9b61e60a2b8badf67c6321754e6e9eaa779bee1b114f6801000000000000008ddda086c91c2f0100000000,4266
000000000000000000006591865f880dc1fa578ba54e1fac2df0de7f758fade3,1752884,746864,3993476,918276,553689088,a561c6b5dec45bd9c125016647c24a6587b9f2d04a7bfa1fc08d45146732a700,2025-10-09 07:11:48+00:00,2025-10-01,fc8c5011,1701ddb4,0304030e043460e7682f466f756e6472792055534120506f6f6c202364726f70676f6c642ffabe6d6d1ccc5a7b8c0520021582d5cae75d53fda46242e75a59b5816d9f2117695944920100000000000000793c2cb9000004c41a010000,4931
00000000000000000000b631397e501fef6fa11dfbe489214a284fe75f03df12,1654481,779665,3993476,917245,548069376,0fec76b3c3884ea32e572cec3f94723a01c7ebff2b165aa4a034e44a299be696,2025-10-01 14:48:08+00:00,2025-10-01,bc9b4771,1701fa38,03fdfe0d1d506f7765726564206279204c75786f722054656368e5003e02987f6cd7fabe6d6d73f0a3eab9691fc9c9edcfab6d4068afe85dc130f1e36451dfa51e827f155fc910000000000000000000c9b0002f6b0100000000,3387
00000000000000000000fff8f0e3ec4195f4a7dfe0a7d37abd8ac6538da8bba7,1868672,708268,3993476,917967,724262912,e2bf0de2ddfd2d1e7fbbe1f01d6fd4de8ef6331c3bfc48dd77803e76b516c213,2025-10-07 01:08:50+00:00,2025-10-01,ce1de8b6,1701ddb4,03cf010e042268e4682f466f756e6472792055534120506f6f6c202364726f70676f6c642ffabe6d6dc75a3547a98198f2b7570ea17fe2e96821bfc2111144ef2d25a494eafc2fa9910100000000000000244490ce1700000000000000,1263
000000000000000000019aa95f5ef12da7fca16e170415760347489afa18e9b1,1666422,775685,3993477,919168,1006190592,df3b92611d8d95d384517125313c1cfe9ab9074711daf2bd62a6d8a11861b629,2025-10-15 08:57:10+00:00,2025-10-01,54556410,1701ddb4,0380060e04e661ef682f466f756e6472792055534120506f6f6c202364726f70676f6c642ffabe6d6d9408adcd3475ccc7b5f873c9461095b6288498940c5e0d9bdf3462400b2f1bac0100000000000000535aad410300000000000000,3376
00000000000000000001ad323d28cc81a0aaab387b6a35b8254227a2bacd7871,1578272,805069,3993479,919009,750960640,01d6e706f67feadc529fcc11400e65632a686ecf446d01c39feb6d1cd268ed44,2025-10-14 09:54:14+00:00,2025-10-01,56b3b47b,1701ddb4,03e1050e04c61dee682f466f756e6472792055534120506f6f6c202364726f70676f6c642ffabe6d6da8999157df9f4337cdde03ef9128aae3aeed6d8b3c9b358bdb0f27b1f501a1b80100000000000000561323bacb02000000000000,3518
0000000000000000000187945d24feecf8375c4211b8e1b01bec1dea7452eb55,1634826,786218,3993480,917997,599547904,2902776aa152037762774cd58bd311d8eb97f0505bb503583a0bfd85428a585d,2025-10-07 05:32:53+00:00,2025-10-01,81493f02,1701ddb4,03ed010e0405a6e4682f466f756e6472792055534120506f6f6c202364726f70676f6c642ffabe6d6dfd7d7228bb5fd7e8d37b1554e7a7391e7ef6c10e66ba1f01b655fdda1331a60201000000000000008f6e60c7725e020000000000,3631
000000000000000000004471fd497f6e7afc83fb491dc578594a8fc585a96195,1772365,740372,3993481,917494,575283200,10842d61fb43167019b997d33424b99cdedfdbe5c28f0a4d811d63617e04e77e,2025-10-03 10:57:27+00:00,2025-10-01,117bc05c,1701ddb4,03f6ff0d0417acdf682f466f756e6472792055534120506f6f6c202364726f70676f6c642ffabe6d6d366120351cef87df119441420a617b8109ed97f44aafc2f8561146fd4f4104f10100000000000000646cf5962b00000000000000,4762
00000000000000000001756c9512a0965eb3f486db7c47087a80adef580e8931,1655648,779278,3993482,917386,600383488,534f72a780ab27ecd92fc5b8e2c3efc31005ec4b110ae8677488bcadce75516a,2025-10-02 14:59:26+00:00,2025-10-01,a5f75329,1701ddb4,038aff0d044e93de682f466f756e6472792055534120506f6f6c202364726f70676f6c642ffabe6d6dd0830f31eb7688e785dabd3163cb4c2109551ec569738ecc19de05cb4e55042b01000000000000005c5bc345fdf77f0000000000,3958
00000000000000000000d3aa300b0950d70a91e6fe40484219ccab540b27fd92,1702625,763619,3993482,917374,717160448,e1194c6dfcaba572a1c17d807a038cf5db4c2f2d2e4729a08432b302feb9c030,2025-10-02 12:37:58+00:00,2025-10-01,e2970694,1701ddb4,037eff0d042672de682f466f756e6472792055534120506f6f6c202364726f70676f6c642ffabe6d6db4db47f6a8fd597fda112ed31e6c781a287a16b006d2481680e3c21381d3599b01000000000000006a087bfb2200000000000000,3084
0000000000000000000141a6a4ca2d7f1e46679080285f452e5d28f8d45d0319,1754988,746165,3993483,918370,823058432,7eded2580c789630ba3b71954810dd77810906e60902f4371de0b0a3f57fdef5,2025-10-10 00:45:19+00:00,2025-10-01,b2739d21,1701ddb4,0362030e041f57e8682f466f756e6472792055534120506f6f6c202364726f70676f6c642ffabe6d6d3a559974fc181b87b83b7ef7605e6bd73cc1b25a63194cabfee2bac608e7b3c70100000000000000916cf844017e000000000000,2502
00000000000000000000baf3be9ab5738a772303a71c29a184b62978ba5fdde4,1612839,793548,3993483,917868,560873472,b2654dc4d922171ed2f4cded8f3cafe6df80de4c8917c30ff26baa9c4ff1016e,2025-10-06 05:32:14+00:00,2025-10-01,3d90a3b6,1701ddb4,036c010e045e54e3682f466f756e6472792055534120506f6f6c202364726f70676f6c642ffabe6d6df908270e33d87f066b96838da70e02eff2d48bbbf78bf931587716994d64b78a01000000000000005f5bb53bcad3490000000000,6422
00000000000000000001ae9c0a122389736923bf4354405bbb23a92338d3045c,1611567,793972,3993483,917164,1011843072,41eaa7c8302569f24e72764d617cfa2db3e688f4534d7ad8b542356bcc132825,2025-10-01 02:38:48+00:00,2025-10-01,360db848,1701fa38,03acfe0d043994dc682f466f756e6472792055534120506f6f6c202364726f70676f6c642ffabe6d6dea724aef8d63da0d47546174b3e4caa4b575c32e2746d7e62d4a3558d62a635c01000000000000003d90d9930500000000000000,4545
000000000000000000018619cd62d68c7ea1f7589f4c1e99ff01404d959860ee,1601494,797330,3993484,919127,538009600,2022e5d2c1c7789a3b6197e739386da2bf601d03494eed2131342049ce72eb0e,2025-10-15 03:05:27+00:00,2025-10-01,ab119854,1701ddb4,0357060e04890fef68537069646572506f6f6c2f3733312ffabe6d6d08b6c764241726c083db9d6dac81ca3705a118678e42159a090e6b1fb3f016a410000000a737bc5113079735bb01ecb8c97c000000000000,5699
00000000000000000001b20ff2e2edfa6196c84c488841249e65c7a17b13c1c8,1699097,764796,3993485,918037,687882240,e71ff50eca8551cd666229db64e91bd754745da11ab76a0e47bc9ca3c06c3c63,2025-10-07 12:24:44+00:00,2025-10-01,adfe0e33,1701ddb4,0315020e1b4d696e656420627920416e74506f6f6c3936358e001d07771dd7fbfabe6d6de1954eee9b85e1261a431925fcf53511c992209b82145632e3020f4998f54b77100000000000000000010c1bc89e000000000000,3590
000000000000000000019900819d6e6bc0c2d6d2405a094f35f3ae456144fe60,1632678,786936,3993486,918838,543137792,f4d90dcef7ee865b722a8665a4e53b71918142960e404d3c7931ae716cc4c851,2025-10-13 08:59:41+00:00,2025-10-01,92e4643f,1701ddb4,0336050e0457bfec682f466f756e6472792055534120506f6f6c202364726f70676f6c642ffabe6d6da92ea4c069062e5e7cc511bfbe10bdeb007cae0e9b500662e2b130afa6cf26c1010000000000000058e396db000030bf00000000,3722
00000000000000000000d25461fae4835bd94fe52f8b9845bff33cc421eedac4,1769111,741459,3993488,919057,624328704,a3205305cdd45282c0d56613715e72c41791a026a4548950457500b45d1fab7c,2025-10-14 16:13:12+00:00,2025-10-01,ec8c5965,1701ddb4,0311060e1362696e616e63652f393934cb00a402ddb63699fabe6d6de2bae9c0c3da209374ac917dc9c705ff458ca4a72362feb90eaf24c7f904a1de10000000000000000000818dd300000000000000,2692
00000000000000000000ff3a6b027f564e73e71281b242e6d0bb68007679559f,2037182,652102,3993488,918625,610820096,986989a9553c335e9cf20023e40d446f102b6f17f45e25e9ef68161f37675515,2025-10-11 21:37:27+00:00,2025-10-01,1da56c5f,1701ddb4,0361040e1b4d696e656420627920416e74506f6f6c39353944006f0048b8b383fabe6d6d8410eabd550b87efaaa467b29deb4dcfbcef46b54fce7963a5d502a47ee476e010000000000000000000031f1dd9000000000000,3218
00000000000000000000981bfc28fb9525d65d6c7897af07454242b8457db465,1618637,791617,3993488,918401,708796416,7ab7ab5b4d3399aef617af89e20ec730a99dc0cb4366a8d8fcc7b39b558ae9c6,2025-10-10 05:09:50+00:00,2025-10-01,d7a119b2,1701ddb4,0381030e041e95e8682f466f756e6472792055534120506f6f6c202364726f70676f6c642ffabe6d6da9688b336e1e1129ee8d8c9a706a14ccde754637f6acc3c19d6cb658502a04b80100000000000000850b7aa91d00000000000000,4388
0000000000000000000169b8a35b8953cc5880ebe345cc4eebcc3d0a2dace8ef,1818723,724922,3993489,917419,589447168,96ee9296e1cfef232f6c244f9cd0b7f2468f36cfea45b4410b0db4b699a4b0b0,2025-10-02 20:34:09+00:00,2025-10-01,6fbab761,1701ddb4,03abff0d0490e1de682f466f756e6472792055534120506f6f6c202364726f70676f6c642ffabe6d6dbb74ec338daeb9865909ba6d4c6cce3099d35a226fc7c02d53282d0db47263ea010000000000000064647c863887000000000000,3165
000000000000000000009992d45684124c311f44b41d8b11782aa2a08972ca8f,1631301,787396,3993489,917154,537223168,2869e8594dcd1730abda602000090d1b8443ca0cc60ca63ae1e8cbb2d82844ce,2025-10-01 00:34:16+00:00,2025-10-01,792a2772,1701fa38,03a2fe0d1a4d696e656420627920416e74506f6f6c208e003c05672150ce01fabe6d6d585eb76f6b689e5b02b4c2ef0181b7315f1bd6a8bf6cef878c363ce0502398b01000000000000000c37c000088ed010000000000,3556
000000000000000000000fed77ab5ffb2c8194f865f5f114899845c72e858ceb,1690778,767571,3993491,918553,893534208,91e490da69b7b403b9af64d14ed6e9088c31aa57d70bca91c24d07936bbc3760,2025-10-11 10:27:04+00:00,2025-10-01,a450d04b,1701ddb4,0319040e04f830ea682f466f756e6472792055534120506f6f6c202364726f70676f6c642ffabe6d6d5d96c00e79290be23aa59f8c50c98aacbab6714b8b305a645b12be0189fd2a7a0100000000000000756d122700001e51d7030000,3423
000000000000000000007925182d48c87f6bc5e80d02b62e8fe30791a4154815,1589886,801202,3993492,917803,628670464,6b54546082a27a207b2cf2daddaa67bc379a1eeadf9f9a7d27fb30cee1f5093e,2025-10-05 19:19:05+00:00,2025-10-01,7e105ac4,1701ddb4,032b010e04a9c4e2682f466f756e6472792055534120506f6f6c202364726f70676f6c642ffabe6d6d6332fdd1e59114ac6df7aed926f8108179c7ff3e6286790ba7fa4bd1e4d86d1b010000000000000050016c3a2000000000000000,4525
00000000000000000001a0e2949f3bdc2a1a9ec2965df0198c23065a44b2182f,1594881,799537,3993492,917590,729473024,9e79cd71dca5806695e611987b4c36325aafcc3495d5cc08d3d1ae1957a2ef37,2025-10-04 06:10:05+00:00,2025-10-01,bd142117,1701ddb4,0356000e043dbae0682f466f756e6472792055534120506f6f6c202364726f70676f6c642ffabe6d6dc094fd2aaaa3ab21d9981b0d511281235e7f89e91b6a19e5f04d2da6a531f35d0100000000000000746b38a51978000000000000,5245
000000000000000000006e67b68dfb4af407a188c08fdc0b6bc33428c58df868,1349872,881207,3993493,917500,537051136,1a674bb6359ba01e9260f09c672916f6e77d822d162372492a8ae59eb71776e8,2025-10-03 12:19:54+00:00,2025-10-01,b267616a,1701ddb4,03fcff0d046abfdf682f466f756e6472792055534120506f6f6c202364726f70676f6c642ffabe6d6dd072df57ff4218306f9b33a06a73979c6adae0b838811c911591fa3dceef855e01000000000000008f661817b0a2000000000000,1892
000000000000000000009d60c0208fe894af1d39dfad496f730f8c905545fcb8,1635022,786157,3993493,917324,858185728,cd1252e066227b8433cfd8256906766ebf7d096f5227b80e8d24510a36eadb4b,2025-10-02 04:09:03+00:00,2025-10-01,7b549ecc,1701ddb4,034cff0d04dffadd682f466f756e6472792055534120506f6f6c202364726f70676f6c642ffabe6d6d1b8ce2154770d7724d64589fbbd168a37ceeb9555338fa36473efac52a7f26200100000000000000246617f2afea020000000000,3290
0000000000000000000078d9dd832ab9014d87a1da924626c2be65ab2ab946bd,1637923,785190,3993493,919244,542146560,d32d0ea6c04e9d7a5625905eac8aac560b3e5099854f87910eac67b4d978152c,2025-10-15 22:03:25+00:00,2025-10-01,e21a5ee5,1701ddb4,03cc060e042d1af0682f466f756e6472792055534120506f6f6c202364726f70676f6c642ffabe6d6d469499a109358acb98c2435e8c67cbadff6ec5a9be02eeb4d9d389dcfc195d900100000000000000822b1b9bea493e0100000000,3439
00000000000000000000cd2a4d25df7d34ff50230de44e250aff47c384f979ce,2136470,619008,3993494,918938,536895488,4cbaf1c445f673f39ff5f779a9b9987863b1a0a3623a82f0a19c828bc6a5b175,2025-10-13 23:20:56+00:00,2025-10-01,4ce61173,1701ddb4,039a050e3642323a203078373833633366303033663137326336416335414337303032313861333537643244363645653261327d00270173b25458fabe6d6d3dcb1ea0fa44fa374456371ee0a128ce488fd97500003ff55b7a000000000000,4039
00000000000000000000f78e2d6e462c47f92b2a96351744aee23ff15f9ac473,1618394,791700,3993494,919141,584269824,ba0e352d376b163c0b731e81201d82a48368d9eba2baaca1b9e1aecac97939f4,2025-10-15 06:10:22+00:00,2025-10-01,3c26f3a1,1701ddb4,0365060e04ce3aef682f466f756e6472792055534120506f6f6c202364726f70676f6c642ffabe6d6db21423808bf16b9ff0f3d8c62859e5792171f9cc0503705a2772eab22025a8040100000000000000621832aa7884010000000000,3711
000000000000000000001c6ad974090c5f73c624eab043857af665e1c89a74e2,1667798,775232,3993494,919175,617488384,dee9f8bcc795de142f7110142f02de54bcbb9eea075ca9e05c1d0503fd45ce1c,2025-10-15 09:59:46+00:00,2025-10-01,42853a3e,1701ddb4,0387060e142f756c74696d75732f37383765009e025b262a0efabe6d6d09ffa93cb733d9f770139b99dc637cdeb6673b162c59db7835be4c2ed304e35510000000000000000000348fc266010000000000,4036
0000000000000000000051501d26fbb82ff4ee95619b487c1d98a5c38233a53c,1680615,770960,3993495,917631,557326336,141e84f69026d0ac944f8879c6d76842b4bcc4597ea3e5a333e9630c9e7645d8,2025-10-04 15:14:03+00:00,2025-10-01,e988ea8e,1701ddb4,037f000e04bb39e1682f466f756e6472792055534120506f6f6c202364726f70676f6c642ffabe6d6db06c6bfa0877f3f281bda72c81fd07d31a36ea27dcd8601a1f97026b13cd633801000000000000006e5c1781b3b85f0000000000,3627
00000000000000000000f9708497efb7106eea7aa448f9fe3c615d10a4785752,1670131,774455,3993496,919023,568377344,49fd22e04dc7937802beade628784f24c49836a103c055834c9895ba19a187b7,2025-10-14 11:20:50+00:00,2025-10-01,eaff5617,1701ddb4,03ef050e041232ee682f466f756e6472792055534120506f6f6c202364726f70676f6c642ffabe6d6d19f0ac9878ecb83c35277bc745ef04b81100b2bbc62d1493567a19559e22a6c601000000000000007fdce652a0f38b0000000000,4325
00000000000000000000fb402f9f61ba7b77bf6a5498037022b55403c8a1cbb9,1924199,689766,3993497,917874,537124864,460d98a65ac9eec27d35d017859ad4027061234891aab88298efec8c08097c6a,2025-10-06 06:19:15+00:00,2025-10-01,a6856cb8,1701ddb4,0372010e04775fe368537069646572506f6f6c2f3734382ffabe6d6d299e9c5ead343611722f78e74a866378b250ef3509d520fa43beb8c2edf70ae410000000a8b153a6b5c0d4977a06b5d547af010000000000,3710
00000000000000000001c82191e5e778b09084e4e6bf44c3496f2fd85b8aea86,1738548,751650,3993498,919096,596058112,cb35ff5d58570098afc3bebe70f7bca0442629a460900ac7e4f9c67252210a5c,2025-10-14 21:47:10+00:00,2025-10-01,ab1d156f,1701ddb4,0338060e04dec4ee682f466f756e6472792055534120506f6f6c202364726f70676f6c642ffabe6d6dc0b486014c3ad9cbb7846e94a4a2589c211f263c22c72e2645a8ae2e0857d7e2010000000000000059fe24928d7e020000000000,2821
00000000000000000000c91c13780b35a601d12e0336404d2a5b848d30d9ca7f,1744483,749672,3993499,918608,626827264,ecb1a8649eba9930f036b04455a268c510ad25f1614a5e99ad90a9dd0f4e646f,2025-10-11 19:09:55+00:00,2025-10-01,6b9c684d,1701ddb4,0350040e0483abea682f466f756e6472792055534120506f6f6c202364726f70676f6c642ffabe6d6d59b59541def035cd5fdd9c12d85bbe1e44551a17064542c3b51ee0edae679b180100000000000000672ad2430000000000595c7e,3448
000000000000000000009b8d50be0ec3a1918d9639b75dd06fb3d0d0918b94d4,2047316,648728,3993500,918146,542302208,f603eb1fa3e8831ec3ced4fa82bdbbf47ddeee5c3aa7b2c83b53c8096c98a439,2025-10-08 07:41:40+00:00,2025-10-01,dfae0c5c,1701ddb4,0382020e04b415e6682f466f756e6472792055534120506f6f6c202364726f70676f6c642ffabe6d6d826b9b35bc3c2be198e91262f20f72607d6b18beac50e9b5e2d9f4e0cbedc7700100000000000000730d0dab980b000000000000,1108
0000000000000000000090e31a91a647a4bfb8e71a6cb784c4720599ec7303ea,1612313,793729,3993500,917917,581681152,fb3ff76602e91233bede94abf058f30d9ea7d2eb6181e04e2068c52f5efeeb6b,2025-10-06 14:13:38+00:00,2025-10-01,30f1931d,1701ddb4,039d010e0492cee3682f466f756e6472792055534120506f6f6c202364726f70676f6c642ffabe6d6dfd71be47665bba7791b48549141bdcf6a3128d5ad75237bcf3dd9c347c60570d01000000000000006c923205a510000000000000,3362
00000000000000000000b7a0aad1c77d3d11694bf8a3a1651db7c53952db773b,1740734,750922,3993500,917958,642785280,adb367d6dcd6f6c8b04714ac0ba3d0bc4a6ff84bb33c1a37ff6219ed9ef4d59f,2025-10-06 23:46:31+00:00,2025-10-01,4da2b1d2,1701ddb4,03c6010e04d754e4682f466f756e6472792055534120506f6f6c202364726f70676f6c642ffabe6d6dfc2882ae1be5a2cbeb39a55f28c869930501bb9ce135fedd3b99cdb6e16ea259010000000000000068e2258dc4d0a60000000000,2520
0000000000000000000076ef523a8cc0af90dd93a07880c7ff7fd527421c7747,1865858,709214,3993500,917755,831315968,d42f51e3c31e0ec00eca8c0b76cf0f7e8aed9047ae54f3efc9d40e2aa66946e5,2025-10-05 11:46:30+00:00,2025-10-01,ee48a13,1701ddb4,03fb000e11627463636f6d383837cb0009006379593bfabe6d6dde8b5d8130c0333522c53a999bc3a57b02305e77338ca9dde0a11b42d19ce0e510000000000000000000e5f42300000000000000,3307
0000000000000000000135c3f68d3e09c5d9b918b9d3330f5f712faf9eaedfd7,1660235,777755,3993500,917829,537706496,680ec551ff3ddc4248dea7d2286afa06a4e97094e84ea946e99169bf4ae3e255,2025-10-05 22:48:29+00:00,2025-10-01,ff240f18,1701ddb4,0345010e0e627463636f6df9010d0750379811fabe6d6da269766d3d73599f40cc8194589632bf3545653ad67eae50216217878fffcd2f100000000000000000001bbf61d90007c3500000,4203
000000000000000000004ee35565edcd5c988958d5dcb22b6d6d83a287a5dc77,1851263,714080,3993503,917877,537157632,ed90771fde38f62bc1a3ea0a7c79a3db79f0139e436958e10a5439db3700da50,2025-10-06 06:36:24+00:00,2025-10-01,70b36c64,1701ddb4,0375010e046b63e368537069646572506f6f6c2f3734382ffabe6d6d1fde3f0fb38b4c82c17285a16f462296d4829a9fbed823cc6918483ac50b83ee10000000a8b153a693e776368001382e0335010000000000,5498
0000000000000000000042c62e07d0751f4c0dfb47bef98b6d2876c5e1f05788,1438019,851828,3993503,917438,704020480,342d7047079ec6f3cbdb2e3b36beb5992c48427fe4781993095827b3d85d66cc,2025-10-03 00:30:34+00:00,2025-10-01,52d27091,1701ddb4,03beff0d042a19df682f466f756e6472792055534120506f6f6c202364726f70676f6c642ffabe6d6d364a8164495f1843d8118e30e9e45383592c2317709bbc7a3371a08863527e3e01000000000000006c35dc1700000be500000028,1116
000000000000000000007447e1acc7a8fd459cc777db81a8e962d5b9e3239fc2,1672847,773552,3993503,919284,708755456,4a681c81a98e4e9baec91f4b1cdb54562a6d80494ab4f495ebd7d2443b5d51c2,2025-10-16 04:13:15+00:00,2025-10-01,561c9ecc,1701ddb4,03f4060e04e870f068537069646572506f6f6c2f3434362ffabe6d6d358fdb4b1bacfc035c1163dd5022fb08239783c2dbfce88bd7b0ee6c47b972e310000000a737bc51e4b6c0dec204f9edb172000000000000,4331
00000000000000000000e7e9480bbfcec7a02f310e0f81551dc87c501ded68e0,1684632,769624,3993504,918836,800284672,477698b0c9454de70772a678dfffcf7b9c4d7e6d77d7457642353e99e495d2b2,2025-10-13 08:37:01+00:00,2025-10-01,deca0109,1701ddb4,0334050e042dbaec682f466f756e6472792055534120506f6f6c202364726f70676f6c642ffabe6d6d88b14a027e7be3244b7431987d6a074f8fe09cabe5ac72e23da68ad82bf7cd6c01000000000000007ddec2528205000000000000,3834
00000000000000000001daac81c5e997968263170419f84e759e1b22991c038a,1697856,765216,3993504,917787,714686464,6c77f4a5e4ee92d5db0a8c4383bb1ab572980bc2a7d8585cf323895eeafcd880,2025-10-05 17:20:30+00:00,2025-10-01,758fc479,1701ddb4,031b010e1d506f7765726564206279204c75786f722054656368e5002405daecf1c3fabe6d6d175b6daa4f3385d5e32cafd967c3989ea41af780f86dffda54a971e77c65e7f7100000000000000000002b71000000000000000d,4721
00000000000000000001532d09bf7e5f101cb4202a9f11315b7793cb8b07d370,1667178,775442,3993504,917311,537346048,e005ad2210c6bcd968506211cd9cdcd7e218f8fe29345a1d1afc5fde6064bbbd,2025-10-02 01:41:01+00:00,2025-10-01,6d1d82cb,1701ddb4,033fff0d194d696e656420627920416e74506f6f6c208e003c0581fc24eefabe6d6d6adbda7320d60867c554eb396c2b2c1dc445e880af4f8d452c20fea8e65653211000000000000000000010c67ee3000000000000,4143
00000000000000000000825af5627b3b2203c31152757fe64b015257f27b1db5,1498552,831651,3993505,918558,540811264,9b6d258556f7b13bbc2451a32166799ca9131f6a666ca95c9aa2f6c7bc50c863,2025-10-11 11:08:26+00:00,2025-10-01,7883cc16,1701ddb4,031e040e047b3aea682f466f756e6472792055534120506f6f6c202364726f70676f6c642ffabe6d6d6d74e2262532268462b9b9e3c9b2c44dd8b98d90c13db8a510489be15ccf7f6b01000000000000004f5fc049081f000000000000,3337
000000000000000000015ea73031f8cdd9edc77b1f3c1e20fc7e40147dd430ef,1529861,821215,3993506,919201,774905856,cfceb1fd38c49b46c1fd1d8534728021777eb35606d7b3a3678fdf7bb8cb57ba,2025-10-15 13:56:10+00:00,2025-10-01,453aca4f,1701ddb4,03a1060e04faa7ef682f466f756e6472792055534120506f6f6c202364726f70676f6c642ffabe6d6d5295b98c8e7ccfd3f5b36aaac7df469a3233f2fb04c9b76085d19dc626a5e70c0100000000000000740b5633c1ae020000000000,4032
000000000000000000006fd668e0ce6c9a279e7fcbbf88969e765a66663604e2,1646013,782499,3993510,918253,537444352,7609dd90b8b131398128b2e39ae6799a44269f7490fcd7124af0f55e0b359a65,2025-10-09 02:26:42+00:00,2025-10-01,4dc243ec,1701ddb4,03ed020e04621de7682f466f756e6472792055534120506f6f6c202364726f70676f6c642ffabe6d6d129ba2d656754e145069ace42910c092d96ea3e38c4e346e8b36feaa3c838e9801000000000000006336ab7d414a010000000000,2774
00000000000000000000e324393624418c55475c3b5088fa3fc57bac3256a02e,1633890,786540,3993510,917839,596344832,96e0513b2b98e2380be1220ce4ff8561031c6333e3a84f1db952b2a755f467dc,2025-10-06 00:18:18+00:00,2025-10-01,69420875,1701ddb4,034f010e04aa0ae3682f466f756e6472792055534120506f6f6c202364726f70676f6c642ffabe6d6d31f0d060be2a767b2328bc4c1b1d17362e972ba11be0499afdc8028f94b718c801000000000000006e6e8743000033ae00000000,6342
000000000000000000015bc82671432b5bdc1cd74bf6fa56ea736929daeb7fc4,1682985,770175,3993510,917314,537174016,ae8d922abffca9d11a14b738175fee15187e4232f5825a1e73cd8d51a5efdca7,2025-10-02 02:15:52+00:00,2025-10-01,938a7e69,1701ddb4,0342ff0d0471e0dd68537069646572506f6f6c2f3434352ffabe6d6d04736899715f3664345d4baeaf3206b3bc28d31b662ccaaef54939abff9a238010000000a8b153a67b1684318313f9f7b0e2000000000000,3795
0000000000000000000014189ebac0dd5c1289fa8b2bd75106b6b0e930ac288b,1713915,759865,3993510,917548,667688960,b6735dfa05924b6522a6bbd7b2cc2aac1308aca62be3496b8816da8fe51315d4,2025-10-03 22:37:31+00:00,2025-10-01,cd85e574,1701ddb4,032c000e1d506f7765726564206279204c75786f722054656368e5004b0746545ae0fabe6d6dead5bd8534edeb947b1d402a9906813b7fd50dbe011256c088c55fd0d14ff0ef100000000000000000000d26000000000000003b,3463
00000000000000000001a77e52e7369e5d3e0fe907f78ce4168f32dfff9e59ce,1675630,772627,3993511,919012,537460736,9fa2de749b9f01a520251e6b1f529e54a99cc3c3a42ad649423fa6862acc134b,2025-10-14 10:12:28+00:00,2025-10-01,d1552558,1701ddb4,03e4050e041222ee68537069646572506f6f6c2f3936312ffabe6d6d62bb870d109e307899e51de4eb9a39f714d14106a2fd60cebc028b7f115d1d7008000000e13017eb6420e7fe16003b20a860000000000000,5221
00000000000000000001cd06b4627fe8ddca84af1fa1292e46f393d367c104f2,1644775,782912,3993511,918711,537280512,bcc3ba4c591aae43f811f724e45468d29f13f94fd536fa6b0bede9dab669accb,2025-10-12 09:01:29+00:00,2025-10-01,8b167731,1701ddb4,03b7040e04696eeb68537069646572506f6f6c2f3530362ffabe6d6d1aa5bea77d2aa25f772784395f4c86475cb85147c6e878e3feba6b2ab0149297100000004969bf4b22ecb5688206ad492d2e000000000000,6123
0000000000000000000119dbbab93bf89f5e65debf2f170af116b3a9de79158f,1695706,765935,3993511,918717,747266048,1cc0695b525b906ac397c1e9fb95f98fcb29b5b4cf7ebed4506de1f21f9a8e3c,2025-10-12 10:11:38+00:00,2025-10-01,34457d7f,1701ddb4,03bd040e04da7eeb682f466f756e6472792055534120506f6f6c202364726f70676f6c642ffabe6d6d3bcd6dba56ee0e60064da95e3b6ba9b71d93fb12c9a77c27e5d98d4bc6ee4a7d01000000000000006b787d0684e7000000000000,4612
0000000000000000000162f360281c7c0eafec1995f073bb7b958794f98d9f4a,1723785,756576,3993513,918725,557416448,2b4253d67bddd0969c5d48de2ca73d06d83385e6050d217266abb6f9b9730f1c,2025-10-12 11:22:43+00:00,2025-10-01,ac574656,1701ddb4,03c5040e194d696e656420627920416e74506f6f6c208e0037046fdbbda1fabe6d6ddd2b405ecf157f0cb15dc2a8a18016245391e65a6443809704e81b19c28d279e1000000000000000000053b5d29f000000000000,4783
00000000000000000000cf4787eefb1b7f4f5d6c89831295cfdde74567cc29d2,1768173,741780,3993513,919128,559554560,8467ee0db0ebddb1d89700911f8226137b0510cba864d15399eac6b09027b105,2025-10-15 03:14:40+00:00,2025-10-01,790ead30,1701ddb4,0358060e049c11ef682f466f756e6472792055534120506f6f6c202364726f70676f6c642ffabe6d6d7170563ba85d97286fb0db3815c9771b05996bbd539008f8b57cb0f41f3a55970100000000000000524ee1e9fb68000000000000,3057
0000000000000000000124088511ff1a751c2fa8665de0b1018810738c7e9147,1706506,762337,3993517,919020,537657344,ceed8480cc524177ac3119864aef1d494ce17ac3846fc12f00d5eb51de2d04ec,2025-10-14 10:53:59+00:00,2025-10-01,23185651,1701ddb4,03ec050e04c72bee682f466f756e6472792055534120506f6f6c202364726f70676f6c642ffabe6d6d39698eb33eb38f0cdfdd8b687266e6f9e3407c2036c9f17bf929e525370015f801000000000000006f24c7d926c3060000000000,4169
000000000000000000012d67fc746ba8492da2fbca701dfa9e1037b6eed49ac8,2002897,663540,3993517,918928,585531392,aa4eacdb0e4b47ad5500e459ee2411773ea1b8d6e3b38395e69b388ee24470db,2025-10-13 21:55:35+00:00,2025-10-01,48fc5d4,1701ddb4,0390050e045775ed682f466f756e6472792055534120506f6f6c202364726f70676f6c642ffabe6d6db2c2c57e0955ac86e101b27cf000a3fcde7abf35c3b0530a6827f5c2823a6c6a010000000000000088e8d186db13000000000000,4505
00000000000000000000325c7e14a4ee3b4fcb2343089a839287308a0ddbee4f,1694914,766201,3993517,917748,645586944,df4c7e5fea3b427a145d7ff28017d95aaa2eaf6314a1f493fb9b22658bf79c57,2025-10-05 10:23:38+00:00,2025-10-01,ee62963a,1701ddb4,03f4000e042a47e2682f466f756e6472792055534120506f6f6c202364726f70676f6c642ffabe6d6dff96aecf36780e22dde6e8cb38531f53b7e15be14e865dc60fb348f9a739a4d7010000000000000097d27ad00000000000000021,5427
00000000000000000001a717337e4946d0ddacf862b7595efe636e75e6dc8d47,1419773,857916,3993521,918960,639713280,15ab0e5db876e1dabfb524fd6d4521d39a0b9c3517ff960b4c27f7e5a9126553,2025-10-14 03:33:03+00:00,2025-10-01,c3164599,1701ddb4,03b0050e1d506f7765726564206279204c75786f722054656368e5006a06cddc70e7fabe6d6d6158fde4099956407e63eb29413e60f46a606f06375a92a7e516055d552cfd5b10000000000000000000d03c0010d30000000000,2064
0000000000000000000109599dbe7fd0a846fe393c4092bae90e070efd7ce873,1728275,755082,3993521,918632,626147328,6e2c9582b400d9daec60e598d93ab5787fd4824bd584578f678755be05744e17,2025-10-11 22:38:52+00:00,2025-10-01,c56c0672,1701ddb4,0368040e047cdcea682f466f756e6472792055534120506f6f6c202364726f70676f6c642ffabe6d6d2c130ade9dba0b42e2b169d6b07c2d44134f2fbf530400f97421b1be9831c47f010000000000000064b572e6711a000000000000,2829
0000000000000000000009ee1847cdd483a3e364afb8eed817edd30ec33ba4db,1585517,802668,3993521,917614,583876608,879b05343c28ce967892ff113454a9fb62504d32f708ed30718be94a87e64efc,2025-10-04 11:36:53+00:00,2025-10-01,fe2ad90c,1701ddb4,036e000e04d606e1682f466f756e6472792055534120506f6f6c202364726f70676f6c642ffabe6d6d770b560536b692c77b2c42b150d918fd4ae65d4b64d22b555c3e8029d324c9c601000000000000006e8e2db8000019e200000019,2653
000000000000000000000eea0a9d6d481a687d990b2c3171f4851afe5d96e9b4,1461453,844023,3993522,917169,625467392,fa603cf8b50a4edaf11a8ceb904a8a4dcb8b53d2fafa7d628249c774a79368b0,2025-10-01 03:08:25+00:00,2025-10-01,334db9cd,1701fa38,03b1fe0d04299bdc682f466f756e6472792055534120506f6f6c202364726f70676f6c642ffabe6d6d44a447ff980d8c22f62ac29abaddc6a056f46b59779208086bb4392fe217e3f701000000000000004604a4781a8b000000000000,4656
00000000000000000000f26b1d2439fce047dc636ed951db9ad5cfa473d41f32,1512508,827005,3993523,917856,678666240,ce5972332a531c8bb024b4f9dde944c9e83b6911515d738b5804a3d2641cd48f,2025-10-06 03:34:56+00:00,2025-10-01,57045d23,1701ddb4,0360010e04e038e3682f466f756e6472792055534120506f6f6c202364726f70676f6c642ffabe6d6da71f1027de0350e43dcb4c5244f4399fc3caedb5af9dd5537e0b174d35d803fc0100000000000000709c40bba219000000000000,3904
00000000000000000001cdecc834310ad8b0d2c0be33889850d61c79bbdcad85,1572701,806941,3993524,918202,743227392,468b14e3bf2937f30253ac46d02f8617f5ece215205db3bd982e2a6974167025,2025-10-08 15:28:44+00:00,2025-10-01,157fd0e,1701ddb4,03ba020e1a4d696e656420627920416e74506f6f6c208e003c05bbe8845702fabe6d6d64ce48ece1aed1440aba1f55f828d72c133a1165acadb46818c44f5bb4476c4b1000000000000000000034bd5eb6010000000000,3947
00000000000000000001c31a332c78e240ffc18864fe22701ffb4429667363fb,1566494,809010,3993524,917530,549150720,a52831a509966f8535682ec97a931c0f35161d035765876d6721a5e269c8bc3a,2025-10-03 19:11:24+00:00,2025-10-01,f072b19,1701ddb4,031a000e04dc1fe0682f466f756e6472792055534120506f6f6c202364726f70676f6c642ffabe6d6d62967fc36042da8f668c356cd013d37562c554f8521bb0d18c9c84c3afd066a101000000000000008b353088dd6ef20000000000,3854
00000000000000000001c30392bb6cd920daeb657ea1b193004e455522fc33f9,1644067,783153,3993526,918830,623362048,a420993abd320c0d9a09d3d72d44b1041a614d3145415418ad545a6bfc0f0184,2025-10-13 07:39:14+00:00,2025-10-01,6b99dd16,1701ddb4,032e050e04a2acec682f466f756e6472792055534120506f6f6c202364726f70676f6c642ffabe6d6dcb746160af05f657584fbf3f3309a97c7fbfb842926202878f13ba80ca83c440010000000000000081dd12a47602000000000000,3021
00000000000000000001c3a889786c526edddbccfe6b0c7bbdc4f03df16bf6e7,1725065,756154,3993527,918873,597966848,e8e6cdeeea3865dc53c152b56ff6cae3b0a44ad9863f7cf737d9d644726e7d93,2025-10-13 13:48:10+00:00,2025-10-01,6890c4cb,1701ddb4,0359050e041a03ed682f466f756e6472792055534120506f6f6c202364726f70676f6c642ffabe6d6d03083d50150ea2aa18c8e00b823e67fad5ddf81d42437ec9ae63eb34d687dfc101000000000000007d9c8e0ef419000000000000,3074
00000000000000000000b5ae57685de48ba8b0c55c798dd4d23ba536d1220176,1601825,797234,3993527,918655,734961664,02ae5b3c9bf94889303b4e7fcda3736992613850c23e5b58490368254ecfb2c2,2025-10-12 01:23:09+00:00,2025-10-01,dd1b3374,1701ddb4,037f040e1d506f7765726564206279204c75786f722054656368e50022019970a796fabe6d6d3cfdac5c019b73b22b5a7d15ce4630bb58fcea848e42ebec8d548ae30d64bfb610000000000000000000dcb00000000000000012,6390
00000000000000000000fda012bcb1b77cb32bc84f3bbb6e0a539d265509ead4,1724918,756203,3993527,917302,628834304,d74dfad5c16b4912417bcb099eaabf3b465459568d3984c50c7ae50b4766756d,2025-10-02 00:24:27+00:00,2025-10-01,7a910035,1701ddb4,0336ff0d043bc6dd682f466f756e6472792055534120506f6f6c202364726f70676f6c642ffabe6d6d7ef27e200d670cf5c1df0a1de65bee982016363722be621e8a4650135d221b6f0100000000000000076bd66a6575010000000000,2871
00000000000000000001988cbe924dc9525f76f417e4a18f1b696aaa6fb60f12,1902854,696892,3993530,917751,621608960,6ab2000672dd88b4563ff996987129e88e4e1cb6cd192e269179737fd41f6fb4,2025-10-05 10:52:32+00:00,2025-10-01,c20d6764,1701ddb4,03f7000e04c44de2682f466f756e6472792055534120506f6f6c202364726f70676f6c642ffabe6d6d5411e486d055302231489ca2ff1f414c28318c83045643f931edb6754a7cd69101000000000000004fe259820000000000000000,2374
00000000000000000001654aecfdc2c1d541c3b5e9fe7b188c5f27b45d2f6d67,1564952,809526,3993530,917588,617365504,2947edd929f396b96a88a506d81fb12e4210d3d758879db7e444791d1c22232e,2025-10-04 05:50:19+00:00,2025-10-01,c6e44172,1701ddb4,0354000e04afb5e068537069646572506f6f6c2f313239392ffabe6d6d90b6041f792e7993fa840790cd64245a029ce92dc20435c6a527893272e918e10800000022935a6b1f73e1001d0092f34f00000000000000,5624
000000000000000000002110dc048b104cfff38bd350e62aecd7f7d031eccd36,1830072,721153,3993531,917750,618987520,75c365143d84b8d9f211a142859023a71568456e963584020d877c2d5570f331,2025-10-05 10:48:24+00:00,2025-10-01,a6cb668a,1701ddb4,03f6000e04f94ce2682f466f756e6472792055534120506f6f6c202364726f70676f6c642ffabe6d6dce71b1b43b23ab923a1bc00b818d5b9e1eb0d3b95983f909b7af1074ccc4e877010000000000000083d1e3aeeb3d000000000000,3361
00000000000000000001be126368e2871d1fa879e3b91f92d023248b5d59bbbe,1518820,824904,3993532,918552,627998720,c32e0994d0b2dfe9d0930857578e7a8ae1e9f7dade1cadc7c4a1e68c0bdf62a7,2025-10-11 10:17:17+00:00,2025-10-01,6cd8e7fa,1701ddb4,0318040e04ad2eea682f466f756e6472792055534120506f6f6c202364726f70676f6c642ffabe6d6defb9d65d6f8142e1d12cc606f5366dd84a9d4703f26778195cd563588885608f01000000000000006393df19a9a38a0300000000,4394
00000000000000000000846ef8b695da1cb715802135fd00afe9fa55bacee635,1539850,817894,3993532,918371,546922496,eb37eba476448e5c5e5bc8eca791ea0101235174dde01c9b7391c90e07527f72,2025-10-10 01:00:53+00:00,2025-10-01,86ad1b91,1701ddb4,0363030e04c55ae8682f466f756e6472792055534120506f6f6c202364726f70676f6c642ffabe6d6d2dd1b95e1af284b6e06f71e673d47cda725b43d0502c8a6bca8cdeafbd68ca1a010000000000000062507251a306550100000000,2819
00000000000000000001995f133096a46844139514e8e1c1fd61d71dce9a0c82,1604737,796265,3993532,917664,821387264,3c9a35f826901700be01a647fe55c497aae13da367ac6f8879ca1f0d05a1b31f,2025-10-04 22:00:02+00:00,2025-10-01,8af63a7a,1701ddb4,03a0000e04e298e1682f466f756e6472792055534120506f6f6c202364726f70676f6c642ffabe6d6d61171e91b5e8649607d6ec8901e4e87c8c5b1406eef5df7dbe74832925120e6e01000000000000008601844fae04000000000000,4680
000000000000000000013af298291cdd69c230a2e6266b1949a6790e056f60d3,1689676,767952,3993532,919305,772964352,de466ad2a43c05692ba7dff365153f6883cc97583f4a0da28b6615fdaf151652,2025-10-16 07:24:48+00:00,2025-10-01,d513261d,1701eb21,0309070e04c09df0682f466f756e6472792055534120506f6f6c202364726f70676f6c642ffabe6d6d5504e22c892bf783f418badc5b9cfe900f5b92305edcc5036a89883c468b1bc3010000000000000058d9bcec8249020000000000,3359
0000000000000000000010a028a54ca04a4caec984dc91f570c8492a7bcd1f1b,1596989,798848,3993533,918856,670310400,f0a6a9f455cd2a212fdb88e80333782091c294c70c61732131fdb58ab9d3a577,2025-10-13 11:40:46+00:00,2025-10-01,5f2633ff,1701ddb4,0348050e043ee5ec682f466f756e6472792055534120506f6f6c202364726f70676f6c642ffabe6d6d242f6a3a0d8d0154073ddacbd8c3836eaed4ba079271428e632140306aa1cfe501000000000000007edd7525d8973d0000000000,6087
0000000000000000000026a873b8d00d2edb0031d64825a76ad301379a5641bf,1775210,739441,3993533,918536,588431360,4a996d8c6123e8139139d1b3632742eab0f16fa88613e2f04283a6353dc2ba51,2025-10-11 07:20:36+00:00,2025-10-01,c7f0d16c,1701ddb4,0308040e194d696e656420627920416e74506f6f6c208e00140116492059fabe6d6dd389ff4ec58bbf8c5b1eaab99c19c10d29f30971ab809bf29a52eb346c2610c710000000000000000000f4294815000000000000,4165
000000000000000000001f38eb2374ecfe5391b8c0b1f86935bc4f71d994393a,1610942,794197,3993533,918588,536961024,cc4f33dc50ae41a48b741ca629b3d5473d29b3284a8dc35802ae79c2be32780c,2025-10-11 15:44:40+00:00,2025-10-01,321ccf86,1701ddb4,033c040e04687bea682f466f756e6472792055534120506f6f6c202364726f70676f6c642ffabe6d6d1652ed4bc2cac4bb760cafdbd78de9aa3ffd46c8cd44a3006b4b84399b08485e01000000000000007465a0aa1c57000000000000,3956
000000000000000000010533f42ce2487a9c077a4ffe2c897f8ceb9339acdca5,1739481,751351,3993534,918784,537190400,c0a9d939e360580ba64ef9083a24d6b215812290c5be5c6751061a18da45b112,2025-10-12 23:17:34+00:00,2025-10-01,e97f72e8,1701ddb4,0300050e194d696e656420627920416e74506f6f6c208e0029066f82957afabe6d6df66b4cf98a2b9563527d11baeec3dbe3f9ac12d6a25ba0ebc17cb5e14550826c1000000000000000e9430000cce5000000000000,1698
00000000000000000000e2a58d4bb94b04c9c58d6b0ef3241383203e38400900,1458135,845133,3993534,918041,581484544,092b586ae8d3ee708a15f92092878ff1a3e9fc22fe8ab4064d7a3fb2b73609fa,2025-10-07 12:56:41+00:00,2025-10-01,41a4ef0d,1701ddb4,0319020e04090ee5682f466f756e6472792055534120506f6f6c202364726f70676f6c642ffabe6d6d881c6d03cc944bd224adaee0f415304874169f518de5414838c5432b7a78b39d01000000000000008312445f4714000000000000,2702
00000000000000000001d6722a465a7f56a31d2ec1fc7ad19898cb1659c3fc38,1555989,812516,3993537,918955,537509888,6576f2ad06fe65d6e34e625436d9260374ad40d227e8d032eb33e15d84166e24,2025-10-14 02:21:38+00:00,2025-10-01,de8f94f0,1701ddb4,03ab050e194d696e656420627920416e74506f6f6c208e000f02b451e38ffabe6d6d5528804c10f5443c11073fea603ad0209952e99e6ae45005925ded721d9322a010000000000000000000a801d737000000000000,5252
00000000000000000001b20948290a8ca65c691a6eb299208abe39ab27779588,1467579,841986,3993537,918298,643940352,f6b7207e8bde0e0fba8a33d041d973abec1aa055d40f836437ccacede2c40be6,2025-10-09 11:16:34+00:00,2025-10-01,4f410542,1701ddb4,031a030e049299e7682f466f756e6472792055534120506f6f6c202364726f70676f6c642ffabe6d6dd207fd82c4afee9798f4adf375eb8570732b0c7f35d30941c8be7edc9f8a42b5010000000000000055e60b48e65d000000000000,2232
000000000000000000002037f7a102f16029ac0201f56d489989153ffd4c31bf,1637074,785488,3993538,918197,537354240,691a7a8c2dc975c107c62051a7bce350839396bde5459bc6598d1cd57fe6e2f2,2025-10-08 14:48:51+00:00,2025-10-01,2f737749,1701ddb4,03b5020e04d379e6682f466f756e6472792055534120506f6f6c202364726f70676f6c642ffabe6d6dde3b7d9b0365fc2352b58d22e1de8e2b3d5879083e7aac21e88d87a6c14b00ee01000000000000007f358ca96bc5000000000000,3450
000000000000000000010062502cb51a3b8cf23e756c424b1586f0686bfd0ecc,1622696,790281,3993539,917467,703365120,c6e0c74c09ac9c17a0ee1081df28dab8fac275af543f0cbfa580c2aac512b9d5,2025-10-03 05:58:45+00:00,2025-10-01,d398d69,1701ddb4,03dbff0d1d506f7765726564206279204c75786f722054656368e5009606e1250e73fabe6d6d6e13bc55bed77e2cd4fc108544bcac2ae32c232b48245e826f16267047062a1110000000000000000000abd20000000000000030,3619
00000000000000000001430a533c78e4e5e54d905f05c73b6c211c3f0b066bd0,1723470,756690,3993540,918398,537280512,781d2df0e22af3c84207c4b16c49dc34bdd3ddaaa768b2f4a33fa67280d2281f,2025-10-10 04:45:53+00:00,2025-10-01,64a14370,1701ddb4,037e030e194d696e656420627920416e74506f6f6c208e003c05dbf85decfabe6d6d0d74da65c6483060c7ad3c0daaedcf6e72d10510b57466c4a6e0758f52e1dd1a10000000000000000000b71775f8000000000000,3620
0000000000000000000070b75b0f6d06a2b6e3b27ffaafe364fa4f37df386131,1589398,801381,3993541,918902,537600000,76745f41b11de0afd6cab342cd13cf435bc7fd50417bb8e23dadf6531ad7daf2,2025-10-13 19:06:33+00:00,2025-10-01,5927cf78,1701ddb4,0376050e1d506f7765726564206279204c75786f722054656368e5006c0118b8e428fabe6d6da436bef18a5d00e2ae1764f25a1c71a8f60587277fea9379b7d53af062bc6452100000000000000000000da00092c00000000000,4103
00000000000000000001974d6c805da5f08d0fd6ff581b87ebde06a34d6aab05,1761856,743895,3993541,917598,618651648,e8a94045a32709e44f4d2f04e08c63ab3766d7365f8cae03759a026c15a38047,2025-10-04 08:23:37+00:00,2025-10-01,282132bf,1701ddb4,035e000e194d696e656420627920416e74506f6f6c208e00240317effdccfabe6d6d89e75436fcb349eae11462268f5189470c6a1cfbe937ac4a0a8746e89842e08d1000000000000000164e000020b7000000000000,2850
000000000000000000014e0387cd181b15a1b64f9d28d7fc4ca8a04b7694dbcc,1520803,824246,3993541,917508,776273920,f2ae0b46ad2568034a67b159900aecf68f545182843ef7b74af64e8401c5b5fd,2025-10-03 13:36:43+00:00,2025-10-01,b4b7b969,1701ddb4,0304000e046bd1df682f466f756e6472792055534120506f6f6c202364726f70676f6c642ffabe6d6da1cb896cf66a9a1d7c3e9e40b4542cd9cb663d6e689cabf27bd3f9f2dcf56d020100000000000000596d1ea4000025786d070000,3762
000000000000000000008a5a33d20e70e8df1610c6a325894149bf5bfbd2f6d2,1734893,752883,3993542,917918,571998208,1405bbf7befdec0b912d77909abe675dc19393cd742e1dc027c25ccaafed619b,2025-10-06 14:13:58+00:00,2025-10-01,4840d36b,1701ddb4,039e010e04a6cee3682f466f756e6472792055534120506f6f6c202364726f70676f6c642ffabe6d6db4e38088c59c5a677b6458ff2ad789888abdfc1b9a148e0f31bc91a7a82985c00100000000000000502237f11f00000000000000,2620
0000000000000000000098016f5814c0c60cb032d5ad17bb8ff54caad050ada4,1578731,804937,3993542,917239,622960640,4be8860ca0288e006c26b83b03238eeddb5fc16cb678889470fdc04690bbddb0,2025-10-01 13:38:52+00:00,2025-10-01,ee7ca72d,1701fa38,03f7fe0d1d506f7765726564206279204c75786f722054656368e500c4027fb96a65fabe6d6d56718cab9fb22ecbceb29832534390fa0c76314b1bf0e26892d27f93662895db10000000000000000000d68200ab8f0000000000,2501
0000000000000000000172abf0b4143b71c90693fc6d98f798e26c4717f306a6,1574843,806234,3993545,919070,624648192,e8600e031ce44604345eeea61a787802d7dd13d555cabd90f23b73120104c3df,2025-10-14 18:13:14+00:00,2025-10-01,51c4b258,1701ddb4,031e060e04ba92ee682f466f756e6472792055534120506f6f6c202364726f70676f6c642ffabe6d6d6faadf5958912648a03929da126cab98e425aa9ac136668694e3073ae4bb6c2c01000000000000008fddf06ea2ca7d0100000000,3620
0000000000000000000102d0e5670fa736326b25ed0816e434c321bd8a3e3fba,1622462,790361,3993545,917361,670965760,ff80bb97358b386fac8933ef7134a3c21972d41006f25a08fac37ceee1e481de,2025-10-02 11:11:04+00:00,2025-10-01,9cf72d29,1701ddb4,0371ff0d04c85dde682f466f756e6472792055534120506f6f6c202364726f70676f6c642ffabe6d6dec431b54c792ded32d68f9f9dbd5c292ffb7c5b3e2e54429f3b16f9b462a37af010000000000000091608ddd0000000000000003,2575
00000000000000000000d23166b8bb5d0e34827a15ff9bd14d21bd6c0266c0e8,1550751,814265,3993546,918043,795836416,d4232900b5b3e6699dbc908e89c2b2493b2cc7d42d199e3bbadc8f6f52b2dd5f,2025-10-07 13:19:46+00:00,2025-10-01,4213b2d3,1701ddb4,031b020e194d696e656420627920416e74506f6f6c208e0041008acca8a0fabe6d6d65abd9fb196061cabbc155690c38480e1d6c8bd17b11cd2f030a500c95755e421000000000000000000081965483000000000000,2771
000000000000000000012ae8d10b0f3a296396903795e2aaea3587528ea2d642,1849537,714670,3993547,918886,555008000,5e6b4007dd0493e674bee2b186f9f9eecfc2ca1ff8ed8402adce1d824662e7a6,2025-10-13 15:34:17+00:00,2025-10-01,e0e6d5a7,1701ddb4,0366050e04f91bed682f466f756e6472792055534120506f6f6c202364726f70676f6c642ffabe6d6d1a1304b9928d91a985d6e3d4eca2fdd148f0d7e87efd36a7b5b7a8210e37bf3c010000000000000070e34a924f44000000000000,5100
00000000000000000000ab4c795d73c58cc6998e9711f97f7eb7d3e6bd20d546,1656481,779022,3993547,918937,848928768,d18b4cc8b9147cf2dc1502f8b3a7269d6a63c0793731c6a5d0841636be610b54,2025-10-13 23:15:44+00:00,2025-10-01,ef23af11,1701ddb4,0399050e1b4d696e656420627920416e74506f6f6c3936358e00030371d75a62fabe6d6df16b51ca1d25a0c3092991fba2e6f844949841bbfcdb50e6bce457182032090910000000000000000000fe80dc6c010000000000,4046
0000000000000000000011f3f2fa8e914d99142622dd6c9bc7fe33cd1e525163,1568815,808244,3993547,917702,603168768,391156ca5aa5cb6cc20ebd2a12cf27c20fa7b1437465d9ec448591ab7d2b9c79,2025-10-05 02:42:39+00:00,2025-10-01,d0768b12,1701ddb4,03c6000e041fdbe1682f466f756e6472792055534120506f6f6c202364726f70676f6c642ffabe6d6d7a8e9e9bc7a740104fcef5b158a9c07b1a80f3d3ef65de0fd8b9c42b4ba732110100000000000000974806f95b02000000000000,6661
000000000000000000003fd699eeb3e095c4f1e3a6968967b56ccd40f35bb5cc,1622548,790334,3993550,917818,552787968,a31560b6ed34ba7471ddf16e80f16d69a6cda3c3495a3997a80f9465fad70184,2025-10-05 21:19:10+00:00,2025-10-01,38e75a5a,1701ddb4,033a010e04cee0e2682f466f756e6472792055534120506f6f6c202364726f70676f6c642ffabe6d6d6d77661c79d7d01dd718acd57cbc490628a5f162168b49eae768ade0fdb8c7f5010000000000000064d868956f21000000000000,5161
00000000000000000000f76ea0d9598e36231496c732a95fab75fc91c8d5bcf2,1690961,767530,3993551,919005,537665536,357e68ba76f1c4ba21a4e4003d7f21235f093f5d5d82b0bb137ba65d6b7c696e,2025-10-14 09:14:23+00:00,2025-10-01,506fd673,1701ddb4,03dd050e1c4d696e656420627920416e74506f6f6c31303233f9015c0547ee121afabe6d6dc825526a839aae5ccf062614d27c25afb09bef4462c2e757e5927e1a3964243110000000000000000000f3ceb6cc000000000000,4676
0000000000000000000105db7cf35a3cb44632e2cea510e905408e5b20a85977,1489070,834827,3993551,918602,636469248,df650fc3dd9e3bec3624761da663fc49ee3b20d10b7aff13733aa4bedf787830,2025-10-11 18:18:48+00:00,2025-10-01,94bbcd1d,1701ddb4,034a040e04889fea682f466f756e6472792055534120506f6f6c202364726f70676f6c642ffabe6d6d95957335efca68bf3b54d2b04a8824eaac9c29a316770cc4cc92a4f0b6f00efd01000000000000005c966c67641d010000000000,3472
000000000000000000009bebb0ac258df1b484bcb0dca78b664b59da096a68e7,1702646,763635,3993551,917907,580812800,04e2c11bbd91b57dfdd0ba97e35b611ac0f6e025be460f33d82f5e08908f8e27,2025-10-06 12:30:11+00:00,2025-10-01,60756cff,1701ddb4,0393010e0453b6e3682f466f756e6472792055534120506f6f6c202364726f70676f6c642ffabe6d6df29539d5246dfca3e847c2cbe3fe98d9ec60b403416737c0203c00c27c55fcde010000000000000079b2fe391600000000000000,6298
000000000000000000002acf23f4326c4ac998f194a9c2f813134892efcb8196,1748402,748383,3993551,919267,547905536,5d90d5e30cb1e7aa65aa529772d379dc6ba1902b8c776e0090183bb2f334a85f,2025-10-16 02:08:19+00:00,2025-10-01,2f981853,1701ddb4,03e3060e047d53f0682f466f756e6472792055534120506f6f6c202364726f70676f6c642ffabe6d6d69a4231532f2cf4f3d852ee6838f986e51ba540ab79719c83eab8f4e45464da201000000000000005c1aa1eb00003ede00000000,3269
0000000000000000000183274c85e940e010776bd366745f20c7434523b8a00d,1605267,796095,3993552,918297,704503808,1631bf6077626fe5e2be2cf6892dd9c1c8f40b096f8a3184aeb6adb2ce7171a7,2025-10-09 11:12:05+00:00,2025-10-01,90f85776,1701ddb4,0319030e1e506f7765726564206279204c75786f722054656368e5006401631b516301fabe6d6d470da747152bef5815dc7f22062962749cb05b680e187332dd122d213805521a10000000000000000000db8b0040160100000000,3463
0000000000000000000018d92561d41b61564034f8a4d209bf4d3607d0471207,1499686,831289,3993553,917919,829407232,e448f91360a19e2cdfe324046b96935cc886c8d59e23e3f2b32cc4fdc358c4d2,2025-10-06 15:41:57+00:00,2025-10-01,9dd1d33e,1701ddb4,039f010e0445e3e3682f466f756e6472792055534120506f6f6c202364726f70676f6c642ffabe6d6d9e9840e9ba1bff750fdec51812770470bccfef244de3dadee0a4de3795a4041b010000000000000093eee0b70000388c12000000,3691
00000000000000000001ede83e78e093ddfdd4af4626ef3175226f6500679ecd,1766551,742334,3993553,917208,627974144,14f17881e464610d66ae75e2696b56efca11b34b1b91969b886700087bd8cd01,2025-10-01 09:11:07+00:00,2025-10-01,d23b08e,1701fa38,03d8fe0d042bf0dc682f466f756e6472792055534120506f6f6c202364726f70676f6c642ffabe6d6d530b7c1c5f26f2bbf403a79334f8cd4d650db269a17d1404847a662c9bbbcf4701000000000000001387882ea49da60000000000,3226
00000000000000000001703f7744cf3a05edc600c11b007eb191ee58c6a49890,1571077,807492,3993553,919287,618201088,8c1f58e2e9383a711f14344bb62931e5a2c23e0ea2249ae31e9fa6ee8627c9fe,2025-10-16 04:25:28+00:00,2025-10-01,2a9fdf00,1701ddb4,03f7060e04b873f0682f466f756e6472792055534120506f6f6c202364726f70676f6c642ffabe6d6d3f1edb0adda60ae5e17d4cf678f43de455157d919018142e17b582733c2dcc9b01000000000000007b177668906a000000000000,5396
000000000000000000012b92b98633517778e978c0b5d9e672109931b06e0e5a,1693831,766575,3993556,919018,591470592,6de8f07e4f6e53e4619d260d8f9296bdfac03800bc4618bc0b968582548bc974,2025-10-14 10:42:06+00:00,2025-10-01,73874be8,1701ddb4,03ea050e041429ee68537069646572506f6f6c2f3433372ffabe6d6d1caa72827c4647611f92fa46c22f6e8efd4e7a0a2990104a0742e3c38050af1b100000004969bf4bf21505507f005223ef29000000000000,4805
000000000000000000010214b27667fed141f3137346b8d76d8b335e7ca7d7e2,1789753,734601,3993556,918739,570753024,db2708474f3891ca8d655a4924140ccab035a75ede2b8278f8626a0833acdca0,2025-10-12 14:33:09+00:00,2025-10-01,a5881c6e,1701ddb4,03d3040e04ffbbeb682f466f756e6472792055534120506f6f6c202364726f70676f6c642ffabe6d6da220b853ab75de7e0b004cf27abc1693d104197085dfa332c77b9d74ace1ca09010000000000000074ccfbaa0000229200000000,4448
000000000000000000016a2b813b7a44331fbeaf0d42b2274780379beacc545c,1769668,741296,3993556,918162,621199360,fc038e6a01b712fb1813ba328b2d1dc9dad3f04a2159cb7c0e67b28e087ef710,2025-10-08 09:40:43+00:00,2025-10-01,a8420e32,1701ddb4,0392020e049b31e6682f466f756e6472792055534120506f6f6c202364726f70676f6c642ffabe6d6dbac784a538980b298929006e3062d8a5b278d75cb2537dfdb07760d86b88082301000000000000006e1e0ff86c3d000000000000,3996
000000000000000000017c0ea3c5cd4bea317228d34de35d849f0e2ce7e07d16,1630021,787845,3993556,917665,653418496,c84f5e2f6e79ee7c164af5ca25b794b12428ebe25103b6f046882d49957e2146,2025-10-04 22:09:49+00:00,2025-10-01,24b59510,1701ddb4,03a1000e04079be1682f466f756e6472792055534120506f6f6c202364726f70676f6c642ffabe6d6d042b5485230dcdb8cc8dcc37f8564ef67a1d86049ffdb9bb30ec572f245d4819010000000000000054c241260000000000000000,4071
00000000000000000001ab915958be684c86aa92c0bbd57dcc629fc468d28f4e,1871188,707456,3993556,918973,561733632,e63e33b20e41d3661af5cc0dc0365b926e57df9a2ee1dffa2a2b7da9b027fabc,2025-10-14 04:43:40+00:00,2025-10-01,4555c582,1701ddb4,03bd050e194d696e656420627920416e74506f6f6c20f901f802e71ddf0ffabe6d6d394766e7a474ccc763b6b3842b4ead5471550839bc8f09e8a5cb4815da46194c100000000000000000004fda6a01000000000000,3435
0000000000000000000074062cbc5bf161af9dd5dbda1103be253af99a1128d2,1612750,793602,3993556,919228,537018368,52a4245f2dbe22fd9038bcdd49ff230147e0c6081a41bf2be3280f506b6b5c60,2025-10-15 18:57:08+00:00,2025-10-01,86a4cfa9,1701ddb4,03bc060e0484eeef682f466f756e6472792055534120506f6f6c202364726f70676f6c642ffabe6d6d67e7e211c3aea25ab961e7745ceaf68f38844d42fe26ba243a424a9aa710ee30010000000000000073f4544d1e72010000000000,3230
00000000000000000001162c96425c4183e39c289c575516c037173c68967a85,1680550,771002,3993556,919243,537829376,10b0faaad47b119bc5999eb21bba9eccc14a5df1d5ed657501762d47e9feff15,2025-10-15 21:48:46+00:00,2025-10-01,f5e82c7c,1701ddb4,03cb060e04be16f0682f466f756e6472792055534120506f6f6c202364726f70676f6c642ffabe6d6d7e346f52e91e3d35b645fb4a90fc569e0f0cadd57a35d461f798b9e97575fd8b010000000000000065dc55dd57720b0000000000,3407
0000000000000000000016fd4b12c5d56a5d897549df7ad41d87c95a1e5a7510,1729246,754770,3993556,919205,637730816,888291d24c23e269a24bf25188915746613494652a24accc6c714a9ef62f47f9,2025-10-15 14:52:49+00:00,2025-10-01,8fdc160a,1701ddb4,03a5060e0433b5ef682f466f756e6472792055534120506f6f6c202364726f70676f6c642ffabe6d6d124940345c2eda2771b64de18481be6300b5a38eee3e67e6ea1f6e166a77e12301000000000000008d1674506876000000000000,3626
000000000000000000016b95ce4f04cfe04a7c0e16aa5c6f0b4e731d385c093a,1768499,741686,3993557,918231,537001984,48b2cb407e04b9af61adec4aa90e7cc6e63917ce10a270745983cca1e38d79b5,2025-10-08 21:00:08+00:00,2025-10-01,1b4e4ea2,1701ddb4,03d7020e04c6d0e6682f466f756e6472792055534120506f6f6c202364726f70676f6c642ffabe6d6d6dd6a049ec5e5c7204392a3d2c7c5f290090ce557ebeb8bbaf444db83079e30a0100000000000000603f4ccd5329000000000000,2332
00000000000000000000e0074756fc4a8c3b79f1cb77de536f2270a7d53a3408,1689150,768136,3993558,918822,537600000,6b62b9067d743f132bfef0ff17ec254a8fdd2c923b6bc75c64ea53790c036d6d,2025-10-13 06:08:03+00:00,2025-10-01,62fc9c1e,1701ddb4,0326050e045897ec68537069646572506f6f6c2f383838392ffabe6d6d37396fb95a17a62a21b29d9bf3411238459a4c14963b5697465c6daf6d627fb208000000e13017eb4e6d66380e0b3a951bc1000000000000,4038
000000000000000000019e98b402c626db785517edc3202429c7018fb346c3d7,1565094,809488,3993558,917401,605298688,1b480c57a89cccf68481a720097d3b1b14321bc3671e81809f2f5f7c2d1b4865,2025-10-02 17:41:44+00:00,2025-10-01,d192d031,1701ddb4,0399ff0d0458b9de682f466f756e6472792055534120506f6f6c202364726f70676f6c642ffabe6d6d7b9d087eb8656f071892783be0dca154d8a898b1794d6299d0e483e51d399ac401000000000000007d64aae5b6f5000000000000,3252
000000000000000000007f548e7064a7c0af33842a9e5cae3354997ee3f21cbf,1799968,731197,3993559,918331,829816832,966581b0f394ee48d5f8cc64617ef259d475e10d7539243668fb5beed1d3f5a1,2025-10-09 17:08:08+00:00,2025-10-01,7208fa72,1701ddb4,033b030e04f8ebe7682f466f756e6472792055534120506f6f6c202364726f70676f6c642ffabe6d6db834e91c3188be18c9cbdd9f07ca9f0fb71c52e43f290b20d5778a68c238744801000000000000006554e5540000025c6e000000,2303
0000000000000000000169bf2ce46189ef621a6e82f99939fc44fc2ff172b943,1306483,895692,3993559,917241,537190400,804cfdb098446fec6e6f681336408773c6bfc778108a038c8c752c273d30bfd8,2025-10-01 13:48:11+00:00,2025-10-01,40787a5,1701fa38,03f9fe0d042f31dd68537069646572506f6f6c2f3635332ffabe6d6d0bcc57240cee3b1a16d49455d36c0ede8cba2845005ae590847a5c4162a1e6e308000000ded8aa2191c3a35f2308972d588c000000000000,2592
0000000000000000000015b43dc91b12a87945010b4641a6fd65db4f9b674bdd,1759469,744697,3993560,918677,580878336,7dd771486f5600712ce41be6c875c9b862e5818c56cb2c99ae51726ec55ab798,2025-10-12 05:28:58+00:00,2025-10-01,1b96a668,1701ddb4,0395040e049a3ceb682f466f756e6472792055534120506f6f6c202364726f70676f6c642ffabe6d6d2d8b7db6e977affe61eeaad63ea8dd16a1035ba8e0f35363f75aff52709c5e53010000000000000068954a91bd36010000000000,4977
000000000000000000012bbfb13a8cb5e26d67eaa6031a7e33056f660724b04a,1692401,767053,3993560,918386,664551424,f9748ddf1a27c0f89ac98a9063e2b5a9bf9e96b5a31b4b434deca2c3d0b928c3,2025-10-10 02:40:51+00:00,2025-10-01,faf71882,1701ddb4,0372030e043372e8682f466f756e6472792055534120506f6f6c202364726f70676f6c642ffabe6d6de4e953b4c6505fed08b154a32fd6e9e0799516f130822b5691d9201a0aa5439c01000000000000005a497c86cb3adc0000000000,3706
0000000000000000000159a98dd06373f1a9570ad4440d1722eb240eae1eed4a,1524220,823114,3993562,917172,575938560,00f0f955a22cba2bc9c4abe83489243309645cda36ce5d7e022d6f0e0aa34e80,2025-10-01 03:40:22+00:00,2025-10-01,f91dec23,1701fa38,03b4fe0d04a6a2dc682f466f756e6472792055534120506f6f6c202364726f70676f6c642ffabe6d6d4251224a92907a17dc424d08682c5a75f0f5038ded7efe45cf2b4dbcc898778601000000000000002a1bb8a000009dac66050000,3096
000000000000000000001df4da5f0bdb7f7412c5ab88da2fbe0e89a9d52d7889,1765774,742597,3993565,918035,566870016,0e172ca3647f30f9bdcb32621e66cc4cc3e44dbece1bbb20e0090fe9b9ab1e34,2025-10-07 12:16:55+00:00,2025-10-01,19e6e4ca,1701ddb4,0313020e04b704e5682f466f756e6472792055534120506f6f6c202364726f70676f6c642ffabe6d6da18d60ec9df9a88b9f2c8531f4b42e6681ce73006b1e845e1600a4117a53352b010000000000000062ecceaad36c910000000000,2926
0000000000000000000113d5bca20139f47f82c0c2c71633918fd5099b7a6139,1652848,780239,3993565,917860,547364864,14c9efe044e68540a28df393c8f6522a26bc90a672d04d2928371fd3deb57524,2025-10-06 04:34:44+00:00,2025-10-01,b7934819,1701ddb4,0364010e1d506f7765726564206279204c75786f722054656368e5001007cc0c11f1fabe6d6d9cdb0433100cc87523631358691abcb8bb34adc5bb7964a3c10fd51bcd9173181000000000000000000064240000000000000014,4606
00000000000000000000edf53b86244f23c08c7d5252eb45bb3071929172425c,1668967,774866,3993565,917724,555778048,f1bb49add33b932ed1b6383278c6f398067fb53870c0be37525633496eda409b,2025-10-05 06:11:04+00:00,2025-10-01,959cbd0c,1701ddb4,03dc000e04f80be2682f466f756e6472792055534120506f6f6c202364726f70676f6c642ffabe6d6dde82c0d5aca535ce9ff3789074710cbb3234ce3daa4b910798e454e34092084c01000000000000008bca640bd32b000000000000,3234
000000000000000000003861dbe6422cffdab9a27408e77f1b3028942603f9f6,2038693,651625,3993568,917936,578985984,4d147daf350870739cdad51a0f418f97b7a3a95e776136b8d9ef60aca52404b1,2025-10-06 17:52:05+00:00,2025-10-01,cc62218d,1701ddb4,03b0010e04c501e4682f466f756e6472792055534120506f6f6c202364726f70676f6c642ffabe6d6d049d4818a7f5c7a50b3aa4d4bfd44625aaf0e09966958c5a32c475f241dd37010100000000000000676f351200000c373c0b0000,5038
00000000000000000001ae2d1b0c2821b16afbe7140c448f1ef9010b48659186,1530631,820979,3993568,917770,536993792,228bcbf2b7c026575e740bdb7e71ddec9d6903702097a6b9a04acbe82de02a16,2025-10-05 14:32:33+00:00,2025-10-01,c2e951a4,1701ddb4,030a010e048d81e268537069646572506f6f6c2f343233372ffabe6d6d26d5a9aed238e184f27ae3fd2f3e73f0283de3da962f8b9560f768a643b5c4e80800000022935a6bbef202da1002a4df9dc5000000000000,3471
0000000000000000000039bfb27ff215a04f5b662bf9cafa139fdbee5b675346,1784198,736457,3993569,918816,568516608,71d5369520d145a171c795f0b658032c5dd66f8e1592bf7df5507205567356be,2025-10-13 05:19:14+00:00,2025-10-01,27f438d1,1701ddb4,0320050e194d696e656420627920416e74506f6f6c208e000f02f0da1560fabe6d6d8564ddaf7e33c843dc8f764ba5091ca6165e62601376f756305c756f38be8e3a10000000000000000000b28c8147000000000000,5333
0000000000000000000054385ebc1560ada1f6b8d0697098c329a224455a56ea,1721138,757477,3993569,918268,617488384,3230ce3623861d76f110ddc7b0809e9eea005a50045aacfeda823af371d01712,2025-10-09 05:53:11+00:00,2025-10-01,4471b3ed,1701ddb4,03fc020e04c74de7682f466f756e6472792055534120506f6f6c202364726f70676f6c642ffabe6d6dbb1903894efe15c5d2505f863c109d247cd577ad6db25463571a1a9147eaadad01000000000000007349cd329f61000000000000,5501
000000000000000000003e958ad94c6b1c1f1c41d75bdba7237d65cee381202e,1525334,822745,3993569,918217,662159360,a448dcb53a52f56831650929c2084a2b173cf628ccce647524e2540f439ddf7a,2025-10-08 17:36:13+00:00,2025-10-01,fabe4e73,1701ddb4,03c9020e040da1e6682f466f756e6472792055534120506f6f6c202364726f70676f6c642ffabe6d6d7bfaf2e230863ae83d8667c2a25812cacde62cdd9870fc63f38f30bcfcb5091f010000000000000086fa5f8bd22e010000000000,3435
0000000000000000000194d31a37191fe33757afd167a928f031160fb42abc47,1555985,812528,3993569,917329,705150976,5088edca9281e8a7acde8bd3d548c109e3e247d8ddceeedd6a2dab118f1579e6,2025-10-02 05:16:27+00:00,2025-10-01,cd844064,1701ddb4,0351ff0d194d696e656420627920416e74506f6f6c208e000604cf083867fabe6d6d24a2a99c3864f5adde5004a3eeea7a445757ad7a3d2dcc64a26221c226955e9f10000000000000000000140ac376010000000000,2650
00000000000000000001183735a3824f746224ab9a934765522949cee12e1485,1524671,822966,3993569,917406,537001984,017c86ea2d9895b741285b5bcbba9cd0ab8a3799d4097ea3318dc198ebabb5b7,2025-10-02 19:03:31+00:00,2025-10-01,dcb5c704,1701ddb4,039eff0d0483ccde682f466f756e6472792055534120506f6f6c202364726f70676f6c642ffabe6d6d67f92d12e540e1c08753f9c3836f170d39faca8b3680bb80171e8a74116102b301000000000000007d6022e743ab020000000000,3541
00000000000000000000ed5bb5b2c33a33b98b7b0184d35bd5261de24d7bcbe7,1673274,773432,3993570,917746,609091584,7809323d879bed98a9ef48cb1b8282264e5274f2ebda7a71da02d3fd4dda5687,2025-10-05 10:14:43+00:00,2025-10-01,c4deff7e,1701ddb4,03f2000e194d696e656420627920416e74506f6f6c208e003a0042a652ccfabe6d6dd53407f9110299af694b57e18f5f9afa139905204b4c99a1c6cea55349d40345100000000000000000003238ab34720100000000,2991
0000000000000000000018898cb1c34464ba196755bc8872faf5b3a5ce994b01,1670472,774366,3993570,917684,859824128,5c6e215be1345341eb641c04e4a4984356e7e941291a5d340d757cd890e5fd98,2025-10-04 23:41:53+00:00,2025-10-01,2342fd54,1701ddb4,03b4000e04c1b0e1682f466f756e6472792055534120506f6f6c202364726f70676f6c642ffabe6d6d4f7866c0dcc22b3d90b9436820f1a89cac49b546a21a14209b22fa89f1d0742901000000000000006b92335cbe06000000000000,3089
0000000000000000000002cf7e7d86f1b8d60d8bc41a9ead5b24009c0932e057,1603276,796765,3993571,917326,603267072,ddb66563c8b6fddc529cc07b0809fcc18cb60837c6a1e22bc9fccf1ad6e56203,2025-10-02 04:23:42+00:00,2025-10-01,3116d175,1701ddb4,034eff0d044efedd682f466f756e6472792055534120506f6f6c202364726f70676f6c642ffabe6d6da3b4041599cccb461783798e588de7ee29962c92395d2a09ee2deeacd9aae3150100000000000000408a176fb1fb360100000000,2657
00000000000000000001822c2a61b1b03fef5e4108c4be6b6686da533af7b48d,1585639,802644,3993571,917980,539443200,9e643d64588a62e5d4319ca87f14dfd74f99c2345d634167545bc04283522175,2025-10-07 03:29:17+00:00,2025-10-01,b751ebb5,1701ddb4,03dc010e040d89e4682f466f756e6472792055534120506f6f6c202364726f70676f6c642ffabe6d6d194d254cef8cd443da75f92a415afff0f7602c5b778417a49df3c4f4e2eda750010000000000000071a0c2dfb900000000000000,5536
00000000000000000001940d49479ac30da4e4e25352ece696a6a5a5aa44b109,1633016,786852,3993572,919091,671973376,774fc80faa22a8f6e041c314595435797827e5ca13566354b4aff4cb4ed93006,2025-10-14 20:48:26+00:00,2025-10-01,53f6013e,1701ddb4,0333060e041ab7ee682f466f756e6472792055534120506f6f6c202364726f70676f6c642ffabe6d6ddf7ef2c75378a2de0e7b603e33adf128cbf3eda4a8a9e573b6026435fefdd3d0010000000000000064eb23f59102000000000000,4334
00000000000000000000e0e95714e6406ffad27d4d909412a8b58e8dc1b66bd4,1559372,811400,3993572,918213,595697664,75a3126ef062079da7f0054f8fc7f2f86c6040a9d9c0907222e4cb4ad7ba841d,2025-10-08 17:04:21+00:00,2025-10-01,8ab7a72b,1701ddb4,03c5020e049599e6682f466f756e6472792055534120506f6f6c202364726f70676f6c642ffabe6d6d3c9699344fb25baa45f1ac743964101698a764f1e1de0898d28ba47e2ec77e2201000000000000006d333211b527fc5502000000,3791
00000000000000000000667d9674ee5aa5ea81cf203ccefbd57af29404565edc,1606448,795708,3993572,917718,719593472,0f4140f7b98cb85285544d95f3512fe74429741086df1bc68345eb78ae26e4a2,2025-10-05 05:23:47+00:00,2025-10-01,5cafaaa9,1701ddb4,03d6000e1b4d696e656420627920416e74506f6f6c393539a3003100da9b3d61fabe6d6d2a72df5632895045d772e7c3422e6bca310167171e5417439ab45e3c40a0d4cf10000000000000005be700006600000000000000,6610
00000000000000000001c498d00190778e85724acf289b4b8d7fa7c9a759d5db,1579965,804536,3993573,917437,568516608,edf0ea95d743edf59291f9f0cf40f9f590c8798cc930ce068428382d5fb42c37,2025-10-03 00:27:04+00:00,2025-10-01,9bcd1c8f,1701ddb4,03bdff0d045818df682f466f756e6472792055534120506f6f6c202364726f70676f6c642ffabe6d6d13db5538bc4d69e7ddb90c8aac13f7c528a7844bd35cfe6b4f34b8042f1635de01000000000000009a6f30751a2f000000000000,3718
000000000000000000014d9f5a56124fb9b9d524ba418eb652829a79471b1ca2,2805609,395988,3993573,917986,537796608,537b33d7b3143096ac203acebe9ce5925232c3b5f76521fe56790dad85610e2b,2025-10-07 04:03:17+00:00,2025-10-01,6c52e879,1701ddb4,03e2010e194d696e656420627920416e74506f6f6c208e002403c3c948e0fabe6d6df7fadaa9a89027634405314e4f4584eefe5d64c0305e0e65f41198cf00a1d67a10000000000000000000976504b9000000000000,2011
0000000000000000000149f6e2114ea6a1fbd12fe55e0e7d6223216f564eb10c,1553386,813396,3993574,918599,537780224,2c70637ec8d14370663c5187c3388ba8c5f0634f06371129f00c31c12b7d6b71,2025-10-11 17:41:08+00:00,2025-10-01,2586884,1701ddb4,0347040e194d696e656420627920416e74506f6f6c20cb003803f435e648fabe6d6d699dbee3f82302ee81e62ac5475c4edabcedc0e857e339986d1ffaabd9c4392c1000000000000000000035b00135000000000000,3709
00000000000000000001ca6f66a2e48096591ea2fa7ed567a869c7a5678597ce,1705579,762665,3993574,918312,537083904,04e8758ac64bd2ee82559de74fe646b36f8d7062ff5d9bc1e0ca914def8ef10d,2025-10-09 12:33:22+00:00,2025-10-01,497c082b,1701ddb4,0328030e0492abe7682f466f756e6472792055534120506f6f6c202364726f70676f6c642ffabe6d6d8236aaaac3c66f2c56a70e285403ffe45b32beb7ed10e29e56835192cafd943e01000000000000008e35366c6548010000000000,3831
000000000000000000013937e6d5542247548db2258f6ee41d2b4c105183958d,1603714,796620,3993574,918181,566353920,3a5d05873a44ed34068086ee7de82408e2ec246542456c7cf13144a9e804b53d,2025-10-08 11:55:43+00:00,2025-10-01,f2d0b12b,1701ddb4,03a5020e1b4d696e6564206279204c75786f722054656368e50058056fb9a106fabe6d6d19c1ca17eefdd19b67d51b972d0ae72314c5e625548fcb1cea6687634547e77c10000000000000000000f6350000000000000013,3657
00000000000000000001d20a6f5ee15795edd85a124836559a83838695db9b1c,1874578,706332,3993574,917745,538304512,b5a1ddda5cbe397ba7b2a55211b14b67fd235d1a6031fdcd7280894e35551048,2025-10-05 09:58:00+00:00,2025-10-01,3bc72e7d,1701ddb4,03f1000e194d696e656420627920416e74506f6f6c20f90013013cacfb20fabe6d6dacb449a5723f4046a07a5330b0fcbf07cd74f5a8ca415666aa6fe37a1338f251100000000000000000000c11ed0b000000000000,5836
00000000000000000000c281953553f8d190a099b882d91dede9a8ece78c6299,1580273,804434,3993575,919125,537010176,5c3ed75e92814ce5c2df4af436097d7ef4832522ea3195ee8764b66523a2ac27,2025-10-15 02:47:21+00:00,2025-10-01,b549db33,1701ddb4,0355060e04390bef682f466f756e6472792055534120506f6f6c202364726f70676f6c642ffabe6d6d27ba1d3d006fb16d93cd270a9e26378db4db266da38c87d8061cdefc88e8357c01000000000000005be023564f7e010000000000,3923
00000000000000000000970fc938b9c724b09011edd2079e0327676481ad5b07,1668777,774933,3993576,918171,610697216,32bfe25a3b4fc5d94e4ff6dc2114061a3278d34ceb3fac4b90f5ee2f3ff59743,2025-10-08 10:27:09+00:00,2025-10-01,9df89925,1701ddb4,039b020e048f3ce668537069646572506f6f6c2f3338302ffabe6d6d447d207af5c7c6a8a7a0f8a5dbae14adcbfa9795263452a808d273cc579b8ed908000000f7c6b0ffc7a0c5460e0e52ec0ede010000000000,2646
000000000000000000004feb1bb13c890bed1abbb020a678ee7509b858dd01bf,1918369,691736,3993577,918704,621305856,8c3daa0599a82c27af81d36b0f2b1e5c9aa2bb539b6d6885efb397aba1398e61,2025-10-12 08:11:14+00:00,2025-10-01,a665663a,1701ddb4,03b0040e04a262eb682f466f756e6472792055534120506f6f6c202364726f70676f6c642ffabe6d6d62823a8f51c439a6c9beb2fc956f1cb7b7aa2c0ca87d674ec587f6e6f387de6101000000000000008291cd00dfd1100000000000,3321
000000000000000000019f579b27f81757888bdcb861641d05711723ba21bdf9,1594741,799612,3993577,917618,540065792,83c2382511c5eb787f85b278bf7cfd7af2f473fd317bc44dea07fe2ba856720a,2025-10-04 12:59:14+00:00,2025-10-01,3a296fcf,1701ddb4,0372000e04221ae1682f466f756e6472792055534120506f6f6c202364726f70676f6c642ffabe6d6db9ec274a30120ac5c35fb90df033f402752085de9b0699920eb78d8b42f322a80100000000000000735c08c5c447200000000000,3877
0000000000000000000071193f1fb2b8968551b7f651809ae40a51c964c0e8d2,1615538,792680,3993578,918862,547676160,26dce88dfb1cf5dabeb613914e2da70893c39e43aacdbed775a13b606c07adee,2025-10-13 12:24:12+00:00,2025-10-01,3ca69518,1701ddb4,034e050e046cefec682f466f756e6472792055534120506f6f6c202364726f70676f6c642ffabe6d6dd69c6d7c3334220e9d5198cc046818a4bd62a2007ea1bdd25549ce301b315a1f010000000000000075de5bc7e450c00000000000,5674
0000000000000000000009f49fbdfc1637b6eff812db80e8621a37423b48395b,1696344,765745,3993579,918914,578732032,5d1d407591ebb59a1c25e02600a7b57f17e74ff53872c3e55b8d6e88766d938b,2025-10-13 20:23:07+00:00,2025-10-01,5aed6a34,1701ddb4,0382050e04a05fed682f466f756e6472792055534120506f6f6c202364726f70676f6c642ffabe6d6deb56f8b1b3eb93564530d758e38be615cfd15f1bf8de39f8a7e7ab87b7ab4e7e01000000000000005ae8c5e6c18b000000000000,3137
0000000000000000000175699e3704aa382b23d24fe7063f22ad2ddea5501cda,1756518,745687,3993579,917605,537501696,894ae8905f5fd9d561341216aad7637cfc3e7f028e1a7da592647193772dc1d3,2025-10-04 09:33:49+00:00,2025-10-01,aac69196,1701ddb4,0365000e194d696e656420627920416e74506f6f6c20cb010502310a6bc2fabe6d6dcb05029f5066df0fbeaa52e8c26b0cb385a51f33e08b807cd2267edfc7ce7ad9100000000000000000005074a6a4000000000000,2595
00000000000000000000a8a39f3ac19b2bb75f3a546f644ff7590f5235aa21ce,1679696,771295,3993581,919030,537051136,f3e5f4b47fa860f1b13e0caf9fc9c6174ff3d59884e4a4dc9a781437ec07fd1d,2025-10-14 12:03:13+00:00,2025-10-01,f23f22ba,1701ddb4,03f6050e194d696e656420627920416e74506f6f6c208e002702844f4621fabe6d6d0dca95baa3c5534b2801ae51389ea12750368be3b8bebe62a8d23548b866ab48100000000000000000003c98c896000000000000,4059
000000000000000000001db3ca2c2b49150518292ae63ecfc8972a76b029ebee,1628024,788519,3993581,918247,703258624,78a365fb7538b0b3fa402d9849260d167d0800f84433b28aec1691c272e91caf,2025-10-09 01:09:12+00:00,2025-10-01,cb04bb6c,1701ddb4,03e7020e04380be7682f466f756e6472792055534120506f6f6c202364726f70676f6c642ffabe6d6d1c7a6b1b36d6a857f8a73ffc2e91c61d5bfa3fa137a1b521072fc0eae69f52d90100000000000000596f545800004834e7020000,4194
00000000000000000000ef55e78e28d16b57ce060f8569a7137e8858c05b3f54,1714541,759680,3993581,917557,539525120,dbbdcd2af4a4a8ea9e163f8d823b8835b270f50330c66d79b35ff175eebd2420,2025-10-04 00:38:10+00:00,2025-10-01,bdabdea4,1701ddb4,0335000e1b4d696e656420627920416e74506f6f6c3936358e000a02717a97cafabe6d6ddb3ffab0b269970241f60ceeae7bb3df89d3cd681df6e51d459b6d268dddf3ec1000000000000000df270000afb0000000000000,3145
00000000000000000001c69bbc3c63beabd89f9eb103cb2da3a55af9488127b5,1616922,792220,3993582,918812,719306752,c307225bb1bb66f4a0aae2b1d2f11cc9c7b7cf65cd6da8d615d202e258ead526,2025-10-13 05:03:59+00:00,2025-10-01,44337d1d,1701ddb4,031c050e1d506f7765726564206279204c75786f722054656368e500b005eb65569efabe6d6d16fee5217e0ccb0ee6b00fad7606881bbf484ace5f5f33e925421b717e34fce01000000000000000000062cf0062000000000000,2575
000000000000000000008f51f6e53b584229af8d16c7b41d9e73fbe09bfed68f,1747188,748798,3993582,918433,609312768,5604ffd0ddb2236fc0a14a708ffd4d761b786aaf9e36eea77d69288626b1a5b4,2025-10-10 10:56:58+00:00,2025-10-01,b7f5bfc8,1701ddb4,03a1030e047ae6e8682f466f756e6472792055534120506f6f6c202364726f70676f6c642ffabe6d6d3b42b799ac95474fc70069aef124ce2c48149c98c7c6c106effd84e795c4a73c0100000000000000674a430bcd02000000000000,2818
00000000000000000001c3ce63a1afa42ce2207294713d88b60f0b802e57ffc7,1674876,772902,3993582,918397,540557312,f86b453f9075b6f3c52a3141712d99d330372cef48248ab69cf62e687a18f5fe,2025-10-10 04:34:11+00:00,2025-10-01,5efdb817,1701ddb4,037d030e04c38ce8682f466f756e6472792055534120506f6f6c202364726f70676f6c642ffabe6d6db8c0fbcb5e4adc72dab29f13dd3fd1078dd9ca10d477eb298ce26c8b5222353a01000000000000008a1be218c1cd000000000000,3709
00000000000000000001bf2d2c8a5d4a114a23e49251d7560f566a6825c8c56c,2036061,652507,3993582,918089,565149696,299dbbfea45e78e33f58eb973f8cfd1bd840172709132f2f464be2907bb8c39c,2025-10-07 22:19:57+00:00,2025-10-01,d84b46ad,1701ddb4,0349020e040e92e5682f466f756e6472792055534120506f6f6c202364726f70676f6c642ffabe6d6d25a3718cdae57d3945fff2476e51e08b48c5d437065ac75c8648827f7a4eed1301000000000000007be5c9085603000000000000,1243
000000000000000000010e331584f48a9f5049328449208dc6c94d68f333f5e6,1501493,830697,3993584,918099,537206784,5697daf252cd631686c8e248b2dbe3f5533f9e12563577a0109060113e4c9eb9,2025-10-08 00:15:32+00:00,2025-10-01,4167b214,1701ddb4,0353020e194d696e656420627920416e74506f6f6c208e00270275520d5efabe6d6d759f7c54b40dc6f53516e2c3b91b2c711f504fd138c48e4950ef97b14f5f6756100000000000000010870000a7a70c0000000000,2745
000000000000000000003571eb9309ab2448526292166a46cfb8fe42fce4d715,1781258,737442,3993584,917441,537296896,2ba7d6280e2c194a86fd13892a31a02536cabf9822703d31e5e629b0002dfdee,2025-10-03 00:57:46+00:00,2025-10-01,4614f043,1701ddb4,03c1ff0d048a1fdf682f466f756e6472792055534120506f6f6c202364726f70676f6c642ffabe6d6df515639470b360d8e24d85c6f4edc8341593830fcd4d63728fe5a3fe2e7c2caa01000000000000007f602412159e000000000000,2590
00000000000000000000198612aa30fa5dcf9c5ad830bee6841c0d84e113ae1c,1695522,766021,3993585,918326,537518080,d7c33d3314ec6b6948b6207fbcb078bb81cb37bcb7e13b5a7149d1b89f3283b3,2025-10-09 16:21:19+00:00,2025-10-01,c2401bc,1701ddb4,0336030e040ce1e768537069646572506f6f6c2f383838392ffabe6d6d8951df5d5d647ae3f62258ea8361321fc508fb2b9945e4e59f346c51939c030008000000e13017eb1711c3c413156879756a010000000000,3367
00000000000000000000c0b51a9ee207549bc2b008d2766eead96e08736c62c5,1673754,773277,3993585,919112,540057600,948655839e759ae1f6919f1e0f85785d3d44ceb5b44d66f9255cce5ea5dabb21,2025-10-15 00:09:20+00:00,2025-10-01,6e690c41,1701ddb4,0348060e0430e6ee682f466f756e6472792055534120506f6f6c202364726f70676f6c642ffabe6d6df1f1a3d35da66fd078ed6a806f897ab4e3c7c66d98f3908892f497aabc1efec701000000000000005f6f8a2500001ae70e7c0000,4146
00000000000000000001c9cda0473cd952d6daa232c3b59fab4e203b7fb985e8,1447603,848661,3993586,917753,765689856,0b3d469433a4b6a411654ae4cbac7b03cb7fc190226e3206906b75fe0dae26c3,2025-10-05 11:37:44+00:00,2025-10-01,4703905d,1701ddb4,03f9000e046a58e2682f466f756e6472792055534120506f6f6c202364726f70676f6c642ffabe6d6d0b34317a5131d11cb81b163512aefff10e98a1b2ae691832b9a2aae9d57c102301000000000000008fd449940000188a00000000,2585
00000000000000000000b554d74313e3174af37604741a9545dc3bd91e54e4df,1600118,797823,3993587,918275,570015744,181320dba8a3af420e6c5d5f1fe4bdc74f643e6ac5a34c3207d5e12ca6cb67cb,2025-10-09 07:11:08+00:00,2025-10-01,fc10f43e,1701ddb4,0303030e194d696e656420627920416e74506f6f6c208e0032060ceede30fabe6d6d3f0968eba5cb38ef7435573b769f4f2e7b2e28b722b67dac8ed66dc94b9bae09100000000000000000009d23bcb3000000000000,3666
00000000000000000001d42ee8cd1c0950ae2aa9375b88fc18eb36126b8956c6,1750145,747814,3993587,918155,537051136,f6a3231776d2768e91a962f04dda33d23eda97425f9e0d78c4331d1b796f3ca8,2025-10-08 08:50:01+00:00,2025-10-01,b0bd1b74,1701ddb4,038b020e04b925e6682f466f756e6472792055534120506f6f6c202364726f70676f6c642ffabe6d6d733021540184cb7864c784ac06b452501580fd16454ad325d9424fbb7ab717c601000000000000007012f12a073b000000000000,4928
00000000000000000000d9d4e058378743777bfb715a8ec21e247cf09017e1c3,1695899,765896,3993587,918140,537190400,b5d74d84c96326d210e9289d78060665e1fb8c624c174bd412f9b6f1c303cb9e,2025-10-08 07:10:47+00:00,2025-10-01,8d9494a4,1701ddb4,037c020e115768697465506f6f6ccb00580109d3097afabe6d6d9acf65d853fe03a5a90e65a97c8dda92c465fae1c0c66eb899b7ce809ad115c410000000000000000000834116ef000000000000,3042
00000000000000000001d69b957b6222b689fa6f764bdc117315b21f067bbc51,1768647,741647,3993588,918580,541065216,f0cc56155761bf9d9cf651ab1edb7fd318ad76968d89dc4f669ea5ca4b189ae1,2025-10-11 14:38:52+00:00,2025-10-01,71c00069,1701ddb4,0334040e04fc6bea682f466f756e6472792055534120506f6f6c202364726f70676f6c642ffabe6d6d3b309fa1d005079e6e3bc4cb759b0ab2242496e7ae60be3c70a1862b21844bce01000000000000002463d581b62d020000000000,2637
00000000000000000001c79c343bbd45996078d6799cad49673fe7cb51bcd58f,1636371,785739,3993588,918492,646119424,f54d1eec06364e3fc34a9605777c6d46ed4764760be3c12dc9e3a541a477f5dc,2025-10-10 22:51:44+00:00,2025-10-01,2c1ee41a,1701ddb4,03dc030e04008ee9682f466f756e6472792055534120506f6f6c202364726f70676f6c642ffabe6d6d8495e75fe0e3b66753b6417828d282dd18fe01eb939d930ec389375750037fa90100000000000000675abe7fee03000000000000,3456
00000000000000000000e44b4aa0a309f512a616fff32ec99b0892eea1acb2e5,1546215,815791,3993588,918221,554844160,5cdd5dadaa6fe2a16db609a172eb87c0c087baecd817d997ac7d06144973d917,2025-10-08 18:14:10+00:00,2025-10-01,77703966,1701ddb4,03cd020e04f2a9e6682f466f756e6472792055534120506f6f6c202364726f70676f6c642ffabe6d6de8260596614362be2f893877f7cff0b4dc097c1412757b7096060dd580b62a3a01000000000000007f2f384e1700000000000000,2843
0000000000000000000094c31d279b074e5e5f5a421a09d86c4bfce270458da3,1573792,806599,3993589,917766,536952832,fe666743e0a2d77725148bfb04d831a79315f157e8e1544e8e3db95678630b6a,2025-10-05 14:08:13+00:00,2025-10-01,21db5c93,1701ddb4,0306010e04cd7be2682f466f756e6472792055534120506f6f6c202364726f70676f6c642ffabe6d6da757bc7618f8037a607582679c399e6f3fe91bc363ffb63d03c2c2f6a2bce3a801000000000000002408666f1bf80e0000000000,3899
0000000000000000000147059b151465b8cd7a3c652e8ceba6c273c16bc7389c,1529273,821439,3993590,917651,545538048,1c8095aa9aaa74f92e630fe2d59fcdd740cd2602d03dae781064a8731fe6494c,2025-10-04 20:27:56+00:00,2025-10-01,e5b66269,1701ddb4,0393000e044c83e1682f466f756e6472792055534120506f6f6c202364726f70676f6c642ffabe6d6d4cae9d2a79913027ca5e0181f4c7cb6cf49a7f60714d5c30fa1d5e23a3580f23010000000000000074b281b8000038b300000015,3956
00000000000000000000b27f8213058614ba62cc6615c9166f81eca6105cad1f,1560659,810977,3993590,917288,595263488,701b4e7223f10fc8f8c779b0bb78852bfa58f191f9ec70ffd995cbc42c2740ce,2025-10-01 22:03:22+00:00,2025-10-01,f2e0efc0,1701ddb4,0328ff0d042aa5dd682f466f756e6472792055534120506f6f6c202364726f70676f6c642ffabe6d6da1edbd8933c68d3bc8304c94bcaa162beca25fdf4bd7d17e3cff0c1a140ef6a00100000000000000070749dc6712000000000000,4319
0000000000000000000039b04fd8b925723151972680f746863e7302b6f896fe,1704477,763038,3993591,918190,594485248,b7df0916c0a4cec3cb50b96cce0046fa81921f280789442d6470b7ad0db5bab3,2025-10-08 13:28:18+00:00,2025-10-01,7b96e537,1701ddb4,03ae020e04ec66e6682f466f756e6472792055534120506f6f6c202364726f70676f6c642ffabe6d6df04f2391d711ca5312ddae6c58bdeb794db58a45a1c9631416bd38646a12acba010000000000000087709c5c233f000000000000,3731
000000000000000000014892735dd77b6c3588e375cf4dc42b753113f6f8cabe,1671039,774184,3993591,917531,543293440,64f28bea24f5e9194f8eca2db028cac5e24ba3dab5655d1021b72bde75462a3c,2025-10-03 19:12:16+00:00,2025-10-01,1d0efa90,1701ddb4,031b000e194d696e656420627920416e74506f6f6c208e002f05fced3549fabe6d6dc9e8a14c90bc31d365a3dedbe59692397fe2d7a0a7026e1223eb9e12514b8b68100000000000000000007ea10f0c000000000000,3366
00000000000000000000144e5cc6059ae1d2739d7980c3e052278bef21c88bd9,1861753,710613,3993592,918849,537624576,ed3fd5223a32089b80455341b7d396f6c575e85389ee3cf56c78fcbf1cf1750b,2025-10-13 10:49:12+00:00,2025-10-01,b1a07915,1701ddb4,0341050e1a4d696e656420627920416e74506f6f6c208e00310066db69d001fabe6d6da40605355c8cdcfb736d57f81409b7e8e3dc204e3c3bc251fc2b2d238893bbea1000000000000000000008ca392d0b0000000000,2777
00000000000000000001a78c2412c4aa04d6f95d042a8ed39b5f84881e8dce90,1520905,824229,3993592,917859,713654272,92234d8dce393f9cc48efbcbcdfd2f87032875925e293b5f9573c5274dfaea4d,2025-10-06 04:28:26+00:00,2025-10-01,7a0ef298,1701ddb4,0363010e1b4d696e656420627920416e74506f6f6c383036f9000901c9cba0e2fabe6d6d350693256bffd594d383b4bd13f3fa63f2420877965152cc376f8828a165030510000000000000000000a74470a2000000000000,3517
000000000000000000004821e3ae0b73a55821241c8a5238e081f0735175ee28,1578383,805070,3993593,918295,536911872,dae7efb5f1a0e5728f77579fc5327dcc1dd487515a2dd32b04d9ee7a8a512290,2025-10-09 10:46:38+00:00,2025-10-01,8f80d145,1701ddb4,0317030e04ab92e768537069646572506f6f6c2f3834342ffabe6d6dc4355575542e53d0ef3ac717387173d9b86fe349c96bc0a58aaf2c913c7c249708000000e13017ebe8eba8801414420d3a93030000000000,4336
000000000000000000007ba70cb01386c55a512fb355211c0bc0782813dd4e52,1756436,745719,3993593,918024,763584512,c6c933ec852742d74ee7ca7372d2c0bd2154b09dc867abf47f84c8fadc78a84b,2025-10-07 10:04:48+00:00,2025-10-01,cdce4204,1701ddb4,0308020e04c0e5e4682f466f756e6472792055534120506f6f6c202364726f70676f6c642ffabe6d6d04e3fac01a719a4223a10bd9205c4168cad2e8b09551d3eb460ca5e35a23a1d00100000000000000552ece06fc3c000000000000,4627
0000000000000000000028d88440d1074c1aec131508b4a835c0f3b8e2243c78,1564874,809573,3993593,917348,600301568,7e129bb654001ba3767a144cb4ff59aac12e3ff2e5af4620821a8fefee495e5f,2025-10-02 10:05:18+00:00,2025-10-01,c471a1c2,1701ddb4,0364ff0d045e4ede682f466f756e6472792055534120506f6f6c202364726f70676f6c642ffabe6d6d4414de6d4cbc7b2644db404034471ea91d0b049456871d5502c266d394ad5c8301000000000000003c03ec54d536000000000000,4052
00000000000000000000100f736c47652f2d25a152304451fc0b0304487cbe5c,1660382,777737,3993593,917717,596418560,638f3c357937b250e5b11f9b679c4dae5506c9920e9c47c427241299c3a5a271,2025-10-05 05:21:37+00:00,2025-10-01,bca1fa99,1701ddb4,03d5000e046100e2682f466f756e6472792055534120506f6f6c202364726f70676f6c642ffabe6d6df2f12933d48f7e941363f52c0a068e0d31801e7b916a45d7afef3b8b1b36fe070100000000000000616a81673407000000000000,5272
000000000000000000008cfc42b7da53fdead61170510f6083f199c64231b17c,1754937,746219,3993594,917575,741744640,7ad267456a2f06ec04ef7081d6f4e9f9d9e7139d0e6ccdd2e79f65acc8bf4d6f,2025-10-04 03:44:59+00:00,2025-10-01,efb62e6c,1701ddb4,0347000e043b98e0682f466f756e6472792055534120506f6f6c202364726f70676f6c642ffabe6d6d33291a5b8b9edae2a6fe77f7fde25fd65f9daba3aa1aaab27929f2fd8aa1564101000000000000009778c77c1403000000000000,3384
00000000000000000000121d8062b69255e02f288331c3c4b96e1d24f621629a,1697668,765309,3993595,918280,557105152,3acfa872823c3c7c2de9306cb51cabc1439d7d01b25a023c5765e03aa6c294eb,2025-10-09 07:30:43+00:00,2025-10-01,23b715e1,1701ddb4,0308030e04a364e7682f466f756e6472792055534120506f6f6c202364726f70676f6c642ffabe6d6d760d1faf9dd97425729d2bef75f1ea6872cec0cbc5b3385c75d8fd5254cb0f5701000000000000008d4e388ed6fa750000000000,4038
000000000000000000012aced192de6ed6164379371c74a867afc7b6f37bb428,1753858,746579,3993595,917725,547627008,258a686bb1edb85c9f608f556d87a7d40de4f9e7b229458ef5025c1c5eb87fed,2025-10-05 06:17:12+00:00,2025-10-01,8014009c,1701ddb4,03dd000e04680de2682f466f756e6472792055534120506f6f6c202364726f70676f6c642ffabe6d6de8ac2979759053afb6a943055b6d6f28d9ffbecc229868a49594497d67cee843010000000000000064c7ad45be07000000000000,2939
00000000000000000000fe8fb8147c072bfe1e80cf50cf041ddd0ec2d41a5cb3,1594093,799834,3993595,917209,849305600,c85f45c4e998d06b429e5b3ff00dd3ef52e1c10c6f447ff0728897d7aed99709,2025-10-01 09:20:22+00:00,2025-10-01,8192ee06,1701fa38,03d9fe0d0456f2dc682f466f756e6472792055534120506f6f6c202364726f70676f6c642ffabe6d6d4ef86ce390f07025cb781eb2a521b1390c3e760046ddf7f7fb5e23f63814b7360100000000000000223a74de00002ce271030000,4367
0000000000000000000137f0496b404f0f7c219c5742616f02c8541264d2ae1b,1512998,826866,3993596,918468,557735936,0a8ac6be09c7288bd49f32ef8e57d9d82fccbf28f29301d193f3e6ab85a39e83,2025-10-10 16:52:29+00:00,2025-10-01,3fa2bd8d,1701ddb4,03c4030e04cd39e9682f466f756e6472792055534120506f6f6c202364726f70676f6c642ffabe6d6d508c06178f472496a1b998f05dcc7fb69fd1aa409c852f317d5e2d4c4f4dc89501000000000000008c4cf995511d000000000000,3516
00000000000000000000e80f916dd877bdfe0a0d8f50e3e4f91f3527ecd01ea3,1634948,786216,3993596,917463,578347008,f43aff1db7c484631f2bce9fc9426fa4b28f5472214665418823e8b2b9437c9c,2025-10-03 05:34:59+00:00,2025-10-01,d861435,1701ddb4,03d7ff0d194d696e656420627920416e74506f6f6c208e002100d8a565cffabe6d6df5ad35fac41c79f4fe90ea4f9049758c9d2ca788be15450c6f54cc42748d98e610000000000000000000d17b01bb000000000000,3644
000000000000000000011dd72e054444527be38fce07b1cc77bf5a803abc9532,1548501,815032,3993597,918791,587587584,8f9465ab0d34fa8c9c291ab954be518bdeb0d02f38102326245bd94a94dbcc98,2025-10-13 00:46:18+00:00,2025-10-01,cf84368f,1701ddb4,0307050e04da4bec682f466f756e6472792055534120506f6f6c202364726f70676f6c642ffabe6d6dc493c9e0bb6a7cad873bfb404d9564130748790ec19dc9e06bb7ef14a3e355b701000000000000005d90c18e0000000000000015,3288
000000000000000000000a8a389172b33b8ff6b8e78114146d1cc08a7c4d1eba,1651830,780589,3993597,918884,568197120,668cccf22ee2d497f25cbacdbdb8f7b4f0152900d57b81c4d7ef06a1de967cf9,2025-10-13 15:27:10+00:00,2025-10-01,a82a9d6b,1701ddb4,0364050e044e1aed682f466f756e6472792055534120506f6f6c202364726f70676f6c642ffabe6d6d96d9c6d8a3b9d6fd03a473d265eed713ed12059730f714bad5d0f4bdbe7be1a2010000000000000079e7c7afe9fc000000000000,2973
0000000000000000000083fd73f0e29973ae8fd76cc25576cbfd729ff53a1962,1627134,788821,3993597,918679,573759488,761d3b64f9c95aacef14c9bae6c464710a388126d44ab6cad25bdcfca51a0bf8,2025-10-12 05:47:00+00:00,2025-10-01,21227a67,1701ddb4,0397040e04d440eb682f466f756e6472792055534120506f6f6c202364726f70676f6c642ffabe6d6d0d0ad2358d07c35cd7e21ef90da8648ebbb18801674348c7223d0c8e378c8e160100000000000000913201b18fd0000000000000,4094
00000000000000000001610efecb7fee037daabb99a17279bf0bd5c03360da9f,1455471,846042,3993597,917947,649592832,6d5a7f5b26f76104c34f6813d05fffe24947dc75855353103bc64ccc448c823f,2025-10-06 22:15:26+00:00,2025-10-01,5721d532,1701ddb4,03bb010e1b4d696e6564206279204c75786f722054656368e5007f024763016afabe6d6d3216dc2ed168fa0851a41fab8d9aad5cdf29553058f482bfec481580a548dc98100000000000000000001d030000000000000006,4014
000000000000000000009ce0d7388c996baf42bc48a73981d470fc9a77418264,1461876,843907,3993597,917338,558563328,2a297a67009a0bba55952520c82cbd3dff6e76229eb0063927ea1077fb3250ff,2025-10-02 07:13:47+00:00,2025-10-01,c5e062ef,1701ddb4,035aff0d042b26de682f466f756e6472792055534120506f6f6c202364726f70676f6c642ffabe6d6d562216699a9889797e3fe8d37a6610552cffbc2b6fcb654bf1721526decb1cca010000000000000036161a3ab30a000000000000,1699
000000000000000000015171aa4ff3be71ec049b32e9278c340464e482b6e832,1561762,810612,3993598,917954,537001984,a7c6fac8924e0bd2869624eae450e4afbedb8e6224f086eb2ba35bf352236815,2025-10-06 23:17:09+00:00,2025-10-01,13c83b69,1701ddb4,03c2010e194d696e656420627920416e74506f6f6c208e0026015d74b922fabe6d6d38c71b9c688d62d87479fc9b883f45a741d8aa4690856f458e6a0542e701ed621000000000000000000056d1e2e9010000000000,3627
0000000000000000000162ff9f8f6de3c868ded282ce87be7c08ebbb768cadff,3908798,28267,3993599,917989,555638784,1c6ccc8042fd56ddffcaf8693c34904a309a21216dab954dd5471728cbc598ab,2025-10-07 04:17:46+00:00,2025-10-01,4b5f9a15,1701ddb4,03e5010e046a94e4682f466f756e6472792055534120506f6f6c202364726f70676f6c642ffabe6d6df667bd09b46d1410a456cc48fce33cbfeafc15d263d4c53eaf75606c7d90d01101000000000000006d6e7a241c00000000000000,191
00000000000000000000f3ced7b653e15c313903d9611e096f9cbac528dc4cec,1686617,768994,3993599,917544,537837568,6c7aa480f7f335d882488dfd60bfc55787339e855a34dd3bb74b5cdb4f432eff,2025-10-03 21:31:14+00:00,2025-10-01,fbe2c33,1701ddb4,0328000e04a240e0682f466f756e6472792055534120506f6f6c202364726f70676f6c642ffabe6d6dfc475bd82c82f14c6f7511694eb4e0bb374058011c7418a15df9d3b06c12f52a01000000000000007d7b2fb199e9050000000000,3521
00000000000000000001307ca97b8b92a77ab2e2980fba9df5d7fa62f88b0772,1646634,782322,3993600,918437,563838976,01582abf372c11eee74844cbf05592cc1e078852f39edd96bb7d41f10b35a044,2025-10-10 11:25:56+00:00,2025-10-01,d9042369,1701ddb4,03a5030e0444ede8682f466f756e6472792055534120506f6f6c202364726f70676f6c642ffabe6d6df96ff6afe0999ef19f5adf41950b0cce533eb7ad0675597b137c4cde1f8d21970100000000000000787611400000000000000010,5382
00000000000000000000e47374622701ade477acbd3e4a9dbae3a14d7df97201,1695774,765942,3993600,919151,537321472,7cc074d6ca93a86ccd29519dafe6eb1f6d81204752550a558746ecb6c1d42e02,2025-10-15 07:10:51+00:00,2025-10-01,6975de02,1701ddb4,036f060e04fc48ef68537069646572506f6f6c2f383831382ffabe6d6dac87cd911e77623f1c8f42c8581194b3c4bc2d83db916bb83d9ea647d17c51c308000000e13017ebac93d92323197da902be100000000000,5913
00000000000000000001a6455317ac8f99ea3bd80d98fa9ccfeb8d5f73d50ad3,1694989,766204,3993601,918520,641474560,24bebc146701a56628a603dcd1492aa4e508e386ecbf704cd7b0d87f2e975d12,2025-10-11 05:23:02+00:00,2025-10-01,64ab5a0b,1701ddb4,03f8030e1d506f7765726564206279204c75786f722054656368e500ae04ec3dc97dfabe6d6d252a58eedfcb4703b46995a23a256950e3cf1f7a333ae1ff56c8ec3e032ee67f100000000000000000011f250000000000000007,2380
0000000000000000000163a102277cdf5984eba1119bb6d5e32d9d811388a64b,1714816,759595,3993601,918087,605446144,f361a18c1ee16fa281825589983c34a94388e637621530649b8099d89fe6f5fb,2025-10-07 22:06:47+00:00,2025-10-01,424f45c,1701ddb4,0347020e04f88ee5682f466f756e6472792055534120506f6f6c202364726f70676f6c642ffabe6d6d976863051c6795488445e388100317560cf743d1db9b5fed30aacc64bd8521fa01000000000000008c0be53a0000000000000006,2933
00000000000000000000dca66c07885340cc49bfb94743aeb965783c45f409c4,1601584,797339,3993601,917849,773357568,1c422663fcaa01586266f2adec2cdc3910ee507367514d062389b5af1f24e6c4,2025-10-06 01:46:24+00:00,2025-10-01,56d68473,1701ddb4,0359010e04701fe3682f466f756e6472792055534120506f6f6c202364726f70676f6c642ffabe6d6d28b70ecd46fb1c6213249a08f62801956931b31d50e04473c2c66499e97e32fb010000000000000058e49f06691b000000000000,6670
00000000000000000000e88dac1d97acae956b5485475a624165454a5adcf23c,1580380,804407,3993601,917582,628793344,d47e885d1fa4d37a4a2769d9302ad44ebe66543ca70822402c65fff0c7318eb4,2025-10-04 05:12:05+00:00,2025-10-01,98d406f,1701ddb4,034e000e11627463636f6d383837cb011203d36f4766fabe6d6deb559acd50a4b7ae231a9b086cf4875d84a77a3b182123e2e4aac8f09f8c7ac01000000000000000000074efa600000000000000,3639
0000000000000000000077e383c3383b5170f5cb31777449385a747ad3235648,1578140,805154,3993602,918464,630661120,d48fe7ced006b26afd2a867e47f659e6d3a844e9780d51ea05569ee5debf936b,2025-10-10 16:06:17+00:00,2025-10-01,b4f7430c,1701ddb4,03c0030e194d696e656420627920416e74506f6f6c208e004100cf4cdc2afabe6d6dc7220cf3e5d7551d8482afdcbf8b4b4d752bd5f1bf095cb226feac52176310cc100000000000000000006e755d72000000000000,2018
0000000000000000000193bb764b9f6ee139f1eff244679fc7c978a7287beea3,1488707,834965,3993602,917556,542769152,49ea7e36e9afb78f62e8f9c27c7182c807ede4a3c0bb4d71b03ccf7a9829ccf8,2025-10-04 00:29:50+00:00,2025-10-01,8bc60af,1701ddb4,0334000e194d696e656420627920416e74506f6f6c208e0037046e7fc6e7fabe6d6d816ae62e80c8fe283a0903ac76da24e61f801201f70acb4ac816735b739a6fb710000000000000000000d8e4bc11000000000000,2095
0000000000000000000102a51306c9115120a754a6d42da36388f50395f11fa6,1632147,787152,3993603,918858,626532352,ce0d95e4cc0912f9ccff87e714eab9bb72ca82c158124ca8d1dbc4f36ef54c2c,2025-10-13 12:04:46+00:00,2025-10-01,accd6677,1701ddb4,034a050e04deeaec682f466f756e6472792055534120506f6f6c202364726f70676f6c642ffabe6d6deb41f4266961f7c6f27d0a341bd092eddb496d31cae4cc4c8571c73c5e2ccfd2010000000000000074dbbc412c17010000000000,3095
0000000000000000000185cfb795512d2ddd354559600bfacf440e9859471a57,1620030,791191,3993603,918204,537182208,bcad89356045357cc1cbea94419150a332d234e55278f97ae1a38016e8d71616,2025-10-08 15:33:54+00:00,2025-10-01,eaaf9340,1701ddb4,03bc020e046284e6682f466f756e6472792055534120506f6f6c202364726f70676f6c642ffabe6d6d1d88abce78566b71189a2b42890a6a90e05704daaead6f6c16a9349c5376dcbe01000000000000008ffb56b3b7dd000000000000,5307
0000000000000000000062ddd0bbf6112ec0ba4ce169f47e7725a03a11086dec,1451262,847447,3993603,917648,609509376,72051ba0fa78069f4d8114d525b941d2bdf5152b945b41dc4953497be43b4dbe,2025-10-04 19:44:10+00:00,2025-10-01,f4f0d3ba,1701ddb4,0390000e040a79e1682f466f756e6472792055534120506f6f6c202364726f70676f6c642ffabe6d6daac38b1fdde2e8506b6fb7c266f214a54e5f3dbe01b6cbd16e483e5c0eaead0e01000000000000008a5b9985f4034f0400000000,3838
000000000000000000007943a5d586c1f388f563185bc5d425aa57b117bec1fe,1603284,796773,3993603,919150,709591040,09b23224d1c2f2212ee2b48b22b7057479d25623d32ea3c4c20035c4ba8db25d,2025-10-15 07:09:06+00:00,2025-10-01,d585ef2e,1701ddb4,036e060e04a748ef68537069646572506f6f6c2f3733312ffabe6d6d8f9901bd76b9a409710e21e3b1ddeba34057c9468232045af09cd8460443ca9610000000a737bc511b14fa88b5011b143fd4267300000000,5946
000000000000000000013ba1e7180f432b81a1a0f685c6b41de3eacf655f7a91,2185312,602764,3993604,918620,651739136,470e1300877da76c925dbd007dc5452bc99450daf780fe1300497caed76b3e26,2025-10-11 20:58:22+00:00,2025-10-01,33d96d9c,1701ddb4,035c040e04eec4ea682f466f756e6472792055534120506f6f6c202364726f70676f6c642ffabe6d6dca15cae40221a7af73ea7885a643687e2c719a98919ae96bbe31a8ae35039979010000000000000086a6180cbe01000000000000,2963
00000000000000000000bcfd4147c120b26098de8f9372c4110b16b55f661276,1635208,786132,3993604,917409,555589632,a8a03626c1a20a9700052d3e10cb19bc08aa3d319add5c05ac56cd347ac09709,2025-10-02 19:42:27+00:00,2025-10-01,b9a12b0e,1701ddb4,03a1ff0d04a3d5de682f466f756e6472792055534120506f6f6c202364726f70676f6c642ffabe6d6db447d17fdc461ab466904dc16a76e555d726ac6fded616a246796cb2676edc9e01000000000000006f4802543c09000000000000,4338
00000000000000000001b54fb047c7f624c21595fb34e9961a19258ebc601fb8,1594903,799567,3993604,917216,781385728,57afae10a486cc9221c493c78a35baeb11229891913b04b0a3deca2b0d9a30a5,2025-10-01 10:05:08+00:00,2025-10-01,a2038c06,1701fa38,03e0fe0d194d696e656420627920416e74506f6f6c208e002702334947b4fabe6d6d62a425c2c5e51ee0343b7d56cc3f79eaeb6d601419a226d1e8ddc97f9753b06d1000000000000000b80201005370000000000000,3466
000000000000000000006fe969403c4114b9bd46ec6d52834b696ecd58382026,1826385,722407,3993606,917850,818561024,07b33eeb38f9d72c6b71383f89cc801720fa1a49f92f78e59ff24b0e71cbaf8b,2025-10-06 02:00:24+00:00,2025-10-01,a08847a,1701ddb4,035a010e1a4d696e656420627920416e74506f6f6c20a3008c0594dae85e01fabe6d6daa59d3734d04c43c0c832803a9fdf56cfaacbb65cb81f3319e61c6fd5d489c0410000000000000007c950000322c010000000000,3261
00000000000000000000f7e271f5a5e77404d0cb5477bb18d5d80f69ac8ed499,1551198,814136,3993606,917271,599785472,3cf6fca9c8334cf01c5d340a1ade5b4ef559686d0b698405bef3e22472f37072,2025-10-01 19:09:54+00:00,2025-10-01,fc7423a9,1701fa38,0317ff0d04827cdd682f466f756e6472792055534120506f6f6c202364726f70676f6c642ffabe6d6d0726bdd4da87f411061e078aadc32842bfde5720dda0cb0dd3dc98e67023a91001000000000000002d0840841812000000000000,2942
000000000000000000009f6fd0ca272906a41923372ef6c87feb48ac2d4b1e97,1633174,786811,3993607,919083,669097984,416d0f316dec37bdbccdfb142775154e704a203ed41c94dcf10765dce6f7a4fa,2025-10-14 20:02:15+00:00,2025-10-01,daef79d3,1701ddb4,032b060e194d696e656420627920416e74506f6f6c2044008e062fa003a8fabe6d6d69c66d9a9483c429733fb48e38748b8e93057905862629658b6e823a6ed3355c1000000000000000ed4a00004301000000000000,3181
000000000000000000017c7a8164f3a70c16cb6c40e8fb9f6596bbdad456503a,1609579,794676,3993607,918596,776036352,b5e8b4f4718bb338dbfe2da20acfe289bcb0d65af5ff23e2b03c2fcc47f7a4ff,2025-10-11 16:55:57+00:00,2025-10-01,a43eda32,1701ddb4,0344040e1b4d696e656420627920416e74506f6f6c383330f9001100e40cb862fabe6d6dab48ad2b4e3edc94880e9b7b576c00d11db13a3da7d857fed417a9afa656493c1000000000000000000029449a4d000000000000,5482
00000000000000000001a38996bef9405ac590b6985a0903207a26c7bd6209a0,1646668,782313,3993607,918226,579043328,480a030bf2ab9e4633ef97ca1991a569e420957b6acd1f380edd482b5ce05275,2025-10-08 20:00:17+00:00,2025-10-01,66bf9d67,1701ddb4,03d2020e04d1c2e6682f466f756e6472792055534120506f6f6c202364726f70676f6c642ffabe6d6d9c53eb58bfdc4c61bd9612c64fab543e697d6eb36dc9cf921c585ac55c8ce1e101000000000000005a25342a9d32000000000000,4391
0000000000000000000135cabf5051d4852c48bc888671123d0c0d2950646530,1476775,838944,3993607,917431,562462720,c55ad3183204e42d155c31bd5e62aa92a0ea0aa52fc2138fbbb414339db8db7d,2025-10-02 22:50:34+00:00,2025-10-01,8906a613,1701ddb4,03b7ff0d04ba01df682f466f756e6472792055534120506f6f6c202364726f70676f6c642ffabe6d6d21a1d1633c0685279b637e8d1b38807555046d6d322659f498628f9fb656f57101000000000000005d5d5750d844010000000000,3360
0000000000000000000147b6ba3bdc1c4f32f8041d99a3d4b564e242e7dfc30b,1700553,764352,3993609,919024,575971328,45780c1bf4dec7aa34da74861dbb7f6cbf7dbf44098a3ffe6860d256ba465f9e,2025-10-14 11:28:14+00:00,2025-10-01,7521825a,1701ddb4,03f0050e04ce33ee682f466f756e6472792055534120506f6f6c202364726f70676f6c642ffabe6d6dca8bda18823118d178ef039fc6b32d2b7b11e27678a0cad6a973d3b44b9211d8010000000000000089f34fde869d000000000000,4096
000000000000000000003c647dfbe74e48b7272494440a964591a3cc4a5472ca,1626300,789103,3993609,917866,536879104,8e495bea4c90925d0247a8ffb5235f458d7a691028bddef3bc671506a61583ea,2025-10-06 05:27:47+00:00,2025-10-01,313616eb,1701ddb4,036a010e194d696e656420627920416e74506f6f6c2046000a05df0603ebfabe6d6d46329973bf94e000a2ac391b3c3e2f106f77e176cb4af7a24973a082176946b91000000000000000000013257e7f0c0000000000,6060
000000000000000000000c1634131a93ec344b0ab56d32e9850d277d63615d47,1531309,820767,3993610,918515,758407168,602eabc7d03a4edd40be1fa92f178b1e7306025db53983be3af41da536c798f6,2025-10-11 03:28:07+00:00,2025-10-01,f08aad11,1701ddb4,03f3030e1a4d696e656420627920416e74506f6f6c208e003206c32557e301fabe6d6d69009f08afe4976e7b65a850b9b560f1a7e7ef9b039d6f2774f562570441b58d10000000000000000000f020110c000000000000,3534
00000000000000000001cd33647b29d6bcccdc6a47f824f0f4001107e0bfa261,1594247,799788,3993611,919265,666427392,4c80007ea7452dc78e90a38c6b6a8efa8ea7e492d7b95a1d2d78240688578c3e,2025-10-16 01:18:18+00:00,2025-10-01,f95d1206,1701ddb4,03e1060e04da47f0682f466f756e6472792055534120506f6f6c202364726f70676f6c642ffabe6d6d6baa8f1db80681d9182a8517e8b4e3149b14ab23c0296563501254f139c3e3b301000000000000004f6c70e59d02000000000000,4350
0000000000000000000157cd1eb211957d2b774776c043dc623cb5a06f7e36eb,1522662,823650,3993612,918670,642588672,45b47b2fdbb1b569f51d1c842f96d4f0aeefca326c64a0700c93482bb7baab62,2025-10-12 03:50:05+00:00,2025-10-01,937a6b57,1701ddb4,038e040e046d25eb682f466f756e6472792055534120506f6f6c202364726f70676f6c642ffabe6d6dea4bb313a05e64a721eed18c3ac589331df1eeabc6f9e3f485ca3d01d94af3f60100000000000000781b1cd92a1d000000000000,2963
00000000000000000001c779830ba26644c7e4a342d3c31d283bb2705c256e28,1674691,772974,3993613,917185,537198592,54106e276d9c57261da12c623ec192b0ee28991b6c314be4a14fba4611f14fe3,2025-10-01 06:00:45+00:00,2025-10-01,a9f3dc89,1701fa38,03c1fe0d20202020204d696e656420627920536563706f6f6c202020202f003206dbe3f54afabe6d6d57d385bf3c13b9f5fbe6cb7fae4c1d563628c26a912709f95507d6ce354cdba9100000000000000074040000a4ab000000000000,4860
00000000000000000000cdd4bbd02dec68f691bf277375ab5b37755b34aa86a9,1485005,836203,3993614,918021,573374464,a01281a7b63f98f308a0e3fc454de7ad28715dc53736f1ace0a77f4be5d67f38,2025-10-07 09:34:28+00:00,2025-10-01,61ca692a,1701ddb4,0305020e04bfdee468537069646572506f6f6c2f383838392ffabe6d6d3f48ecdeaa1889ed4f1fd311b3d9ca94b7b9e766f635eb70423127e2f9505b2008000000f7c6b0ffd35b707d100338b2f32a000000000000,1902
00000000000000000001098e67b83aaffcb329c9af23fd54f8f19cec99bac964,1582149,803822,3993615,918613,621494272,b6ed64a9220d6d41cefcdfb3e49d1f3cd2832f49c0a8cfbd7782a933ccd56aea,2025-10-11 19:59:54+00:00,2025-10-01,abef0ee1,1701ddb4,0355040e043ab7ea682f466f756e6472792055534120506f6f6c202364726f70676f6c642ffabe6d6de6fc44a504360c180f264beb051b250702b9c132daeb691f3e0cb3d83179f986010000000000000067943859a86ccb0100000000,3832
00000000000000000001946a5eba3e11d3aae826ee4d2264b0fa5169e12fb3eb,1650765,780950,3993615,917722,537411584,8f3564c1f2c04839e8d86074e323adc7b0b48d346ca9eec67343daa98ad93cf7,2025-10-05 05:40:27+00:00,2025-10-01,8f8d5677,1701ddb4,03da000e1a4d696e656420627920416e74506f6f6c20a3003806e09199e001fabe6d6d2df7c82f22db5ded3c3ed7f5cfb03626ade57e48c10ccf3bbda30f8b45d3faca100000000000000000000558fceb000000000000,4462
00000000000000000000aa86a82cbe495846bfbab1d3a434fe873ae6e75b7c47,1536745,818957,3993616,919264,537600000,9d2f63868990da38ac4bd31862c5e528c24f6c7b0192ea4b1cbcdd84cb0a2f05,2025-10-16 01:00:35+00:00,2025-10-01,5f7b6629,1701ddb4,03e0060e194d696e656420627920416e74506f6f6c20440056029d4d0c56fabe6d6da83384bf80adfafe428a12e64b8c89ef8d63a3959dbbe6c2f560867ff869ac8910000000000000005f6200005a59120000000000,4121
000000000000000000017354043de595fd9752a49e36145721dcc94e1821e399,1508753,828288,3993617,917402,595320832,ca41dd71e1766fb1fc02f07d6ab7053b9228387331cc36876f9e23e2933968c1,2025-10-02 18:17:42+00:00,2025-10-01,f472962,1701ddb4,039aff0d04c6c1de682f466f756e6472792055534120506f6f6c202364726f70676f6c642ffabe6d6d4ff8f922ffe472b1020142a51da90ebf78ca6ecc5dc1253d0c38d8a6fa0a52c90100000000000000985bc16ed3462d0000000000,3758
000000000000000000003f4489c93cdb5dd031ff18c233fe669d08435b966041,1460045,844524,3993617,917287,706027520,2e67222172f2ec47fc316bac1f3f28ce79888f2cb762bcbc70ce6cbde84a2a36,2025-10-01 21:51:26+00:00,2025-10-01,e17e230a,1701ddb4,0327ff0d045ea2dd682f466f756e6472792055534120506f6f6c202364726f70676f6c642ffabe6d6d22ef110274dcfaf9fb5f85ae6de276535f7924d8d3e6f6c464812d689138d8bb01000000000000007d149669672f050000000000,3651
00000000000000000000a58c428526681c7a508f15ce5e94896af7c913b871ec,1623488,790043,3993617,917203,726835200,bc44c745ebbe0f6e2495d27d922c5887c93d4afb284cf5e6f537e772da310d55,2025-10-01 08:53:37+00:00,2025-10-01,19cfe616,1701fa38,03d3fe0d082f5669614254432f2cfabe6d6d1ed17ddb0b30e22cdf4f64af9741c02fba98543a08116d0669a5a59cdafcd6fa10000000000000001010de27039cef5d51ce3ecfcb2400000000000000,2833
0000000000000000000173993112fd3cd03e818d29c4b05e00ed283b9365a979,1780050,737856,3993618,918900,599261184,978b12d32a6048b7d0c5bf5db93980e4d581207d2b2c472bbc42cd8ff710219c,2025-10-13 18:09:37+00:00,2025-10-01,5833e465,1701ddb4,0374050e1d506f7765726564206279204c75786f722054656368e5005e00045d46c2fabe6d6de801ebf5ea3420eef76ae7cf69445aa08b14b120387a9f344598171711e5a6b3100000000000000000004e470000000000000012,2891
0000000000000000000183fd459024e2fa2f9820eccbdac84abd3bc74e0026cb,1596787,798944,3993619,918867,563322880,94e1ac939ce08d295757d058c2e743a39cf91b78f78c94482d8e7c7e7327bece,2025-10-13 13:05:34+00:00,2025-10-01,5bac9852,1701ddb4,0353050e194d696e656420627920416e74506f6f6c208e003805979fbb59fabe6d6d7fa088463717b80d1e850f141fb29393fe32bd5a8e7ffdcdaf091d9a234aff2910000000000000007bd0000072f6010000000000,3705
00000000000000000001c5cddc8ff3936c797f703980a62d00308920f0479850,1584082,803179,3993619,918700,566427648,edcc7d1a5fd52870b6ca34f07db27752cf3e5beae997d837eecb22ac46582828,2025-10-12 07:43:39+00:00,2025-10-01,83e3bed8,1701ddb4,03ac040e042b5ceb682f466f756e6472792055534120506f6f6c202364726f70676f6c642ffabe6d6dd6d04970ec815af434192f57a744932a8171f9f8dae833fcc175eebf728569b3010000000000000083937216a0a2660000000000,4410
000000000000000000008d361c881ceca68bc44cd38e7b6d22705832b9e3b7d3,1188496,935041,3993619,917962,604381184,1e672ad5c3a0b1b4cebb60068733e56c4d4bce2c030bf334e641517ad83fd660,2025-10-07 00:25:54+00:00,2025-10-01,3a94fd82,1701ddb4,03ca010e04125ee4682f466f756e6472792055534120506f6f6c202364726f70676f6c642ffabe6d6da39712e17314ceb6fc27d12b62cf53418cd2d3832d395ae8c4903e163c8c925a010000000000000094eb6887b7ba950000000000,1352
0000000000000000000114eecf31d652618d1ecf94f8dd78a9447610df2854f1,1491484,834045,3993619,917383,538247168,ddc316a6475e238f8f839fae1ccec85798e96496f688b19a13917d0e5c6625f5,2025-10-02 14:31:05+00:00,2025-10-01,78adbc5a,1701ddb4,0387ff0d04a98cde682f466f756e6472792055534120506f6f6c202364726f70676f6c642ffabe6d6d2ef1822fe94d4b8a1f6683c3cf82f96a464155322f5701b8b0e3ec3ace54abd601000000000000008324570e16df1b0000000000,3769
0000000000000000000054409a61cad3a63175c8379b05ec142b69babdeac139,1511744,827292,3993620,918407,537354240,3ecf75acc3ea4027b8ac0e5a08149a294b2c859ddae1638c6156839ff43cb49b,2025-10-10 06:12:15+00:00,2025-10-01,65494f72,1701ddb4,0387030e1b4d696e656420627920416e74506f6f6c383035f9001905fadc308bfabe6d6da365915ca4a8964cd4a4cd416ec2507c1b19e5d2008b99cc7a4bc34386c31c101000000000000000000095726fbd000000000000,2833
000000000000000000005c508543e39213bd0f3d9bfe2a3d90925b1acc6a172d,2316842,558926,3993620,917995,537157632,719b13a11ee839407d9916a12bd544369b07b48ea786e9ab5d8e1ad3009e93e1,2025-10-07 04:57:50+00:00,2025-10-01,7bb1eeb6,1701ddb4,03eb010e1b4d696e656420627920416e74506f6f6c393030cb007e03d74b605bfabe6d6d283f956df30fc7f5814f6960b6797f61f602f26e6ee3e6c3dad30b66daa08dc11000000000000000690600006e33000000000000,4482
00000000000000000000c50f875bdc692af7e6fc03ec39791422675c6755044b,1610204,794472,3993620,917886,536961024,ac54f28161e8d31504efb8365dc9592838359087fea841c08b78a715fde03639,2025-10-06 08:34:31+00:00,2025-10-01,7bf42c99,1701ddb4,037e010e12627463636f6d3935366500180221cddc1a01fabe6d6d64fe2bad8224f893566875595543f15be24fb31f07495c91323c8682f89691d2100000000000000000006490045c000000000000,6330
00000000000000000001ab4a0de6a195876ddb5cc9fd3be28e2d2fc4577e377f,1553192,813476,3993620,917688,644071424,b353ceb88abe12e826e9379bc58476ffa3fa2d505d823aa3345bd78b7ac49979,2025-10-05 00:23:34+00:00,2025-10-01,21e78db1,1701ddb4,03b8000e0486bae1682f466f756e6472792055534120506f6f6c202364726f70676f6c642ffabe6d6deb1f634d5cb2d42f37625a9ae08d6201755e1e414396d2e60b565b732a96b9bb0100000000000000789f07b5dfef080200000000,3369
000000000000000000006e443ef02bc403f23df12b106ba4767305a24d40e998,1797419,732067,3993620,917602,735404032,fcfa297bb9f0377e614d6380660858e2063ed54f678da60a7a9301eb89a9d004,2025-10-04 08:55:17+00:00,2025-10-01,8c45fd50,1701ddb4,0362000e1d506f7765726564206279204c75786f722054656368e50042032342fab6fabe6d6d7fe0ccae0c0bd38e9fa12219eb83539f109cafe4d2591c292dbc5679ab6a5c45100000000000000000001085004c750000000000,3003
00000000000000000000a0063a0819329cc470c2308df9b51dcd33ed2b342f97,1679921,771233,3993620,919269,565641216,7fa9af876f0217b821ba445c95e214a6d47b1a142ea05f206c6b3cdf9b8af622,2025-10-16 02:27:24+00:00,2025-10-01,b681272a,1701ddb4,03e5060e194d696e656420627920416e74506f6f6c20cb012301bc5a01e5fabe6d6d057b722b5002381480970d057c895251fa04224019737c8654269ff1287cd12e1000000000000000000030183bfc000000000000,4301
000000000000000000016cea3471302ff7cf185821d45a07c8596650b922ede2,1021341,990760,3993621,918112,559587328,57e840ef8dbd9a1454ec43dba723fb8175d77d7fb00df538a3c71292e88290e5,2025-10-08 02:08:02+00:00,2025-10-01,4db6141c,1701ddb4,0360020e082f5669614254432f2cfabe6d6d27ea564dfee0d350b1aa118da1c20bbc83fe11fca701f0ff2c1b52194e1dd1fb10000000000000001054564706e1106c35d49eb4ac0600000000000000,248
000000000000000000006cbccfe2cc3cbed4b500d7d8aa9ca3d61d171e3fc7db,1643466,783385,3993621,919174,736681984,443a063f6513ba256cdeca9a01f9d6fd25c41814a4ce1ffe0811a001d2862300,2025-10-15 09:43:26+00:00,2025-10-01,d5303257,1701ddb4,0386060e04be6cef682f466f756e6472792055534120506f6f6c202364726f70676f6c642ffabe6d6d857491e7a6f24fc6780059327659ee2f42125d8fd7a52b0ff37d615295df4f1a0100000000000000760b39c35e25000000000000,6068
0000000000000000000050a91657e4084b042322fe33d6f9979fdf15fb1df462,1622450,790391,3993623,919052,713998336,e2e65a4080114d1f9ee330861c8fc39ab7f2e731f5ff04626ebc9420fc25da9f,2025-10-14 15:55:11+00:00,2025-10-01,eac40634,1701ddb4,030c060e045f72ee682f466f756e6472792055534120506f6f6c202364726f70676f6c642ffabe6d6da17211c9f091fcba2e96847d41d79e73e21449ce83e5ae6818e1902b658b9b6c01000000000000008e6cd74e0000241885050000,3168
0000000000000000000151bb994edee9baf3659a778b7065e1837b5348e1a2da,1604585,796346,3993623,918891,538001408,45573d34e2fca080a0107ff890589f8b804aaba29d86b3e9c1848f41e9882f84,2025-10-13 16:06:16+00:00,2025-10-01,bd5a7bb7,1701ddb4,036b050e194d696e656420627920416e74506f6f6c208e002501d83efc09fabe6d6d3f6e8176e2eb75b36afbf14981a5d14a31e2446c77c280f2f2188b38e91c141f1000000000000000223800008f77000000000000,4096
000000000000000000004ad67a7c515bc9b93577383c064edce3efae6c02487e,1854854,712923,3993623,917465,536969216,7ad04ef9e15f8c7548a963e1e507b64eca939c92c5cf99db43881d6338e4a87c,2025-10-03 05:44:12+00:00,2025-10-01,e0f749c0,1701ddb4,03d9ff0d04bd62df68537069646572506f6f6c2f383838392ffabe6d6d5f86a8569cf43c0964498a72bdc914e7aff2ddc3840da92033ae6fe70a3759bd0800000022935a6bf0f1e83b0201b9b2d582000000000000,2949
00000000000000000000a903f2db1de2f3eb02e1f9fe7a933a372a789d18745e,1692228,767132,3993624,918922,669827072,57c09b76e3ff9559f0ee08af65e436de8f5d94486a2a0c5f9abb1bc61a5c7cd4,2025-10-13 21:10:23+00:00,2025-10-01,2e73f734,1701ddb4,038a050e04bf6aed682f466f756e6472792055534120506f6f6c202364726f70676f6c642ffabe6d6d29da422885c00a89d876d8fc72e625548c8c7141b7ed6d21eef016f4534774e2010000000000000051fadb3d9abd000000000000,4419
00000000000000000001c9469cb68683659dd7ee55b13775d4d211636ed742a7,1601508,797372,3993624,918730,537313280,e3a647294f5f157a5a03dd359397e01bf5e605508c401ce09c1f842240bcd81a,2025-10-12 12:41:42+00:00,2025-10-01,ab6f213c,1701ddb4,03ca040e0406a2eb682f466f756e6472792055534120506f6f6c202364726f70676f6c642ffabe6d6d15c2462f3f3b3fdcc9b5dc882f62b32c0144b9d85caf511d3dcd1ff94697718401000000000000007793c643544d030000000000,3560
000000000000000000013d9f086b2a4471d088ce3712fb0cf754e2e3e0feab0b,1652286,780446,3993624,918676,599752704,6da1e7c62e84d83f2e7f30da89f9e3d8298beaafc745ab7ca2a95ec5240024ff,2025-10-12 05:28:02+00:00,2025-10-01,83bd9553,1701ddb4,0394040e04623ceb682f466f756e6472792055534120506f6f6c202364726f70676f6c642ffabe6d6de751ab7d02a9234b9f4b3d5f694d281389bfbea7dd6046bbc03f5adccc103f5d010000000000000091892312000007780000000c,2707
00000000000000000000259bf792c49e96159960c811a6f3bcbb8dab9967a333,1685584,769347,3993625,917607,537272320,73b39643a5ae03f5702c1552c3c841107fe71210a267312a1166e6252a0c5ff8,2025-10-04 09:46:41+00:00,2025-10-01,25c773a5,1701ddb4,0367000e0409ede068537069646572506f6f6c2f313239392ffabe6d6d60ba653612b0fe1a67e827eb6e7b6945d1b94875a184d533015ef141d99a67c30800000022935a6be2cc1f9f1e034ecef85c010000000000,2550
000000000000000000018ff376f3bbb5155ada8809290d382298bbcc04f841f4,1581644,803994,3993626,918054,623894528,72f98f3d2de7bed3c5134c6eade81b0c1b7fa4d204eee60bcd0efc51fc01b6d3,2025-10-07 15:23:55+00:00,2025-10-01,ec7d2c1,1701ddb4,0326020e194d696e656420627920416e74506f6f6c208e002b06b732be72fabe6d6d1cba7c4926da2df9f07a3b897e59144722a13ebe8a491573af00fbdb409f9fdb100000000000000000002f17f267a00100000000,4030
000000000000000000012fd609f3364a48bcb3b95e945303631875551815ce82,1622652,790325,3993627,918665,608182272,28a4fef08d8182a6f6c2febf13de8c3b978ac5a5f534ce44d43067fc15f49279,2025-10-12 02:49:00+00:00,2025-10-01,438c0600,1701ddb4,0389040e1e506f7765726564206279204c75786f722054656368e5000e05b8241ce701fabe6d6de83b7161b74d7f7a0f6d035d6256e6cc3c886d2024d3919f39c0eae8926a52c110000000000000000000e20e0000000000000005,5011
000000000000000000001cba25305f6003a1fab0f8f9a2a79f43fe3a4024c7ee,1656615,779004,3993627,918446,604979200,0645b2beb3e8931c783431a6694ba260917d7b71e2b8bf76bbf6b20fe84f354b,2025-10-10 12:39:19+00:00,2025-10-01,a470230e,1701ddb4,03ae030e0477fee8682f466f756e6472792055534120506f6f6c202364726f70676f6c642ffabe6d6d5c4662525447e70844c559130de93750f7520af12009d704ff889256ea15abe201000000000000006d33321171246f4300000000,5600
0000000000000000000062d3079be605d567ffafeb2118deb7ccadcc922bdd00,1572903,806908,3993627,917633,596566016,70db5fd125060a5faa296e7e5f35ac97be514ab15dcc09c64b8c4f210983af59,2025-10-04 15:21:10+00:00,2025-10-01,93db42c6,1701ddb4,0381000e194d696e656420627920416e74506f6f6c208e003a00ad438391fabe6d6d0c394d6122293e523b6198d9dd46e3ee94f0f4c36c0b73d124f11c9b1f13c68e100000000000000000002b017900000000000000,4838
000000000000000000017143cb5f547192b648503b2967f468b43d63a15c6921,1926048,689193,3993627,917212,536969216,d67e2c6df56212533b626d9b1ecd20dc5e33ae2b4551498aa5e918abbf0cea4f,2025-10-01 09:32:29+00:00,2025-10-01,9d3ed268,1701fa38,03dcfe0d1b4d696e656420627920416e74506f6f6c383036f900a700279d349cfabe6d6d65f94e6d4f2b26f630dcb92b5ce80e355f47e6cc4ee10aa61fa56100ed2d40731000000000000000000010308759000000000000,2369
00000000000000000000f165077a5b9396c9c49adb63f02af136dace14f3131b,1484220,836469,3993627,919277,606437376,8b150eecbe7a6a74eef2a14454bc24c17d01a998a36858af2209edc5432851ae,2025-10-16 03:20:59+00:00,2025-10-01,5f632241,1701ddb4,03ed060e049b64f0682f466f756e6472792055534120506f6f6c202364726f70676f6c642ffabe6d6dfb2f9f5f9cc1771898f8bd53517b5aa245e6c3aaa0db9cb57ba97d1ecda0bc0c01000000000000009715c2240ac5000000000000,3684
0000000000000000000050738ca864f9609a50e86ca69d2430842cef6619e769,1610470,794386,3993628,917433,547438592,01a4d557d7f5386108e42f099e326fe7f016d79368e99164cc6858e25cde1091,2025-10-02 23:16:27+00:00,2025-10-01,bf0fbe79,1701ddb4,03b9ff0d04cb07df682f466f756e6472792055534120506f6f6c202364726f70676f6c642ffabe6d6df75690a34a5c9bccdcd674d120e0bbd021cdf21212521eb7d622d13506b27b9701000000000000005b6e8105590b000000000000,3855
000000000000000000009c6b60f64f3379545967e5f4f0bc341dbec4e736bb1d,1766385,742415,3993630,918166,669622272,980c2db4b691c69040399f80eb6e60b8559b3707e8260142127e77e1db7d936b,2025-10-08 09:56:00+00:00,2025-10-01,47851e28,1701ddb4,0396020e1c4d696e6564206279204c75786f722054656368e500660344e95b2f02fabe6d6d803efcb2a78f516564f8abd594da6ca29e44a65e0e612eb0e7b98b497c5c166d1000000000000000000042160000000000000007,4874
0000000000000000000189b2c1918ed94bb4864fe4144878502b163485879075,1576879,805584,3993631,918934,537468928,1b9f145a8589b761471dc5dace46e227d19d0353d3a3107ab0a361b7d5753ea0,2025-10-13 22:41:02+00:00,2025-10-01,eb2a1cc3,1701ddb4,0396050e194d696e656420627920416e74506f6f6c20cb002502656d63d7fabe6d6df2a8525dcb79d56e1083473c1c07f7e7097ec6914c95b97c9c1689ce5965c0c61000000000000000000052f9631b000000000000,3837
00000000000000000000074133a09ca464e67f575d8eb50bc0e4d2e310f2f6ba,1881613,704006,3993631,918222,661184512,1e109537ce9924a98882e09d76afebc3f2b8a6b3ca3de7709b9ff7a83524a109,2025-10-08 18:15:29+00:00,2025-10-01,b5b36923,1701ddb4,03ce020e0427aae6682f466f756e6472792055534120506f6f6c202364726f70676f6c642ffabe6d6d56c2b83f4c760aa1be12f91cd0908f7fc2fb99433a1d1ceb9452bff532561f970100000000000000670627240000000000000000,2620
000000000000000000009feca5413ed3a9a046babe306a9f7bdb4ad18cee5a07,1544621,816337,3993632,918481,556941312,3d50b1e5a027c448cc89ae32f939f4448840263ac6d1e2da53b424e1ac4901b4,2025-10-10 19:52:33+00:00,2025-10-01,7fb22f6a,1701ddb4,03d1030e040164e9682f466f756e6472792055534120506f6f6c202364726f70676f6c642ffabe6d6d3bc41e8b867d51733dd1b6edb76a60849898cbfe9a8339c5788092b24bbcb8240100000000000000816ce6fe8225000000000000,3912
00000000000000000001d83bd7aa2a6ad2ec959e1963bd251ee8be1fab62ce9c,1916915,692239,3993632,918245,680624128,bae602ae9c904ec9667b6bc063258c8f55ba65d7b80c2ba5e67fe37430bc037b,2025-10-08 23:51:53+00:00,2025-10-01,3776661f,1701ddb4,03e5020e041bf9e668537069646572506f6f6c2f313239392ffabe6d6d44fc7d3ce69e61b4f76c4e34f475451f8677b3628f6bfddc795c7ed15661e47708000000e13017ebef7d6f3e0e0c86c0b80b000000000000,2672
00000000000000000001b576597781e19efb4735a989127dcde354750e3bd977,1580756,804292,3993632,917670,765427712,9ba5de73589c9ca21b797f511e340dc811f9588b8297db62bc878dd90179c359,2025-10-04 22:33:31+00:00,2025-10-01,118ef2de,1701ddb4,03a6000e04bba0e1682f466f756e6472792055534120506f6f6c202364726f70676f6c642ffabe6d6dcecaf1eb2ee051d771150d688c7e6ad2fba81649a7a0ef2f8c29a9d38a34a2a60100000000000000579f2bf71063000000000000,4476
000000000000000000009777b46437022ba9ce043dab9f2800eb59f92998227a,1721091,757514,3993633,918430,537403392,470c854d716996348c3f29172165bbb629864c6f1dacf2ed2ed3ddf8187f2472,2025-10-10 10:13:42+00:00,2025-10-01,c8d40474,1701ddb4,039e030e0456dce8682f466f756e6472792055534120506f6f6c202364726f70676f6c642ffabe6d6d6580fb432d0f58e331808a073236f1248853e1ff6894d79fa6195e1ed1e55ca00100000000000000782429ae5a2f060000000000,2905
0000000000000000000043c5acb4a02950a33cedcad52bf83d071c0977c949d1,1597143,798830,3993633,918284,675160064,1cb1be173102006c34de6d4f2fcf8345dcc5a19a9f1b8d137e0d4cd2821177ce,2025-10-09 07:58:13+00:00,2025-10-01,4da07e48,1701ddb4,030c030e04156be7682f466f756e6472792055534120506f6f6c202364726f70676f6c642ffabe6d6dc5822da42e7c389c5143be29b96df761adcabbb4f46a8a47a180f94be21185f301000000000000008c4ff0a10000000000000001,2836
000000000000000000019a7022cf55f1e544623ad0f0e42ba9c59cad635baea1,1822764,723623,3993633,918168,593027072,78c0e426897fca56decb5aa50a6b31e8498439fe0f99a73a5f3d807b72d98632,2025-10-08 10:02:37+00:00,2025-10-01,a9583d30,1701ddb4,0398020e1b4d696e656420627920416e74506f6f6c393730a30085034746f269fabe6d6df1cd427503ebd8919378e763e134042e793eb61386c1bab4bfc3be2b61b778e71000000000000000000007ba19f8030000000000,3564
0000000000000000000097d1d46f08d21f22f975f007bcd1f8e1f2e5c3f16624,1625791,789281,3993634,918861,591798272,34e7d3d1d8a52097d5cf638291bb3a22ef76c0a8457a10f571712d0846824304,2025-10-13 12:15:32+00:00,2025-10-01,8792d1e,1701ddb4,034d050e0464edec682f466f756e6472792055534120506f6f6c202364726f70676f6c642ffabe6d6d0e7448dc90010553a32da473a70cb953e665107bf8205fb661fbcfbb038791fc010000000000000054fa14d11800000000000000,6581
0000000000000000000012c67fb5094c88662702c9edbc0620eda6308bf15449,1763131,743501,3993634,918829,778141696,2fbbf87cc467d5fa13f927742af5ae4dbe9ec5506b900d0581171d46548cd90e,2025-10-13 07:23:21+00:00,2025-10-01,fe8cc238,1701ddb4,032d050e04e9a8ec682f466f756e6472792055534120506f6f6c202364726f70676f6c642ffabe6d6d8d8408fa41e719ee737e6b9466b62ce7387b666b6a5290d83ea9c65c63f11b8401000000000000006e336b510500000000000000,2190
000000000000000000006d90c249ee91f35217cf86962251f1fab8abdaf2498d,1626938,788899,3993635,917981,567918592,9d99a89f80527d730d1bb336a046b80222bb928c2389824a6eaf4fbbe09a0200,2025-10-07 03:33:16+00:00,2025-10-01,dbba8729,1701ddb4,03dd010e1d506f7765726564206279204c75786f722054656368e500c200b90c5e01fabe6d6d827d8ed17c1682ef3fba67ab03e972c71d87790e2a01e8cbfcb1ba6aa87a619110000000000000000000368f003c4e0000000000,5541
000000000000000000005ac8a77bc96d7f340cc11457b6f33e8a9821801ece7c,2073717,639973,3993636,918106,541638656,b966e632a1db78e2542fa6bf9c3374aa63e98203121af264f326a5ba525d94e4,2025-10-08 00:58:18+00:00,2025-10-01,dfcba194,1701ddb4,035a020e21202020204d696e656420627920536563706f6f6c202020202f001e01849da4c001fabe6d6d376ef0c74cc13127149e2042b7db3f72dd975051c122f4f05ddc08d59f809b1d1000000000000000bee800003f01000000000000,1139
00000000000000000000d7998f9a679013cd95055f6976a27d8f6ab105d4d65b,1675221,772805,3993636,918009,536944640,d1192973654dbf9f72bf2d6d380518f29459b5a3f2e87ce1a8172d9e6b823dab,2025-10-07 07:39:56+00:00,2025-10-01,7ac4773e,1701ddb4,03f9010e04ccc3e4682f466f756e6472792055534120506f6f6c202364726f70676f6c642ffabe6d6d520823b0519ecc9b32dd07e4cb71458e828204c09e2509598647e8fd40ea54af01000000000000005fdf95874869010000000000,3930
0000000000000000000075456af582f54ae0d9586efa2f4dd4beb6b951796873,1696668,765656,3993636,917377,828473344,881153aded08051dcf3498a0b117cb6cb5ecf187a69c11321aa0814433537405,2025-10-02 13:09:21+00:00,2025-10-01,6e0042ce,1701ddb4,0381ff0d048179de682f466f756e6472792055534120506f6f6c202364726f70676f6c642ffabe6d6dd0d0365255dca003caccb83fdef637c1963feb7b199b9184a65069c679bf1f3601000000000000002101d27fa041000000000000,1773
00000000000000000000e1433d81e252824a7fed4686ac4bb3bd76406ad8909a,1528099,821846,3993637,917615,619274240,e2edef7518515712156df1a14e3f0302e1adcbe9ab14d4b1c850efafb45c99cd,2025-10-04 12:30:04+00:00,2025-10-01,9fa0b82,1701ddb4,036f000e142f756c74696d75732f37383365006e037011eac2fabe6d6d270ebc59825f7c29978d8a8df14bdbc168e5f8e96477315d51c57f2dc7ced12710000000000000000000ee82e496040000000000,4626
0000000000000000000197168084012ff40a71b1b1a7573b4cc038f3216c130a,1789009,734876,3993637,919115,537542656,af4fd6901d69b596afda7c474683020b67a2453f5e734b3894435c4d5d1eef16,2025-10-15 00:41:16+00:00,2025-10-01,454ed0ae,1701ddb4,034b060e194d696e656420627920416e74506f6f6c208e002d04936a19a6fabe6d6d2f3ed532c1282d0d5db7c217e05becbd1f5d4f92fd024e6cb1db2b47e32835d2100000000000000023fa000088db000000000000,4410
00000000000000000001d7e1d661950d7ceb955ef4196e057ba69a9f4276069c,1630954,787561,3993637,919192,663470080,f0ac17ee70b7871490a67b4216d6ef675cf322268f6a54d3f94c70298b368244,2025-10-15 12:10:20+00:00,2025-10-01,52d9160e,1701ddb4,0398060e042c8fef682f466f756e6472792055534120506f6f6c202364726f70676f6c642ffabe6d6d2cc3429cae99a10c036a6aaae6a36c5ed9d35a10733d0147a8b407d1493d98c201000000000000006517d342c18f8c0200000000,3343
00000000000000000000d25f1f23d8b0f5b540c3faceb6e6a9d9144c0b4b9082,1546558,815694,3993640,918567,547954688,ebd2768445dfcb63745fd65d190aea17a5883db44eed8cf77c91c2a87a2b67ca,2025-10-11 12:50:34+00:00,2025-10-01,d3401c62,1701ddb4,0327040e049a52ea682f466f756e6472792055534120506f6f6c202364726f70676f6c642ffabe6d6d0ed3cb9faff2820979d0ef447235d580eb154f7ced0246182de56a0a9b53a6890100000000000000766cf0a08491010000000000,3290
000000000000000000005704c57d3eab1e3d11f341c8e9badb508a43cd625657,1312363,893759,3993640,917935,578224128,534745b766bc92cdf35d2d326ce15d1b67664310e503d325a5aaee82b26930ea,2025-10-06 17:51:33+00:00,2025-10-01,b5f5cd9,1701ddb4,03af010e04a501e4682f466f756e6472792055534120506f6f6c202364726f70676f6c642ffabe6d6dd31eee78e1cde484148923abff0b81d5fc24a3ab7cabd77c06719c2d12e793430100000000000000686e1ba40a02000000000000,1048
0000000000000000000048ad7d5a114d872b38b6a678d00b4d145b8d61a59432,1688375,768422,3993641,918562,566099968,4f71ec1e4bbc0800e32869afd3892ec923607b4b39f9fb51d85d3666d46376dd,2025-10-11 11:48:43+00:00,2025-10-01,75b4d78e,1701ddb4,0322040e041b44ea682f466f756e6472792055534120506f6f6c202364726f70676f6c642ffabe6d6d833cd410b671c55b9f759c375bd6650c877980e6972b2cda8023f67418e08d9b01000000000000007845aebb571c000000000000,5220
00000000000000000000e8191c54a9f0e6b8697486b99edf3a2855627d245eb6,1555167,812825,3993642,919103,840663040,64e061de15b0106fd58d630e486405c15d5cf7b0b81fcc36e4e966d80e7cf70d,2025-10-14 22:58:12+00:00,2025-10-01,d2806c6f,1701ddb4,033f060e1362696e616e63652f393934cb016c006e8cdb3bfabe6d6d6ba7c8fa4e548b8c1e27aa7e5291c3917f9c06dc4f94acaf20754df44dcfa02d1000000000000000333300009d35000000000000,5327
00000000000000000000970aebd3ab321f26a6a7c8ffeca71da468e88dd863c6,1562892,810250,3993642,918296,698359808,022c4343eab1caf56f411536bb45d0c6cc1239899242eb393c185c934e3f138c,2025-10-09 10:59:21+00:00,2025-10-01,3c31b488,1701ddb4,0318030e1a2f5669614254432f4d696e656420627920736c6174797261752f2cfabe6d6daaaa7c3aac83c84299a5f7eeee704f6f54727fde85fa52683b80e5cb7093cc1d100000000000000010dc782d01bbae9720384ac7ef99ff000000000000,3328
00000000000000000001bde696bd82a3e76e59f585e9d36fc1a1cebe8d5b8b78,1523910,823244,3993642,917942,630333440,60e5376a002166810a432f68e1f619526f3bb703a461a4e43db5f11b8737caf0,2025-10-06 19:49:57+00:00,2025-10-01,159570f8,1701ddb4,03b6010e04651de4682f466f756e6472792055534120506f6f6c202364726f70676f6c642ffabe6d6d56165a256466b92288f44f0d9f536716d03c97d2633ae0bed2ef83ae6385c48c01000000000000006b6d91be9551000000000000,3622
00000000000000000000c9bcdea3bf17f47643d97f4722cb67d68df99d859a94,1557247,812132,3993643,918640,591134720,78fba9117e5eafe611d56bbeeaa0ee0e33b5c947e7eb1f2aa957eb08987fbe78,2025-10-11 23:30:19+00:00,2025-10-01,4617da51,1701ddb4,0370040e048be8ea682f466f756e6472792055534120506f6f6c202364726f70676f6c642ffabe6d6d08aafa28843670db78befa310947a7a7c45deafd5c500eba7f849a82981a4aa501000000000000007e92742ee190480000000000,6166
00000000000000000001933885385c8b4975f9377a12518a0c7c29830d7137ca,1548739,814968,3993643,918638,613498880,d47c3aa09efbe7c6dd3fd5dd487439fcd7e6264ff28957bfe8663e730f7fd03d,2025-10-11 23:25:01+00:00,2025-10-01,edb150d8,1701ddb4,036e040e194d696e656420627920416e74506f6f6c208e0034016f310d4efabe6d6dd33b445f666de054cd6f7e45edebb7f2bc9f708285d67747abb9d50c91a3cdc710000000000000000000c3592900000000000000,3360
00000000000000000000fb293be586657ab28174be5563f14e2a8730c346de5c,1968008,675212,3993644,918793,814571520,8c5e5492fa8d8888c88c2a22c48ac6d4c4c82c45a3015ffd87851b472640a59b,2025-10-13 01:00:22+00:00,2025-10-01,2e604957,1701ddb4,0309050e04264fec682f466f756e6472792055534120506f6f6c202364726f70676f6c642ffabe6d6d8fdf131b4639810f8aa80f2b53323186e8c672aadc7a78be12bacfd3ac0afba201000000000000007ba18a0bd120000000000000,4806
00000000000000000001554b90d96fa16d9db2fde6d22f7e47f8fd26930f1e5c,1565519,809375,3993644,919260,537157632,353cbf7dd06d80f3ecac447197c0c0dd731f7d63d64d9402be6e365cfba50171,2025-10-16 00:29:50+00:00,2025-10-01,1804fb87,1701ddb4,03dc060e047e3cf0682f466f756e6472792055534120506f6f6c202364726f70676f6c642ffabe6d6d5b95f130c197f80f157edef0b106d47216c16991c02d4945edded3d078945dae0100000000000000998137e0b8d0000000000000,5205
000000000000000000016d3eb3531a2264f58bafb1f8a5a6f97221fd75c320b4,1612842,793601,3993645,918863,704356352,921550812065227b99409a7419b6a8d13bd84606de44e62a2cc4a0398fecd82f,2025-10-13 12:30:05+00:00,2025-10-01,f2196e49,1701ddb4,034f050e04cdf0ec682f466f756e6472792055534120506f6f6c202364726f70676f6c642ffabe6d6d89d05607e28e3b7bf1dd5f5680a6c9eaaec54c19252add04c77e84509c3f9ca601000000000000005e3a03ef0c80000000000000,5393
00000000000000000000b0568748ea4265333e4d669629c77c3ddc8b459157a6,1597206,798813,3993645,917732,595271680,bc2cb0b3238cba18a4b6092af91f0ced6edfdfd13ad4ca38759e1dd23f01203e,2025-10-05 07:51:33+00:00,2025-10-01,7ad435c6,1701ddb4,03e4000e048523e2682f466f756e6472792055534120506f6f6c202364726f70676f6c642ffabe6d6dfeff929ac6fa7ab5b184cbd478dc770d63d7e3c65c506d5dae550007cb418d8f0100000000000000956d5a6d0000065c00000011,3785
00000000000000000000c8d8913f42d4c7f51a73b6a916efd3e212905c768cc9,1757472,745391,3993645,919153,790085632,7c447a788cb82de94346c080a68d193f7c859f89a1adb8353c9d2465d8ad1743,2025-10-15 07:28:22+00:00,2025-10-01,db36a18a,1701ddb4,0371060e1b4d696e656420627920416e74506f6f6c393631cb003501250019f5fabe6d6dae49d9152a2d451c0051a6ed881cd06fa559b5f40cc385255bb0fae155694c241000000000000000000034e6e7d3000000000000,2161
00000000000000000001ac0a0f9ad634af778a391b799b80ff644c851d378aa1,1469998,841216,3993646,918354,705585152,4b79923a17e6a42f9241ea7d4aeb36965e4614348b9583e3cc21aa35d11be541,2025-10-09 21:39:47+00:00,2025-10-01,28d09010,1701ddb4,0352030e04b82be868537069646572506f6f6c2f383838392ffabe6d6d214b142d575af1d4000ac9bbbf35cbb0c3976717ab8345be0fda971cc0cd5e3208000000e13017ebc41f00a0140a1e53a8c1040000000000,3654
00000000000000000001da889781957daba6636d21c2b6d821ae5bda1a885cd6,1609801,794615,3993646,919166,837713920,bf22a705264c2acab661fbac94d9525cfdfb296432c2d0a556b2e68c7b8a2061,2025-10-15 08:40:10+00:00,2025-10-01,8a49696b,1701ddb4,037e060e1b4d696e656420627920416e74506f6f6c3936358e0011053eae8e26fabe6d6d9c122e99fd30810ca03b6f349c36377a56a81dab35b5e86e9145a29a38bc6f681000000000000000000075ae000000000000003a,6459
00000000000000000000e781b292ac326b78a46d27ec8316e3d2814bff240d95,1820576,724357,3993647,917248,706576384,95f52ff0bade1489ac34226792ee16b3290f4dfa9f964d445735ccaab7f3ca95,2025-10-01 15:06:07+00:00,2025-10-01,c101b827,1701fa38,0300ff0d045f43dd682f466f756e6472792055534120506f6f6c202364726f70676f6c642ffabe6d6dda7c46bd3b3df5515662a21444ba08ab58a8867cd1ba7b43dbed5f449fe843850100000000000000291d2e80000023069e000000,3200
0000000000000000000035244928fb1baaee6b5cb4738704a2e7c265cabce439,1536873,818925,3993648,918843,543334400,84a1a726c184c16702878237b20572777843def8c3af8bb8e18383211d8b4556,2025-10-13 10:11:15+00:00,2025-10-01,5a74836a,1701ddb4,033b050e0443d0ec682f466f756e6472792055534120506f6f6c202364726f70676f6c642ffabe6d6da48978f29068430bdb21699e0027baf513eb8a56c92aacdd762632c539f9ec6501000000000000007fd9bc348c48000000000000,4242
00000000000000000001d56c266e01fe899222cc3660a57a70013ce2a37f0522,1609140,794836,3993648,918350,638173184,59823d570b94f23aa1c673977429e31f0b25c0a75d1f94907c49afdc43c09ef9,2025-10-09 20:07:06+00:00,2025-10-01,25cc53a,1701ddb4,034e030e04ea15e8682f466f756e6472792055534120506f6f6c202364726f70676f6c642ffabe6d6d7d716e55475db5f5722f0aa2a5fed42921c7173aeafcca266651128c24982def010000000000000083533cf20000a3693dd40100,3545
000000000000000000014d21aa0338e5a4bce88029bc47133456ed74402211d4,1572198,807150,3993648,918192,542941184,423976140dd53b8ff364618232bcd82b8a13871471a59284a7f63e00958e36b0,2025-10-08 13:44:04+00:00,2025-10-01,2a573b65,1701ddb4,03b0020e04a46ae6682f466f756e6472792055534120506f6f6c202364726f70676f6c642ffabe6d6ddc7e5074d0890081405ae9665697ea91860cfa167cfd667018559f3860f2b0a801000000000000006b5bda73c3be230100000000,2573
0000000000000000000057ebfe752dbf8c924927b09fda1a52210291106bebb5,1746103,749182,3993649,918362,548249600,684ff5ef9d44e496b2a291d35d4053b2061b6dc4172ceaff03312ecc7fe093e4,2025-10-09 23:03:55+00:00,2025-10-01,a0cf8011,1701ddb4,035a030e045b3fe8682f466f756e6472792055534120506f6f6c202364726f70676f6c642ffabe6d6de107c8fdaff32f9527df140352de4fa50734e8bb24a43d33aeb56c337f82b76f010000000000000065499d3dd45d0b0000000000,1552
000000000000000000016b858477874d289d4001bb17611e8eeea054492400d4,1575778,805957,3993649,918185,590127104,0513357d0eae64e23537f512912047496a65c187cf2cdfded09ab245f3fdf665,2025-10-08 12:50:36+00:00,2025-10-01,139bae9f,1701ddb4,03a9020e041c5ee6682f466f756e6472792055534120506f6f6c202364726f70676f6c642ffabe6d6d7b1b289f2c7bf752e51a7c870e546bc814e66b4ec534b368a32097a39c2543e10100000000000000934bf7b14b25000000000000,4338
00000000000000000001d8af18f89530110b0685a5c3948350202fdc96de8100,1501945,830568,3993649,918002,801480704,14d165122bbb73f3fa53b388bceacad4eb3867c9d4c8162c8cc398367e5b6eef,2025-10-07 06:52:33+00:00,2025-10-01,d1bd8650,1701ddb4,03f2010e04b1b8e4682f466f756e6472792055534120506f6f6c202364726f70676f6c642ffabe6d6d143dc688f5bdcff9a0162287143ffa2af944792a047c9fe854c1f38f41ac180a0100000000000000656d158f0000075d6a030000,3201
00000000000000000001d6ee6ac0c8f65f55b17a7153bb2fcca409bb30b1ad6e,1716704,758982,3993650,918547,537075712,7e6aa033b551caeb8f427356ce74d9c137f83c126b441506338a8a51ab58101a,2025-10-11 08:22:27+00:00,2025-10-01,ed6ea20c,1701ddb4,0313040e04c313ea682f466f756e6472792055534120506f6f6c202364726f70676f6c642ffabe6d6d9bd0d4b4cd45bce172591a271e4a135b26e405215f6e7cee3d27b4392f61f39201000000000000009934f55ece4a000000000000,4235
000000000000000000006450591069ab2741f0f0a29abf41cf22217ad8c02fa2,1800176,731158,3993650,918128,569196544,f5ef3242ece9e66f42752f2d371dc6ea76a7014f464f31e8ca93e9389d13e39a,2025-10-08 04:52:03+00:00,2025-10-01,125bd631,1701ddb4,0370020e04f3ede5682f466f756e6472792055534120506f6f6c202364726f70676f6c642ffabe6d6d89edcbcf6c838856f46c77f1c11125c8fcf53c46d5929b26e0ee5d61fd8a428101000000000000006e7162d7825f94ce00000000,2214
0000000000000000000197205f1e0a55966ff12b101954d4b7645440a3df767b,1582649,803667,3993650,918220,584728576,1fa78f1c0bdcaf3bc729490d4bad6a5b05ead7e0bff43e4b1e2d509f2096bf2c,2025-10-08 18:03:02+00:00,2025-10-01,2746c04f,1701ddb4,03cc020e0456a7e6682f466f756e6472792055534120506f6f6c202364726f70676f6c642ffabe6d6ddbf8af9dad46d3969c21e63b8482179a0977e3e707fe055e0badef9284324b420100000000000000840c52c20000175700000002,3217
00000000000000000000dc181799982de549727d93ed44cbff4aacf1a62f9ec0,1693862,766596,3993650,917961,623386624,274e5a85aa2ecc96537a69a9ed1b4c627a91b174f73a2f9c02a35e55da72384c,2025-10-07 00:19:01+00:00,2025-10-01,51d7c716,1701ddb4,03c9010e04755ce4682f466f756e6472792055534120506f6f6c202364726f70676f6c642ffabe6d6d6b018eea643cdf81088233d7d493593acfa1fec998b2dd46856ba753cf389ac501000000000000005fb9a2276c08000000000000,2025
000000000000000000006a5b51e3c17373c4e3e2e77e9063f55d550df9e7b6eb,1686105,769182,3993651,918233,624664576,687f2cc4e59a1581b3137f66ea7e09582805152ad91dfc60f594e805eb35a9b2,2025-10-08 21:32:14+00:00,2025-10-01,e6d9260d,1701ddb4,03d9020e045ed8e6682f466f756e6472792055534120506f6f6c202364726f70676f6c642ffabe6d6dc8f3184ab38b9ebecdb73d912e72422d7b5d5b50f033ed277991f5d190d868e90100000000000000951d37ae3e72010000000000,3464
00000000000000000000609a599023cf9f629bc9c14058dd4a8039bfd0b3e4ab,2606205,462482,3993651,917982,584368128,082951f028e3cc69c5f886f69db1c55ca1d9a3d9d209ccfc404fd2677119edf7,2025-10-07 03:35:40+00:00,2025-10-01,d0a58d69,1701ddb4,03de010e048c8ae4682f466f756e6472792055534120506f6f6c202364726f70676f6c642ffabe6d6d8763265711b11c87e84c64f0f01f2ba3faccffa2e74ceb026a04f0a631cb979f0100000000000000920270a21533000000000000,2183
000000000000000000007e65ffcc290cb430e08f90102379abfda5a20f643618,1756431,745740,3993651,917892,537550848,9d941af314034e657c1a33ac3c8391af622efbabcba4d2d111085d70cd46934a,2025-10-06 10:02:45+00:00,2025-10-01,d23e6829,1701ddb4,0384010e1a4d696e656420627920416e74506f6f6c20a3005207415b320e01fabe6d6dbc79157b800d9be3a19a8269e5fea1fb2a7961db5e591c3cee7a87737621a28d10000000000000000000ffbf0f1c000000000000,5162
00000000000000000001335da7b9f806ec48a2f7e3a8b5996192e26a35e21605,1628076,788525,3993651,917213,957448192,da7753cf01bf683ff4fb3bb94a3c709771c743385295091699f3a0352b8e9c29,2025-10-01 09:45:34+00:00,2025-10-01,78d3a45c,1701fa38,03ddfe0d043ef8dc682f466f756e6472792055534120506f6f6c202364726f70676f6c642ffabe6d6d5b2aae68741979aa5563cacb80deaee3a5d4ecf4f09250cf6ef6f70a7793727b010000000000000043147b941400000000000000,4358
000000000000000000008cd2329cb8c874bc2e0f0c69f640f7b550df2f3caff4,1673206,773482,3993652,918819,643547136,ab4f797461124920fbd2ff656bdb9b3742d3f4436eb82452d69836d3bed7bb47,2025-10-13 05:54:09+00:00,2025-10-01,dd264127,1701ddb4,0323050e040194ec682f466f756e6472792055534120506f6f6c202364726f70676f6c642ffabe6d6d50d512bc10eb7fde063334fffff88b3d1be121df8f9511a2a02b018f07a4f334010000000000000058df6f50ea3db40100000000,3539
00000000000000000000574ca4d10be4b380336757d72b52d5d59178fb17177f,1603117,796845,3993652,918368,537305088,bf50d58104f940ac57b958a4fe5e480a58d65d2d33f22396e1871ea947e4aa4b,2025-10-10 00:37:18+00:00,2025-10-01,e8e8ed0e,1701ddb4,0360030e082f5669614254432f2cfabe6d6daaddc68cbdf5987b3d5e6a475ed99bd1804974f314f1011214fe6f6ed62687891000000000000000103cbb2503c21a64670fdbbc9f6492000000000000,2763
00000000000000000001dbb53256508c237427c7a57f382d433c06696a4b225d,1676743,772303,3993652,919143,564125696,a22b58797b4de9e237e67db76560fbcb28cd7a21cd5a4d64cbb16b60ddb2b2bc,2025-10-15 06:42:18+00:00,2025-10-01,60e3a6c2,1701ddb4,0367060e044a42ef682f466f756e6472792055534120506f6f6c202364726f70676f6c642ffabe6d6d8706ce231ed143795b5eec9a7a985ee8fa8e258163cb998025f07ce11d84d47501000000000000007edadfc5ce5cc13801000000,3484
00000000000000000000e0990816ac0bb724e2a9f19123027bac6a0f409d5a49,1615025,792876,3993653,918510,679305216,c6ba11f7922b4742944ca721c030ba4b817766c66086b2443e4fd093f660c19a,2025-10-11 02:23:44+00:00,2025-10-01,6daad674,1701ddb4,03ee030e04b0bfe9682f466f756e6472792055534120506f6f6c202364726f70676f6c642ffabe6d6da936481468a7e771210661615073560446f356dc14e098fca249d561e6dedcb801000000000000006c974e601287010000000000,3298
00000000000000000000b846a69a68c555e880d2f06e4962869eccfd48482999,1852661,713664,3993653,917429,546824192,eb742d997dbf4acf828377ac518d9df1ea10ea4f75472642f831fa120843fd3c,2025-10-02 21:46:14+00:00,2025-10-01,1bd72f97,1701ddb4,03b5ff0d04a6f2de682f466f756e6472792055534120506f6f6c202364726f70676f6c642ffabe6d6d436022f3ef7066896b863ff57f5dfaa88663d8a69d17a264e99f23fdb682bd8f01000000000000006c6ff44c3a03000000000000,3698
0000000000000000000171c708cdf7f06c4884af044624f0a1db5721c1145737,1779636,738006,3993654,918154,620421120,20feba4a8805472d0ec84d0ddc8f75992e476d04d1679970e1908a89b229e529,2025-10-08 08:47:51+00:00,2025-10-01,13a8d538,1701ddb4,038a020e1e506f7765726564206279204c75786f722054656368e50016062c79a9ca01fabe6d6d0bd844b64215356710586afb57773fc6c29d1cf50279e3e883531d3430eb9760100000000000000000008d2b0000000000000000,4904
000000000000000000007e10fce0b1f5fd19e14293456f98f819d39393593dd4,1608273,795127,3993654,917912,633675776,0f33381415c445c206ad7c77f0265cc474b29417ccabb2a9419cab4840f7a960,2025-10-06 13:25:36+00:00,2025-10-01,9d1c43dd,1701ddb4,0398010e0450c3e3682f466f756e6472792055534120506f6f6c202364726f70676f6c642ffabe6d6df21b8433ab44fe1bbad93060c1280d4b5e95e19cfb5378b01b9ca5b28ced276a010000000000000066a779d63ce8010000000000,3722
00000000000000000000662a5150437b4ac4bf10a96174e6efa92cd8027e5e03,1624683,789657,3993654,917701,536993792,0282494a50b95415bc81cbfd83f7774a63a7d47f626dea77793b3a688bdc00c0,2025-10-05 02:41:18+00:00,2025-10-01,87b2c6a,1701ddb4,03c5000e184d696e656420627920536563506f6f6c2f006003a07ea902fabe6d6d4df4c650f3001cbb70ab7d76f0b3811bb60d3c21166d400452f768fed2b14ba81000000000000000000053ffc35f000000000000,5611
00000000000000000001c0a1f78540c74688266178a0b68de38d676e197b1a2f,1781545,737370,3993655,918546,537108480,2377957978749a6c3d0e455aa555cf5abe8e603fb74d272572a3b4fbe5b03712,2025-10-11 08:19:10+00:00,2025-10-01,e68d599f,1701ddb4,0312040e04fe12ea682f466f756e6472792055534120506f6f6c202364726f70676f6c642ffabe6d6dda24476c2a5a96d588c83f6a4c796a2f41422124a8803b800151204b40229172010000000000000075341bd4e526000000000000,5248
000000000000000000010ae78e17d12a38573b96324c2be444178890af959af9,1794052,733201,3993655,918459,632070144,aefaf343a170d52a31ac2d846a86636df0738c732fa28fad9121c4146f4b6f5a,2025-10-10 15:07:03+00:00,2025-10-01,3921de05,1701ddb4,03bb030e041721e9682f466f756e6472792055534120506f6f6c202364726f70676f6c642ffabe6d6df094ca57dba6acf058e58aac361551d855070b3f4d3d0d6322ef10293b423de101000000000000008e6cf55f6a26000000000000,3765
000000000000000000003ce1477f0a1d8b833e833b878359e893285369efde16,1619287,791456,3993655,917993,762953728,ca988eae67226be88b73416261fe4f7ac99fe79a73bfba09086c10d001f07b9e,2025-10-07 04:54:30+00:00,2025-10-01,566e2ba3,1701ddb4,03e9010e04069de4682f466f756e6472792055534120506f6f6c202364726f70676f6c642ffabe6d6da1b3977ea76147728df6a7ea01e7e694c9d292e642c973d54bb29ea9544db1c3010000000000000080962fb600008be6fa050000,3213
00000000000000000000ec2636989909de15afdb5e547992b17e1de7e2eeaabe,2227792,588621,3993655,917747,536920064,bac543e764f3e7c1e6d712da817fb62034a8cf269d6bd3039fb901f884441bd9,2025-10-05 10:21:13+00:00,2025-10-01,3d53c899,1701ddb4,03f3000e049d46e268537069646572506f6f6c2f343233372ffabe6d6da86f4511de50a0dd3c588959d872dd6c1d86b92e5a60639843233773726dca7b0800000022935a6b4b953e581106da462492000000000000,3177
00000000000000000001812b79dd4c71e200ce7ff917cf40fe22ed199783495f,1549529,814709,3993656,918925,591429632,8a3f3b6a49629d247075d2235a870a36b3c937e601e8af91e237810af3b890b5,2025-10-13 21:43:29+00:00,2025-10-01,53014c4e,1701ddb4,038d050e182f5669614254432f4d696e656420627920736d646174612f2cfabe6d6de7c4ef53f1c45a0825c8d4190c4a256bac772cf5b44c52944cd90953aaea216e1000000000000000122fe93f174306b8e7da1cf12dd953ea2f000000000000,4052
0000000000000000000005e30e1b44cbe410fadab26ec3e8c3aedd81a51eb192,1808534,728374,3993656,918441,616841216,dab8ad07270ff7096283398afdd39ae43bfa7fde2507700fb02d7c5a2aebacd8,2025-10-10 11:52:29+00:00,2025-10-01,f2ac9bcf,1701ddb4,03a9030e047df3e8682f466f756e6472792055534120506f6f6c202364726f70676f6c642ffabe6d6db4d543bdf355839fc325c0b22139980ce853ce8264c5add53a1e01949c6d252601000000000000005f4652d28927000000000000,3463
00000000000000000001504fbb0c7926784a07b86937e12d833b742087286775,1561322,810778,3993656,917497,560726016,53a255c50d1cfacd7be289b8c4beda0e4d6f923aca763eab6e91f256afe5042c,2025-10-03 11:53:01+00:00,2025-10-01,b2f2bbbe,1701ddb4,03f9ff0d041db9df682f466f756e6472792055534120506f6f6c202364726f70676f6c642ffabe6d6d16a264c7645500302ebd00e579d3d01e90ccc9e79e5f96664fc9a2940fc7cedc0100000000000000617deb49e937020000000000,4423
00000000000000000001ce5c8adf619fef3e785c25908805e99d7c084180c8af,1638917,784913,3993656,917323,610050048,72c08d7662bf0cc47ac5b46b1bf1d16101a1e692fd7c12af51ece25e245e8d08,2025-10-02 03:34:20+00:00,2025-10-01,9e2fac44,1701ddb4,034bff0d1a4d696e656420627920416e74506f6f6c20f901e502aa833a4101fabe6d6db1f995cf6d01eda475dc31d274de0b19c3e4e6bf620516b43042ae81d07dc79f100000000000000000001ac648f0000000000000,4060
000000000000000000016897eb7d73edd327830a8e43a89a63f58b6135666992,2004567,663030,3993657,918817,634806272,e3353141e2849b9b0541ea4f641fd34bfc933c488e1c576f82c8c9e09c5d0f9b,2025-10-13 05:20:52+00:00,2025-10-01,95324c09,1701ddb4,0321050e04268cec682f466f756e6472792055534120506f6f6c202364726f70676f6c642ffabe6d6dfcf9dbc667b0c4990589474f63834f50d88bcdf0adba4ad88d9160b978ad035c010000000000000056a6997f5ee4000000000000,1553
00000000000000000000237845449df2905c269cbea10e8556c3901f4f2791fc,1499496,831387,3993657,918517,585072640,b389e7fc03bb29ea7a98dca4def4b119b543040e40853a78a22976d1ae7c3cb0,2025-10-11 04:14:02+00:00,2025-10-01,b872bd8f,1701ddb4,03f5030e048ad9e9682f466f756e6472792055534120506f6f6c202364726f70676f6c642ffabe6d6d71ac5dfb4699422bcd580a172e612cdd5d3f8aa423b1c54cce3787e1b9554a7201000000000000006b6cfa93f836000000000000,3336
0000000000000000000178bc3b34ad0a323436ee190e633e7ae8977a2d6eb410,1742809,750283,3993658,918846,604389376,424e126790e15be6620ee62f342f05e81ff2436a0673a4e898edd8efe5ebff97,2025-10-13 10:32:48+00:00,2025-10-01,6e236373,1701ddb4,033e050e0450d5ec682f466f756e6472792055534120506f6f6c202364726f70676f6c642ffabe6d6df2e18f28906e2ceadcfb0298986507ca2809d9177c6d59e1639a4fd8243e8dca010000000000000082da97ba9103000000000000,4618
00000000000000000001105fbc2d5e73f43dd6a44fce9deb79d93b70772a6bfa,1560187,811157,3993658,917517,548085760,09dc58019474c18d228e4cf3be0c12abf19c9fc4d7968f8519037923141fe49a,2025-10-03 15:18:55+00:00,2025-10-01,21098b56,1701ddb4,030d000e045fe9df682f466f756e6472792055534120506f6f6c202364726f70676f6c642ffabe6d6d0bb491fa3df8fb331b3c9a2a78afad3390072208ab8ff9d57ac353b2c9258f1001000000000000007d865dc1000006ba0000000e,3824
0000000000000000000150a21b78ffd023af70c0a75146820ac8e2b12b83bc0c,1688681,768326,3993659,919053,609599488,5c314e7a800912c3007cfee2e5eb6f06d863c237178d18a29bc396f6e410eb82,2025-10-14 16:01:08+00:00,2025-10-01,3c58c46,1701ddb4,030d060e04c473ee682f466f756e6472792055534120506f6f6c202364726f70676f6c642ffabe6d6d784b99e712d68a3dca3842ffef54c53cb1300133857f31b3b5baf9fbb7fc4ac501000000000000007208ad5eb707000000000000,2817
00000000000000000001251def04b2350cea77f6bc0e3973336208c4231b3f78,1606485,795725,3993660,919094,538009600,7de7b79f697660a1df0e677f80d78025e1f2b431d79ac0e2e3b54892ff3a5c2c,2025-10-14 21:08:18+00:00,2025-10-01,3d20cf14,1701ddb4,0336060e04c2bbee682f466f756e6472792055534120506f6f6c202364726f70676f6c642ffabe6d6d096ee664f30d198c2d1cd382c31e0849e6f81e6b1d181e71133e9fd3f8538c1501000000000000009834cd1a1ce2000000000000,4335
0000000000000000000097da888bd8560652d023e5b1b5da5ef06ecc6c167796,1576662,805666,3993660,918460,665206784,385ad19fdb90b30551ecef0a8ed771c37592776d3f8d3484af2dbd45f2ea1cef,2025-10-10 15:18:36+00:00,2025-10-01,8596f348,1701ddb4,03bc030e04cc23e9682f466f756e6472792055534120506f6f6c202364726f70676f6c642ffabe6d6d5baf1fe6e71c00abd06793e98f1be1c4ff3c8edc088591c221bc54dd9724d6c701000000000000006956ecc8a00e000000000000,3150
00000000000000000000dbe6fdbe4c1c37361703fcd322f9bd0dfdbfbb917fc7,1591497,800721,3993660,917461,581009408,b94b77d0c5f2865ce6a8ad5a0dc4b12ee42284d61da6c18b9d13cfba39146b5a,2025-10-03 05:13:52+00:00,2025-10-01,4993df04,1701ddb4,03d5ff0d1b4d696e6564206279204c75786f722054656368e5007b04d117f0a4fabe6d6dbec420c649b23922c0064a61f660e15b7ab5d7793b1bcb741e467feb1bb59af61000000000000000000114d500adc10100000000,2769
000000000000000000009c3c924531ea5c804d1e2664d047f67dc770c9f18068,1593747,799971,3993660,919167,630153216,2a420db568f5a27c49242432246a1a7ce0df3dd263806e657694df517f564b59,2025-10-15 08:44:35+00:00,2025-10-01,785c3191,1701ddb4,037f060e194d696e656420627920416e74506f6f6c20440091024042d163fabe6d6d2d14a0eb23e031483fc16d73b7e83cbb9e352a60c983312347cdd6ba0d1f8ce51000000000000000000087dde7e7570000000000,5772
0000000000000000000142526aa524a3e4e53ac8833456ed0802b98c4dd651a0,1598467,798398,3993661,918355,617316352,76e427366cf19210480273c37175f9b770a7c84b34aac51052210829146cd8e4,2025-10-09 21:48:55+00:00,2025-10-01,47536561,1701ddb4,0353030e04c82de8682f466f756e6472792055534120506f6f6c202364726f70676f6c642ffabe6d6d26f346aa20f967cd2d3330546d45e752afa9df2af8e6fb2c0322f1fc7b1ab5be01000000000000007c6de57d00001bf8a3be0000,4402
0000000000000000000174c4f3c9892cf57b6f6bd746516a980def35985c5fe6,1287865,901932,3993661,918218,557342720,f2ceb3467b0a9c386bfc8e73fb9e43f0cc786feba944480e07c498c2cc1f1389,2025-10-08 17:37:07+00:00,2025-10-01,a43d767c,1701ddb4,03ca020e0427a1e6682f466f756e6472792055534120506f6f6c202364726f70676f6c642ffabe6d6de5172bd735bcd03c26024a477ae00d9bf6014b3ff1f1233fdeaf5ade4d0771090100000000000000539799a20000000000000000,1402
0000000000000000000026573aeb6d09d92d00e8bb7ad7a8e5dae2be5552189c,1730296,754455,3993661,917786,822280192,b85dce4bea375f96ba33c1ffba9507480ec7b1a271914f14682614113a07d7b3,2025-10-05 17:12:58+00:00,2025-10-01,a2270a61,1701ddb4,031a010e041aa7e2682f466f756e6472792055534120506f6f6c202364726f70676f6c642ffabe6d6dc65198fdf8b2e643f236dfbf8d715cd5e21c2e4cb187277cba0ace315628ee52010000000000000096dc89758ae6200000000000,3893
0000000000000000000171894fae0a3d31cea5de2bac00ca5c30a4581c856ff8,1680221,771147,3993662,918469,609009664,c102cc602e9bb4639780d7dcdb84ae2d17dbf69269e0139c30d239341630c432,2025-10-10 16:56:40+00:00,2025-10-01,e4b21f96,1701ddb4,03c5030e04c83ae9682f466f756e6472792055534120506f6f6c202364726f70676f6c642ffabe6d6df0429c280e1fdf58384d2b4a23c4dfb3336d7be1e91244ea082b5edd188af50b01000000000000009048275de8e7580000000000,4012
00000000000000000001a9522ae23e75cc2b40a063afd6c91a12b4b58fa73427,1661921,777247,3993662,917820,676700160,e95ae796836eaaa2a5750c83ca6fbb1199c57dc69d5f1a86d265e38b58e60131,2025-10-05 21:47:36+00:00,2025-10-01,fc2ac48d,1701ddb4,033c010e0478e7e2682f466f756e6472792055534120506f6f6c202364726f70676f6c642ffabe6d6d95eb2717c5df0d99c8f4b3435caba28c6d33dc0d11180b1d67ecd4faccce8c6d01000000000000009a5bdca0f5ac050000000000,5724
00000000000000000001c8b41b3a47407f64d8b15d64a866390bc17df3e7bf7b,1559556,811369,3993663,919217,902299648,b807a105c0c988b1696008e51d72d27a6adb966fbc83026be2c615d8b1cb7f1a,2025-10-15 16:31:04+00:00,2025-10-01,3e3121e,1701ddb4,03b1060e194d696e656420627920416e74506f6f6c208e003f00e7169f9afabe6d6d8dca956c68d42dd391fda5f5b436e670757983f9987e029992675ea028408cde10000000000000000000b9be0900000000000000,3611
00000000000000000000b1c831c5672eaea47270edb91db901e6299f9b06377c,1763518,743382,3993664,918963,539754496,6e49b0f96a0f4df17b70de2889e73549a10b482b081c5eac672bab98f8f89200,2025-10-14 03:50:25+00:00,2025-10-01,562a16e3,1701ddb4,03b3050e0481c8ed682f466f756e6472792055534120506f6f6c202364726f70676f6c642ffabe6d6df8c66399c3b245e4ae60a71ed9558fc90b623f0caa4466823abaf96093bbf26e01000000000000008a03bca0ec10000000000000,4991
000000000000000000010b7b0b987c284a82c1296aa784ac749cb9612754a4db,1732738,753642,3993664,918266,833855488,731cd2b01749227df505625f09c38eab8542c5f26c8bc9dee17ef99579338cf6,2025-10-09 05:35:18+00:00,2025-10-01,1573a55a,1701ddb4,03fa020e049649e7682f466f756e6472792055534120506f6f6c202364726f70676f6c642ffabe6d6d252d3c2231f5d863d2a655b8e1a136e7c25efa50e484fff243c9e7e20506890101000000000000006a0489167048000000000000,4086
000000000000000000004e7f0008502182c10c4a22417b5725a7157cd962114a,1609295,794790,3993665,918672,571072512,032e36089b73b31d6747751cd86ffddc6caa90d594a7c93d50c969be23badbe0,2025-10-12 04:38:05+00:00,2025-10-01,2e8447e1,1701ddb4,0390040e04b130eb68537069646572506f6f6c2f313239382ffabe6d6d235ddf3f9dc2ea78fce53d6fd1b10bed08768e20188bdf17f507d80e0cb62f3c08000000e13017eb4a88e52d140bc4165278020000000000,2956
000000000000000000016befd9c40ec097e2fbbff37259b21f78d002b5def5d4,1743674,749997,3993665,917190,537378816,54f55e54611f95f8da39b89c24946947d20f6c4f71ebbfe69e7d5c9262553587,2025-10-01 06:20:42+00:00,2025-10-01,2f405e37,1701fa38,03c6fe0d043ac8dc682f466f756e6472792055534120506f6f6c202364726f70676f6c642ffabe6d6d44a9c7065253ca7429b6546b0db3770f7c2d845e82aec4583dafe802f4ee13b8010000000000000031925160e231000000000000,4857
00000000000000000000bd33bb70d3d9f967b25bddc254ec4bf05655adba119e,1669776,774630,3993666,918997,616054784,8e904b93b1434c468b16933f1e8525411d1c8f59c22aa958805a0343f2f58f73,2025-10-14 08:36:18+00:00,2025-10-01,27a272af,1701ddb4,03d5050e04820bee682f466f756e6472792055534120506f6f6c202364726f70676f6c642ffabe6d6d1cca727b798e8e6aaccb2dbfff47de416d31bba84551defca8bbcbb2046cf95c010000000000000098975f7ee068010000000000,3242
000000000000000000007b3e6e63b0eca15892bafd90c3f111143ce8e52b4b75,1568856,808270,3993666,918744,857423872,ec688102f34bf6eed7bb8940edebb782a52a54d342986e274f19e3ff7f4be5a4,2025-10-12 15:45:46+00:00,2025-10-01,7b1cc014,1701ddb4,03d8040e1c2f5669614254432f4d696e656420627920657667656e69693030372f2cfabe6d6d4a941a1b03bf4cf22b5a1e729fcd3e841346e62f831b7c7e7368c00d41ab5abb100000000000000010a096b10dcb7d8292fa0cd3727355020000000000,3564
0000000000000000000143be06f30c421ebd829a68d8d5904ba3e035ea277d08,1557972,811898,3993666,918065,917192704,f26e4f2465255d1489e83cd3994d1c30f9ea64f8ea0f20b4d28474e7b4667593,2025-10-07 17:58:44+00:00,2025-10-01,3fe53542,1701ddb4,0331020e172f5669614254432f4d696e656420627920776d7573612f2cfabe6d6d8b8aacd3ad48f09da55a526762e77eb602e179b416a50b6c9e9f35b957b8eb60100000000000000010137f22035232f54d9564b1094d00000000000000,3666
00000000000000000000fc859b5e51d8be6d58a105a0fc399d5e9968b9308032,1709413,761418,3993667,918325,536985600,6f62a6d6bedf382acdfa5520a874b3da44df9ac1370dcfe4f5fe0b4f53e1a7ea,2025-10-09 16:12:29+00:00,2025-10-01,c64ff3b8,1701ddb4,0335030e04eddee7682f466f756e6472792055534120506f6f6c202364726f70676f6c642ffabe6d6d8a4b1f2150e406231387f8ae076641e10afb0e97aefa356077e6373ea8fd0ef60100000000000000603737ffcf72000000000000,3760
00000000000000000000a8b1a596dbec2f9b9e5578ce83f4eaa36480c0cc1bbe,1599452,798072,3993668,919107,621264896,aa4ef3a73dd4f33b448df2bdc510fddf20cd526c2d4a63ee5cae6e6ac25a438a,2025-10-14 23:21:37+00:00,2025-10-01,792da566,1701ddb4,0343060e0401dbee682f466f756e6472792055534120506f6f6c202364726f70676f6c642ffabe6d6ddacd35722bcbf005592d66c4182d6e2688adf600a1d04be7b6e09455d9f48e1001000000000000005af7299ff418000000000000,6503
0000000000000000000198504b85faae393f3b0ee2b221d4389840a574d912fa,1619246,791474,3993668,918061,536920064,cd7613cb7487a49afb244520c6c6662216168aff4928d9c1c603656197a6a94e,2025-10-07 16:54:03+00:00,2025-10-01,4a71f3b8,1701ddb4,032d020e1062696e616e63652f6500c003d76f19b3fabe6d6d15e2a83dba41eaf9c96ee82d3857357ea9f9b6d152a7bf3331a6feb7669992cb10000000000000000000868f0a0a010000000000,3056
0000000000000000000011439f2d61715c3274362a4651b2335afd1ff3af7194,1637315,785451,3993668,919235,537174016,d6121dc83593a844b75247ff16b4bb6f0f3574cab6ef2b9ddff3d035dbf5c3d6,2025-10-15 19:56:04+00:00,2025-10-01,6d6925a,1701ddb4,03c3060e194d696e656420627920416e74506f6f6c208e0034013065cecffabe6d6db7d84bb4b77ae77f6944dbc63048c94ab9daa1f32cb02b9106967d815b2f5af3100000000000000000005c08110f010000000000,3151
00000000000000000001b46de99e546a6ac13f4577d1442172477c99eb025b86,1568010,808553,3993669,918422,575471616,0874c82112b57864c766ca24b977ac8bfd62e52308eac9712687c91e9d65c8c2,2025-10-10 08:31:34+00:00,2025-10-01,d874871,1701ddb4,0396030e0466c4e8682f466f756e6472792055534120506f6f6c202364726f70676f6c642ffabe6d6d3bdfddf964d99afb880a3b0d5b08b0772be67e0457bee3196e04fe4d1930bae10100000000000000717047fd5280000000000000,4709
00000000000000000000ac4ab40b584652184d91b8d67aa19d63bc2a42a5bb0c,1474680,839663,3993669,917638,537665536,87cd2b302d6e0b64b3826d73cd3988e86ada1e471e10980b2eff4c724f5063de,2025-10-04 16:45:16+00:00,2025-10-01,f9b33808,1701ddb4,0386000e041c4fe1682f466f756e6472792055534120506f6f6c202364726f70676f6c642ffabe6d6dc3354dce5ff72b93bbea95eb93f0d56191b1695f8b575e546c4256ba14e5e81701000000000000008b7bf3894e12180000000000,4058
000000000000000000004fbe8f9a344d19ff6b2a3917d3dadc845a5e3a0fd49b,1657884,778595,3993669,917398,598573056,957852e940a7f4ce6e103342493779568c540ebcf2fa3d38af0526e1d6b11e5b,2025-10-02 17:15:54+00:00,2025-10-01,a6db4a54,1701ddb4,0396ff0d044ab3de682f466f756e6472792055534120506f6f6c202364726f70676f6c642ffabe6d6de03a0d2819d503ac75ea185217de6e75ddc9e0c46a28018425ceda8e283cc18001000000000000005e5bd2f7f005480000000000,3745
0000000000000000000134e2b46c06ecb21efaaadb7c12448e2f8a74c27e130b,1591284,800795,3993669,919216,608755712,cb628a65a1890bbb89958d61c1e9fa0b480110752cfc7903378b3755cdf5d9ec,2025-10-15 16:10:26+00:00,2025-10-01,9545ca40,1701ddb4,03b0060e0472c7ef682f466f756e6472792055534120506f6f6c202364726f70676f6c642ffabe6d6d81e99779082dd5f68b033e5c3415903fa38d33867d73bbd4a36eac255ba172f00100000000000000918831761d06000000000000,6849
00000000000000000000d8091b4c03a7e229ae7a033ef8a066a3fce9137a6557,1715566,759368,3993670,918281,726212608,e0e91293f94faf75eff98d682038e7ad8b40c8390c66c5b8e561815eb92db8ca,2025-10-09 07:31:53+00:00,2025-10-01,bc5a72b2,1701ddb4,0309030e04e964e7682f466f756e6472792055534120506f6f6c202364726f70676f6c642ffabe6d6dd59650a5782e5fadce7472bc8af03e3959e33303e4d4a72e716a221f75a92de701000000000000007e3864c92a16000000000000,5894
00000000000000000001b79cc3c841166aae8f86525d27015edb9008682f34e7,1729966,754568,3993670,918067,862724096,500918374434f0f8038a3f177479fa15d2f54bc32f4a67318ec297dc163ed39b,2025-10-07 18:08:34+00:00,2025-10-01,7d0f1118,1701ddb4,0333020e043557e568537069646572506f6f6c2f3131312ffabe6d6d8aade58ff976c19274ff9283ccf39870a30fb1ca48c053feaee328e15a847289100000004969bf4b7ba479d182060a9df006000000000000,2310
00000000000000000001599ba838720b10d9c4fb9697b136518b7622645dc47b,1638689,784994,3993671,918378,583860224,ca7fe85fa260532bae1ab548f829e20a486ba496fd667b97a051c3e0f588b8ea,2025-10-10 01:59:46+00:00,2025-10-01,349d6068,1701ddb4,036a030e049268e8682f466f756e6472792055534120506f6f6c202364726f70676f6c642ffabe6d6df1ba2fd074692a69df2014f8bd4e46900a51468cb80e911c233ba449feb92c0c010000000000000078168f6a4f1d000000000000,3830
00000000000000000000b682637ef60d50482bd800d277c8b5f0ef0e0e16a295,1601942,797243,3993671,918324,587759616,4492be8b3712ea3f9096cbb6206b65a1dacc30ff9b7d1eb7a017002d2f010acb,2025-10-09 16:10:10+00:00,2025-10-01,2d0fc345,1701ddb4,0334030e0462dee7682f466f756e6472792055534120506f6f6c202364726f70676f6c642ffabe6d6d51deb28e3529a5f605135d234284ac75345bd8e1326c7d9efabaa3287d767c2401000000000000005f6db494000004edb61f0000,3713
000000000000000000010d41e7194fade9fcb6e8519897cd54a1ee3e62911199,1527110,822187,3993671,917828,559890432,5658dd59f7e4b16ee5c4c1505fdbc0afd17d7d79d54a2d56dcc729572ec92124,2025-10-05 22:45:22+00:00,2025-10-01,793dc24c,1701ddb4,0344010e04e5f4e2682f466f756e6472792055534120506f6f6c202364726f70676f6c642ffabe6d6d230d9cf065cee57aa41c5740bbbb840606fa9bc9068dcb03cc54684c80bf579901000000000000007d90fb8a0000000000000000,3212
00000000000000000000cdc8439957dcecd838f8735abb4abdf3f5ccecc4da22,1602500,797057,3993671,919111,536920064,291d23feb15183cc737283f1d2cc2af5e527c469e204734f4d6d2e425e5bdedc,2025-10-15 00:02:36+00:00,2025-10-01,d2e8f7ef,1701ddb4,0347060e04b7e4ee68537069646572506f6f6c2f3733312ffabe6d6dc7022b9559595421c2488241f5020fadb5843df74a862628dca20fbc4387f76410000000a737bc51d94334dac2023c59ba21030000000000,3689
0000000000000000000023289433474aac555b4f393f7baefa2fdc583bf32cd4,1619649,791341,3993672,918828,638132224,996b7a5694adfa1a24eeeb7f31c66ec65fd81d5853f730c706316daa048b9796,2025-10-13 07:23:05+00:00,2025-10-01,923cc9b4,1701ddb4,032c050e04d9a8ec682f466f756e6472792055534120506f6f6c202364726f70676f6c642ffabe6d6d1cb425a85752ba981118ab9c7304eae6970ec106b91292ec7f5a5be2ff0a2e750100000000000000916f123300000b9025ec0000,3299
000000000000000000018aa6d6c5da60dd5cc3090b742e71e63db6cb05485658,1609480,794731,3993673,917896,537165824,4317bd2e8308d116bb829a5e88877b99313b85edfe73d168a2d54fdecd7e8c53,2025-10-06 10:50:29+00:00,2025-10-01,64f8195e,1701ddb4,0388010e3642323a203078373833633366303033663137326336416335414337303032313861333537643244363645653261327d001b01526cc1f2fabe6d6d41525f8c5fc304c9ee51938ee1b76ba75179bddf0000f3d606a7010000000000,3318
000000000000000000018744524976de54abab899a66708b8c6e251928d28c50,1686629,769015,3993674,919276,696672256,cc5a73e9ce0e21b4a3b3aa2969a542d1637d6b873837ea04ee2a89d7b3613455,2025-10-16 03:11:47+00:00,2025-10-01,b6615139,1701ddb4,03ec060e184d696e656420627920536563506f6f6cac001106cc38e60ffabe6d6da3bd4d4edc7693c8e68e565bd2c1f5a593d4cffd39c4b78a101a20b68c020f1510000000000000000000b2429721000000000000,5653
00000000000000000000a81263a827081170d33e47187e88e66d6dfe1a475689,1526752,822308,3993676,918550,628736000,08cf3001d87f2c82172097eba5fe6a3ba178f2c0e3e295c7691e3a93ebb9de49,2025-10-11 09:15:45+00:00,2025-10-01,c7f081f4,1701ddb4,0316040e044120ea682f466f756e6472792055534120506f6f6c202364726f70676f6c642ffabe6d6df78474ee2c0edce0965c4296a71527d488de7062ccc3059f3b4fa74f85e8efc201000000000000007096fbd24d84010000000000,3168
0000000000000000000123b8fee85bc9019e8fca06c7f61c8fa2245d79d57e06,1642519,783719,3993676,917499,644235264,26dfc0cc5f54ef5206134a40ace6a4730098516563072200b72f3cb3469d872b,2025-10-03 12:14:51+00:00,2025-10-01,a9b89605,1701ddb4,03fbff0d043bbedf682f466f756e6472792055534120506f6f6c202364726f70676f6c642ffabe6d6d81ed7c9fbe74a6925d3847250050c93ef55ed47a3b0eac459a576fef5ee3a01d0100000000000000756e797f0000578fa8020000,3797
000000000000000000002a35f1bef54c1b277e4ecc29d7b419bf4723a425d552,1535689,819329,3993676,917411,588505088,779737769527f196f97413203a3f59d63ac74e1d56795221360f2a88dda8ee7f,2025-10-02 19:58:45+00:00,2025-10-01,a55de605,1701ddb4,03a3ff0d192f5669614254432f4d696e6564206279203231736e7732352f2cfabe6d6d768f530994f23bddf94f6774b084f0109030200f93474e257f100dc7e3ae37dd10000000000000001063d91d0573bb1be82e6507e8a854010000000000,3851
0000000000000000000175b2b2a56ecdaa1452063bd6376a2771ab78fe380ddc,1587349,802109,3993676,917586,576798720,015546df157735de3525345743e939881040aa60f796517c70084ef95adf7e0c,2025-10-04 05:40:11+00:00,2025-10-01,3b6f96b8,1701ddb4,0352000e194d696e656420627920416e74506f6f6c208e001305dd7d51f8fabe6d6ddc17cff32c53a1c019e1672f4e5a01c25158aeae9acda292eb7207e8fbcafd5c1000000000000000000018617053000000000000,5887
00000000000000000000badca61b1fe8d2570f792f80e3da11e4a4bb0176b16a,1569931,807915,3993676,919184,692592640,48e41865b923c5596b209891f4c4ee9b8251c67fb9934782a321cb2e57432ff8,2025-10-15 10:43:11+00:00,2025-10-01,1a19610d,1701ddb4,0390060e1a4d696e656420627920416e74506f6f6c20cb0108016aacad6001fabe6d6d41a47c7d0ecb88b6b372e96cc284c21ebd0c3163b4cd29c83b74b80cb74ad3251000000000000000210c00002201000000000000,5464
000000000000000000015aae26977be41bf93e65beade560442f6126ccb287b3,1628459,788406,3993677,918825,550133760,ae6acb9f704aa5f6a3ce5d60346b7ec9ea77d39bb1457534271b519b5adec575,2025-10-13 06:51:51+00:00,2025-10-01,c63dc60c,1701ddb4,0329050e049fa1ec68537069646572506f6f6c2f383838392ffabe6d6d43f3e9e20cef2832b3ab5562fef4e5ba2d525a9bcf074a72089498ff6bbd6ab408000000e13017eb312739be090d6e33ab2e000000000000,3011
00000000000000000000a777906cfb7c36f35c37e1c2d0ebe15ab1fe10ce21cb,1448090,848529,3993677,917449,639164416,0f049695a336ef5a0260f14026c9565781373afb2a7f1428185775cbed8369a8,2025-10-03 02:19:20+00:00,2025-10-01,448cfe77,1701ddb4,03c9ff0d04a832df682f466f756e6472792055534120506f6f6c202364726f70676f6c642ffabe6d6d8aed7c1d585ff375e8d6f2aca706738e2e6696c71a625749a08e972060894a5b01000000000000008102b534f510000000000000,2640
00000000000000000000085504b3261f9cf11339c234c9c1b8b238f68c32c5aa,1516758,825640,3993678,917913,586719232,06a40a8d93366f064a6316929aaea05b4f62306a312538ea3bdb42f5fd32f938,2025-10-06 13:25:57+00:00,2025-10-01,e2317c54,1701ddb4,0399010e0465c3e3682f466f756e6472792055534120506f6f6c202364726f70676f6c642ffabe6d6d37c8169ac9d4b0a60049c793f219233c96935ef1b0ebf00529fc5219015e6a4d010000000000000063ec7d3fe3b0050000000000,1728
00000000000000000001287e25fccb5d9893a5052f89540d9db8835e316d150c,1529542,821379,3993679,919067,600088576,bfc701952f854ab21419037f576a45c3b98b861e88696cb00123775f66ccaf3c,2025-10-14 17:48:51+00:00,2025-10-01,1a2d0593,1701ddb4,031b060e04038dee682f466f756e6472792055534120506f6f6c202364726f70676f6c642ffabe6d6d108dc8e3c16396c07f66869ef65bf9fb5924048da46d67f8a195e036e1a5885d010000000000000075f56873db1c000000000000,3142
0000000000000000000185f09362e99f92241efb293ea627a02de8782c2edce0,1778545,738378,3993679,919152,536969216,b51c9bd054ffb186ddce666877fc99482f164f7283683e24f707ca3c301b20a5,2025-10-15 07:18:07+00:00,2025-10-01,52f6150f,1701ddb4,0370060e04c34aef68537069646572506f6f6c2f383831382ffabe6d6d772931057e1757a7ed5178daebc135f848b401b4a8ce15753d525fac866bfdce08000000e13017eb54b238051d142766c698000000000000,1716
000000000000000000010564ce3bfaecce117ce51d6be71d46385a0a563c0ea8,1537979,818567,3993680,918452,796286976,b0732b06e0ad390c7cb6173a5c716151c2acf07981d73606fd47a436ecbb8a05,2025-10-10 13:47:11+00:00,2025-10-01,214bb8a6,1701ddb4,03b4030e045f0ee9682f466f756e6472792055534120506f6f6c202364726f70676f6c642ffabe6d6dc373702037bcf70ffb71a5258b63926d6df56ef79e025a615802281f72c1483d01000000000000006a5f4308ee51010000000000,3258
00000000000000000001b78129a997c5f6fa39e276e8c937eb2ece37e3e87457,1685997,769228,3993681,918003,540811264,921d4c3bc2bb61f26184febf4e803bbf425c1c4baf0ee576f20f463dfa4702b7,2025-10-07 06:54:52+00:00,2025-10-01,1d76d90d,1701ddb4,03f3010e041eb9e4682f466f756e6472792055534120506f6f6c202364726f70676f6c642ffabe6d6dd94bcbbebba2f9ca269e991da857c3a435e806fb30b13867324191925a21e093010000000000000055ab528217c2000000000000,4789
0000000000000000000044f6eec2eb8bb3c7f8679fde1135783394e06cfef706,1542084,817199,3993681,917545,624828416,fc7a82afe4ad149d09fe5ddc72f4032bccfe6ebb0d813b09b52b5ddcb8feb689,2025-10-03 21:55:39+00:00,2025-10-01,feab4468,1701ddb4,0329000e045b46e0682f466f756e6472792055534120506f6f6c202364726f70676f6c642ffabe6d6d2f7f9ac6f885ddeeecb06a57f55666846ba027c11a5bb59b85ae6b69e06628730100000000000000656f2bf87a25000000000000,4089
000000000000000000016ff248b48f931dae19460add8a09ae3fdbc1433f79c3,1537147,818845,3993682,917836,620978176,bf719647ab806c6b311616441cf681349caee2ac2b5b1fabb36216ad7347b08f,2025-10-05 23:57:13+00:00,2025-10-01,58ae318b,1701ddb4,034c010e04d905e3682f466f756e6472792055534120506f6f6c202364726f70676f6c642ffabe6d6d9be2b3cf84f27a17805afbdd946d9a39c757cfe4d965aac87d6f74418d3209f20100000000000000896dfb112d53000000000000,5757
00000000000000000001bdacc2e3227a977c57b1bc50df0581b67a7d45614b49,1828475,721736,3993683,918410,604422144,817830e59baea4d681dd9be7c51dadfb840ab32cc0c5c483a3ca1e5f50b34a8f,2025-10-10 06:31:29+00:00,2025-10-01,fa9e817f,1701ddb4,038a030e0441a8e8682f466f756e6472792055534120506f6f6c202364726f70676f6c642ffabe6d6d3ea816c42bf671a2041ea34c8fe17f2967a64e7b8190c25dd68c937a9e4ab0ce0100000000000000806bec974711000000000000,3055
000000000000000000011840a82f0a5e06b02ebb64c6ec16a52c4ee99fefb724,1583990,803231,3993683,917473,538288128,b7b7ff5e3f5a49f6db3cd129840b6da5979f65d7d9f9539b47887e518630ed3c,2025-10-03 07:01:57+00:00,2025-10-01,1f229b4f,1701ddb4,03e1ff0d04c974df682f466f756e6472792055534120506f6f6c202364726f70676f6c642ffabe6d6da421be075a4f7ed90b71fc42cb43b9a80c254fa998b84fc16a48423df7d586390100000000000000596f90cf0012000000000000,4090
000000000000000000011e0124283e6984364957fefe4757d4129256a0606e77,1738035,751883,3993684,918801,616308736,ece7cd20148b78a9b84d8ffc2b7bb3d778b6833bd0f1b9cb6e3a3db6ab1c2c63,2025-10-13 03:08:54+00:00,2025-10-01,4b3bdee8,1701ddb4,0311050e04466dec682f466f756e6472792055534120506f6f6c202364726f70676f6c642ffabe6d6db42096e9ef0784d7358743d22cbf3845c2500ddd123272fc55b05128f39a0ab6010000000000000077df21120570000000000000,4178
00000000000000000000441b1c8cb0a847b4d2e729ef3ad80d1c278d20d5b412,1610491,794398,3993685,918571,633470976,2d23fecc4e4d4bd03c75685ddd850648be2daf7b93892b4c7d0316213164bf9f,2025-10-11 13:21:37+00:00,2025-10-01,42f2f1e4,1701ddb4,032b040e04e159ea682f466f756e6472792055534120506f6f6c202364726f70676f6c642ffabe6d6de0504307417a699adc488bf7132a0aac87eeae54e2268a28ceca313a52c4a39901000000000000008792678bc6debb0000000000,4078
000000000000000000008ae1a0f2d034752dcd1f85c227409013b45f73a67c2c,1600129,797852,3993685,918530,605405184,5e2a0bf5b7fd4a35cf4018588885f4616b7f09573e4caebf1e8b0cf02b3735e1,2025-10-11 06:54:19+00:00,2025-10-01,b1f6eafb,1701ddb4,0302040e041bffe9682f466f756e6472792055534120506f6f6c202364726f70676f6c642ffabe6d6d32bfbe375e0db2a73810d7f7d8d0cabefbc744d78a01f65ffefc9c7070f88d8801000000000000007893a877b64bb30000000000,2533
00000000000000000001ae55d8213f8cfbcaac80b08e299e143e8beff5d7f5b8,1592977,800236,3993685,917611,651255808,2bb0adc330790d9e993133f0c3a8f3ff5e88e54ba0b31ecc8da9fe6a09de3164,2025-10-04 10:45:48+00:00,2025-10-01,8a5abe2e,1701ddb4,036b000e194d696e656420627920416e74506f6f6c208e0004024ac89a5bfabe6d6d68e23843ab9d1af82f6da49dce5803682590d14d488c3fd4373c1eda89e65dfd1000000000000000de1000006df9010000000000,4016
00000000000000000000120dfd073d990a555e4b1dd9a058fcae8a64daf58e94,1607542,795381,3993685,919278,577658880,9f46acab092602cab1f11fa633eaa5b3ba1bf8c046829483340baa36eb7d4086,2025-10-16 03:21:58+00:00,2025-10-01,9ebaf215,1701ddb4,03ee060e04d664f0682f466f756e6472792055534120506f6f6c202364726f70676f6c642ffabe6d6d95d8ff1ece1fabfd34bdab25d4ab2e0c433a00fd2aa34500277842b5ee09409101000000000000007f311a6fcd01000000000000,6800
000000000000000000010a2804fb088bb0bb560db4e46ebc27453431ae22ea43,1714115,759857,3993686,917959,639270912,abf09340c3330f01b9b5030bf0b2e3555cbe57de33db9cc031bb013322747e7f,2025-10-06 23:54:57+00:00,2025-10-01,961aa097,1701ddb4,03c7010e194d696e656420627920416e74506f6f6c208e0002006afa1014fabe6d6d2b1a9e3d3ea6d2a269fda06e9e7702cf848c60783340641bf7333083754100dd1000000000000000750100004eb6000000000000,2644
00000000000000000000b8eb43039e7bfc1fc7057e2e255c55e3ce6417629246,1772466,740407,3993687,918907,537272320,2c9b9ba9cb8927c0810492bb5879508eea30d9e29d21b8535b093321191b9f10,2025-10-13 19:34:00+00:00,2025-10-01,c8234a35,1701ddb4,037b050e1a2f5669614254432f4d696e656420627920626967677962656e2f2cfabe6d6dea216464643f0ac79867e2057c9d8e7df114a0dd7fa070fe3bc6e1c84901b4fb100000000000000010c8cdb60493dbb5236669af35e9f9000000000000,1870
000000000000000000007730ed03ed2c12cba198caf3893d747327b9ec1ab410,1654968,779573,3993687,917768,555163648,5e2aa4b43ca2b31e5b25004e2d7be71ff71802ea7160da02df72592f5f2f816d,2025-10-05 14:21:06+00:00,2025-10-01,b8a46be,1701ddb4,0308010e194d696e656420627920416e74506f6f6c208e0029069ac43cdafabe6d6d9325c2f5d11c5a5320b736491141a5a716decbdfe2602d8c29fb8b8dfb90e9991000000000000000431200007354000000000000,4557
000000000000000000009e33c4ba750e3a9868e314cb3f66573e3af3ec5fda43,1595037,799550,3993687,917812,600563712,940b3d2b748b11f1c488328f59497c0663f05417fbb6c7e4bc44e202ffa69662,2025-10-05 20:40:24+00:00,2025-10-01,30a5850f,1701ddb4,0334010e04b8d7e2682f466f756e6472792055534120506f6f6c202364726f70676f6c642ffabe6d6d1679131148a12fc56cd409c21ccd331540ae230a57b53781b23204f8184ba46e010000000000000075678aae4f12010000000000,4428
000000000000000000002d3358f0cbb55f3ed85d69e379e4647e75646e81206a,1733209,753493,3993688,917616,619429888,145b351ee52c570e8a287557269d61923c4e85417f5d53dbd1fb0a3a8e0127a5,2025-10-04 12:34:25+00:00,2025-10-01,8eb33f71,1701ddb4,0370000e045114e1682f466f756e6472792055534120506f6f6c202364726f70676f6c642ffabe6d6d377a219515c7f287431bc0eba1d5df1c69cab814c0b447b211fd03a21f04b8c801000000000000007f8800ca655f000000000000,3373
0000000000000000000120cc61bc126d504c6f2ed5c6159e9c074488333cd787,1407056,862211,3993689,918952,537632768,5e8e13739444f4b120f5d13e7724852986d2f3baf06afafc7453cc0cbaf922a8,2025-10-14 02:05:54+00:00,2025-10-01,facae376,1701ddb4,03a8050e184d696e656420627920536563506f6f6c2f006d01aeb28a19fabe6d6de08327f9013cd09197dfbeb884bbd6174a3c148405304adf339ed395095483ed10000000000000000000e2139c5d0c0000000000,2867
00000000000000000000da614c72e681a2c779a1994d166861bf7b7162fa119a,1554233,813152,3993689,918094,857645056,56946aeaa735f84a5d8e6efcb3e6b49b9d6fabd2a542df699a92d4fb3551179d,2025-10-07 23:21:24+00:00,2025-10-01,f4b19e0e,1701ddb4,034e020e1d506f7765726564206279204c75786f722054656368e500120761f673f7fabe6d6d813c33f35a91a14a4742f286b9792d7012eda43b01efb2d469e682b78b5bd38c10000000000000000000ed5000db5a0100000000,3016
00000000000000000000cf00923d03261f5fce986b17ed46016123010567c831,1561740,810650,3993690,918318,578314240,bad7db2cbfef3c72ae1c6ee95402443e36bc979335682bc421157a43bff390c3,2025-10-09 14:14:29+00:00,2025-10-01,ed8dadd1,1701ddb4,032e030e1e506f7765726564206279204c75786f722054656368e5005a03a456684202fabe6d6dd5be3055051526fa4a34999940409b5b1048797d3aba79a22015614b7206d2d31000000000000000000022070000000000000000,3917
000000000000000000017ac4627a16fe9392cc3a81152d7c074d2a9bdae6c24f,1832103,720529,3993690,917320,584794112,12275a5a34be963fc35706e6f785ed3f7b96ddf181151a59cfbb4c411240cb9b,2025-10-02 02:51:11+00:00,2025-10-01,8def3418,1701ddb4,0348ff0d194d696e656420627920416e74506f6f6c208e0026019b151e41fabe6d6d2cfb24c2dfefda013752923db9b2be7643f7c5ad7114df16398a66681227fa4210000000000000000000cfdca1d53b0000000000,1529
00000000000000000001008d2756058b76bd8364981b109734a84f65d56f4385,1681119,770857,3993690,917165,537600000,495a32105a0677dd7ddfb171af72678eba46eed72c54684fbf192a78a3426d90,2025-10-01 02:39:14+00:00,2025-10-01,6d9eea60,1701fa38,03adfe0d194d696e656420627920416e74506f6f6c20f9008c0193d2ba9bfabe6d6d905e8765ac2acfbddc692433c227d4131edea82a6b1ae1559cc2e5b46135379b10000000000000000000f01ef30b000000000000,5863
00000000000000000000c2fba52cf1dac288eb4768d1ab9621d1099b57853482,1633711,786660,3993691,918892,592781312,e3bd21538adc629a64ac1019b5ef8c7e76bb6477ddd1aebdab465388fc36a583,2025-10-13 16:21:36+00:00,2025-10-01,24f98b55,1701ddb4,036c050e041027ed682f466f756e6472792055534120506f6f6c202364726f70676f6c642ffabe6d6d4e713110ad40a7ac653bbc74a48297e3f2da5405cf6c8ea71399b5b15eed85a20100000000000000796fa70d1617000000000000,3227
0000000000000000000150f91ee49d065925df31e284c0f36c2781b454c1dc8a,1606066,795875,3993691,918645,537640960,bc51b7560d2ee2403f102f2b4e338b531b22b01f38ea880160c195e5c5e7764e,2025-10-12 00:05:14+00:00,2025-10-01,a0d3ad4a,1701ddb4,0375040e04c1f0ea68537069646572506f6f6c2f313239382ffabe6d6d35a0cbd2a63329078cf706239fc20114e161d4510f30298b2b8ec4690edaa7eb08000000e13017ebeab7acf302051f81dffb000000000000,4978
000000000000000000004ce97d105f3acc011330c657e557cb7802185b7bc779,1919737,691318,3993691,918690,572514304,07b4932daef9f2aa354f4f19fa971800637a4523d11e8cfa8bb1288d471f42ae,2025-10-12 06:44:46+00:00,2025-10-01,d1a00f09,1701ddb4,03a2040e045e4eeb682f466f756e6472792055534120506f6f6c202364726f70676f6c642ffabe6d6d16cb2b0d3d144422d1e6f1090232e0f722af5a6816dae9e3dc0a37869145b1da01000000000000006f93a922bf17320000000000,3810
0000000000000000000156963ce4965c85cfcf7a7ca6061b9ac79d28414f28f5,1730821,754290,3993691,918375,537231360,d2971f54ded7f7bf36472798b96b20d810b76790d4d43ad3b658cf28b5925297,2025-10-10 01:16:03+00:00,2025-10-01,3f2a0198,1701ddb4,0367030e1a4d696e656420627920416e74506f6f6c208e00060490ee0a5901fabe6d6d66cadda37ff725589722e83d14871411752e9d99bb24324521f6a51544e492b71000000000000000eac9000061e4000000000000,3987
000000000000000000018e413d90806a0bcfa1cfc7c534e437c74a73a946ced6,1782880,736937,3993691,918198,537223168,1e0164fe9b76101a3293cc039584a016416087ec61167dc0acb1cb869342d9a3,2025-10-08 14:49:41+00:00,2025-10-01,bc6bd3aa,1701ddb4,03b6020e04137ae668537069646572506f6f6c2f3730382ffabe6d6dfdc7fe2ffba8f2b01e4556a161bf7430d5f4e517acf699a3f39ee86bedf9704308000000f7c6b0ffcc8813f90e0bf0dbb4a0000000000000,4259
000000000000000000008e2ea2a56daa16f311be43635d8d0737ec8feb20f0ae,1733107,753528,3993691,918186,537591808,94352056b697293a55729676eefea55a1f0d1b9c1502d3e322cc5ad53e7c8862,2025-10-08 12:50:46+00:00,2025-10-01,96736b9b,1701ddb4,03aa020e1a4d696e656420627920416e74506f6f6c208e000b05836a0fd902fabe6d6d8dfad9aff826f6c032b28bf67c9bbfabcde800566f18e027d365cd92c18376fc1000000000000000177600000607000000000000,3777
00000000000000000000d778b89f001039dda7e0dc198624f47b0ae70926b7f6,1549417,814758,3993691,918048,821526528,da3fb58df014f99aec81fb934e6f77a5c876fe92509e22f5fb9ff238d59106ef,2025-10-07 14:37:47+00:00,2025-10-01,96d8b028,1701ddb4,0320020e082f5669614254432f2cfabe6d6dcb60e5eca0e2d29627fcb6c0896e1bc67c7e4e92aaf0fd101996275d1928dbf8100000000000000010484ae205669c8193abd1b2204904000000000000,3997
00000000000000000000678367b7a2b08964d6ea6c10b289c2be4056f2e2d6a2,1882049,703881,3993692,918311,571998208,10f5c6922aa510bbb3d5819ef7fb9bb7cd24afc63f5fcb7f42acb2b4c7f694d8,2025-10-09 12:21:54+00:00,2025-10-01,c8fd166b,1701ddb4,0327030e04e2a8e7682f466f756e6472792055534120506f6f6c202364726f70676f6c642ffabe6d6d0c5ad969d4742f2038672bfadea7f1149f32c6252a6802d6d6897a8fb0d2e1f501000000000000005e6e3dcc0907000000000000,2173
00000000000000000000796afb6dcba8d1a988dc21dc33423608c7a64949c790,1584575,803039,3993692,918230,536887296,deb2ba4541ff6fb125e3c0d8a4eb8f7f883f909699bf175b8015841b19c0dd12,2025-10-08 20:50:16+00:00,2025-10-01,145b0403,1701ddb4,03d6020e115768697465506f6f6ccb01a9042ee57ad5fabe6d6daa285d498b07e63c98f2e3dd2512f3575b7d13e8b946b3b87f88168dcb10748210000000000000000001028f3008010000000000,3003
0000000000000000000094d4ced7a3d5b2e4fb375702669bcaafe53354ccfa25,1637156,785512,3993692,919257,537059328,c0b7ce4435ef0c38e40dd748a13198c0a8cf42deace7d722317c649f9fcdb685,2025-10-16 00:20:10+00:00,2025-10-01,246d5e41,1701ddb4,03d9060e043a3af0682f466f756e6472792055534120506f6f6c202364726f70676f6c642ffabe6d6d513fc26b58f03f6c6b37ac941798b568b1749f0ae8d3f46f2ec9a3c50d22f4ec010000000000000063301e608f96000000000000,6438
00000000000000000000d8ff29a143737d777e493b454d99fcdc01eeb4e79ff3,1601229,797488,3993693,918189,543948800,364ee7d9433e48dcd6ac99af9b9be8915eabe76151961a53520ce43e906e930c,2025-10-08 13:16:34+00:00,2025-10-01,86964d0f,1701ddb4,03ad020e043264e6682f466f756e6472792055534120506f6f6c202364726f70676f6c642ffabe6d6de78dacc95b9db569897b70dacdf6faafe4c2162dbea1c1a4d45066277c7798cb01000000000000005b19b63d00000f1100000021,4006
000000000000000000000d0e0f1ec04510db0d8622c0c001421bd3c6a36e4b89,1699407,764762,3993693,917436,699006976,4b551736d715ec6a2de34f578cda0ca7bcb64c13321af6614825bfceac58434f,2025-10-03 00:05:30+00:00,2025-10-01,c3fc0518,1701ddb4,03bcff0d044a13df682f466f756e6472792055534120506f6f6c202364726f70676f6c642ffabe6d6ddb8db5d13183cd41f7b33551f2148cf47657a591eb66e9789218e6c47cf1dedd0100000000000000976ec75e6dc7000000000000,3160
000000000000000000013269f0a8e272cc0996394e8c4b06fca946b3d045d726,1755552,746047,3993693,917297,566902784,f5b2f5526625eea026da73173f812741b29fd42b57cee726dd5d9b17d1b3455d,2025-10-01 23:12:02+00:00,2025-10-01,e4a15f3b,1701ddb4,0331ff0d1b4d696e6564206279204c75786f722054656368e5007a064c87f7bafabe6d6df0ee3729c995b2e63cb22f50e75656008b61c1cd4a9b77f17c46543d4e9155e1100000000000000000002f850000000000000000,2994
00000000000000000001aae236141f8b0326eb9c35c4b54cab2f3e315f283163,1586712,802327,3993693,917278,682426368,984958692469e2e0a8b9723278e3bd56718f27f379cc3831d46e527f180ef160,2025-10-01 19:49:04+00:00,2025-10-01,67a6069d,1701fa38,031eff0d125768697465506f6f6ccb00d406041ecdf001fabe6d6d4577615ab84cbe89dbe349b1a273f800fe50c4cac93e3d876cb848e4766cba6a10000000000000000000a5f65b0d010000000000,3588
00000000000000000001a9e7119c66068e48ddd42ab8445cece6329d9a21c425,1602304,797130,3993694,917470,790126592,43c1b483a6008ff1d01d3b386f3234ef31129ddb823a5b716bf40c48f71e83e3,2025-10-03 06:18:31+00:00,2025-10-01,bc159e06,1701ddb4,03deff0d04b76adf682f466f756e6472792055534120506f6f6c202364726f70676f6c642ffabe6d6d9867268c5b51f5105fc4cad889e1f96f35d52296fae5b56c31e0d5f0956722ba01000000000000007b58f3700700000000000000,7009
0000000000000000000066dc89eb1f502eefcdf15952af6539df05ff26c87f55,1476968,838909,3993695,918798,537116672,2b1b8d193746247dd2904663d0af6fd80ef97384c62d895f849681768035e9da,2025-10-13 02:43:19+00:00,2025-10-01,5461d8e7,1701ddb4,030e050e045b67ec68537069646572506f6f6c2f383838392ffabe6d6d2dd132653078c26c7441dad82551f70ebc6b5d8886455b5b9dd4829cf7b1ac9908000000e13017eb7cb4004c150b32fd60d2000000000000,2533
000000000000000000009a072c3538973218c8142c82faef49f742511e9a730c,1539113,818194,3993695,918107,550928384,41b87c45b6398cab3717b27bf83059426c09a05f0270797eee37e4e4af5d8031,2025-10-08 01:10:49+00:00,2025-10-01,47f5aa90,1701ddb4,035b020e0434bae568537069646572506f6f6c2f39392ffabe6d6dadc1ec49229c6d69b6bc8bca180aecce5a72863343193b6714ba2a4824a7f5e408000000f7c6b0ff152411e40608f2f66413010000000000,3568
00000000000000000001a2f9c949e4dfd5221d1a115f57dfbd45172808d1574b,1529435,821420,3993695,917793,565551104,08fea97810793eb6ba7be61ca49e605cd548b896e65488a5bea7fca730780b90,2025-10-05 18:10:45+00:00,2025-10-01,19132b75,1701ddb4,0321010e047eb4e2682f466f756e6472792055534120506f6f6c202364726f70676f6c642ffabe6d6d0269b8bc6c4fe6f5f2baf30132cf4a2207e881fe31a0640589e4ff8c019d0db401000000000000006e6ff88b6661000000000000,4090
0000000000000000000143092abc5339b62c48c1831f6a5a4938a9ac89911170,1611386,794103,3993695,917761,612704256,2bbff28e7317c92299830bd56d789bbc331299947b3fc2a601f977cedc3a1f88,2025-10-05 13:26:07+00:00,2025-10-01,9e44ca5e,1701ddb4,0301010e04ef71e2682f466f756e6472792055534120506f6f6c202364726f70676f6c642ffabe6d6d4942db3db9cfeeeb6d18bb742eb45c739c91d7a5e96450809c39fdaee40c0395010000000000000059c3fd515310000000000000,3258
00000000000000000000134b846636bd973cf42224378fbc8951e77a09c0c269,1827378,722106,3993696,918408,537223168,684219a3f226e82594e00178f6fbb171e82644401eeafeff1b1ff11667325f61,2025-10-10 06:20:39+00:00,2025-10-01,8609b326,1701ddb4,0388030e194d696e656420627920416e74506f6f6c2044000201fddd85d6fabe6d6d2383b33559db7fdfe9d8fb3cd90abffe40eeacb10b3c92876b8b22db46f10409100000000000000041e80000824f0d0000000000,3518
00000000000000000000035afa2582f299ed3bd8412a98f2c9e706dc32f97daa,1587486,802070,3993696,917510,709992448,520dde490a18d989eced601ad0596687e224831c195b9c22620e1bdf45763016,2025-10-03 13:53:42+00:00,2025-10-01,9520140c,1701ddb4,0306000e192f5669614254432f4d696e6564206279206e6476316e65772f2cfabe6d6d78cce7d28cd9c55fb007d3f3401adf602fb1dd4bda081032c14d15396e00a02210000000000000001021e4bb04ca31ce2521ccbc910c00000000000000,2464
000000000000000000012c2f25d91cf57a286d40865457c6cedc21b3fed075fc,1570875,807607,3993696,917455,593813504,c138c3df613ef0e05302b4edcafca786bd6136e8ff2fe6f75586009e21eca919,2025-10-03 03:46:20+00:00,2025-10-01,d2aac0d8,1701ddb4,03cfff0d040c47df682f466f756e6472792055534120506f6f6c202364726f70676f6c642ffabe6d6df99de93e947c81d30d8d9b5f0113490f561dca3f48633388dfd4107d93ec6cab01000000000000008177143f6811030000000000,3469
000000000000000000008eb4842d1e48ff4f4d45d43271ef0b89edee858ebd95,1590529,801056,3993697,919051,738402304,7971f36c7c663a677884e2ced80b3b9576ed307a6defdc6b8d9844e44587b321,2025-10-14 15:41:14+00:00,2025-10-01,a1739657,1701ddb4,030b060e041a6fee682f466f756e6472792055534120506f6f6c202364726f70676f6c642ffabe6d6d580713a539479943b87ba0bf8b6aa44bfd59f647124c19719bd884f7b811910b01000000000000008b6580abd572010000000000,4333
00000000000000000001524a61ebea1ff742493495b28e28b649ed841745ba63,1521058,824213,3993697,918046,580468736,ad531b112a7f4510e5c48d6b2f005f7203b7e9dbfa740d942cca35a1cb5fb0b2,2025-10-07 14:08:18+00:00,2025-10-01,d21d1d,1701ddb4,031e020e04d21ee5682f466f756e6472792055534120506f6f6c202364726f70676f6c642ffabe6d6d93ae56bda393d5462fde87dafbbff5447f06e5f1994e083ee5b8655ad78ff06a01000000000000008970c6621cd4ff1402000000,3973
000000000000000000015efe51bd83f93076de1cc176d0637b126933cee5328c,1578316,805127,3993697,917542,536969216,4bd8e13a36601f5f6332c600b389f53ea394cf2739ada3f51fed18820f1c4a3d,2025-10-03 21:14:19+00:00,2025-10-01,fd7a4bc3,1701ddb4,0326000e04ab3ce0682f466f756e6472792055534120506f6f6c202364726f70676f6c642ffabe6d6de6ed7920e7ba32a2f76f039806de669a1534737563f1b81a4b6b713d1c0fa3a60100000000000000756f830069b4000000000000,3372
0000000000000000000087a9bf0bef6ed82ea2595ae353d0dac24ac6968a5963,1976701,672332,3993697,918036,545734656,b9bcca2eff3d726170c857542dee81a151f97fcf08b8cd600242561d2f2580ba,2025-10-07 12:17:19+00:00,2025-10-01,c8797d37,1701ddb4,0314020e1d506f7765726564206279204c75786f722054656368e50020017477d04cfabe6d6d9e0023c6b8e379a2a71fa7d35a4d5e1601ea54ef1489dfb3facfcfc41a3946fb1000000000000000000085bf009d050000000000,2833
000000000000000000010484ae22f7d72b21179f32afac4439bc1e658ef106fa,1457755,845314,3993697,919229,584876032,450d2b9cdaa2ea8d2d3d190df7d8bf337917ac998fccb1d1f47058f306113acd,2025-10-15 19:01:12+00:00,2025-10-01,f33a1a14,1701ddb4,03bd060e122f5669614254432f5472757374706f6f6c2f2cfabe6d6d497df8f8cbbda87df6a64c4974559d222c71832277fd7baab7c20bbae679ec591000000000000000109019b604606d5c5949735fab7954000000000000,1926
0000000000000000000096b58121c3ab0e831ef018a8448d4991a982c25c0eb1,1724741,756319,3993698,917741,795688960,f632ecfeacfcbfa8c1d9e121e4d795272206b8609a58e436d083decccd960364,2025-10-05 09:38:31+00:00,2025-10-01,4c7bc87a,1701ddb4,03ed000e04973ce2682f466f756e6472792055534120506f6f6c202364726f70676f6c642ffabe6d6d51a0581b83e1a370c720606dae1acb9067f124ae5a0ba541ceaab57d0139c53001000000000000008bb153a41700000000000000,2928
00000000000000000000cce766573e38bc25a8e6144dd66b63ccc33c2cbfcac3,1753659,746680,3993699,918840,778543104,c1b3ec54ee5d80c332a951415ccf93ab6f73c8c3cc328e48171add4dfaef705f,2025-10-13 09:15:26+00:00,2025-10-01,320797c8,1701ddb4,0338050e0446c3ec68537069646572506f6f6c2f3239332ffabe6d6d1c06b9a4a0ade5b80a7a37ee36822d479ba245a30fb266f53ee80f960a2ae4a1100000004969bf4beb118a51830b60349929000000000000,4952
000000000000000000017b99be9de75b88143435b139e969d987fc327593772d,1690968,767577,3993699,918348,548085760,81424e0989804e336ec7e4f7a978c219b4200315ba88839c8e2c5e4ecedf3aaa,2025-10-09 19:26:08+00:00,2025-10-01,e6e84aa2,1701ddb4,034c030e04640ce868537069646572506f6f6c2f383838392ffabe6d6d675660d101781b6b9ce3a895fc56111468ea56ec44758c65dbe50276fa23544808000000e13017eba4b772b51601bb4e757b000000000000,3948
000000000000000000007b27348eab5387d3523799a29d7fd97e53cde767c2d2,1601115,797528,3993699,918207,572628992,b3e34a13c8b96e17f54c89f3bf3e5674d4c67f6ab37256e86b369a2bc56ce4db,2025-10-08 16:04:48+00:00,2025-10-01,4760e997,1701ddb4,03bf020e04a08be6682f466f756e6472792055534120506f6f6c202364726f70676f6c642ffabe6d6dbd54c21696e4e139e6777e2fa46accb7a19fd1444f42337329ec0320b2b00d06010000000000000076338e6acfc5010000000000,3950
00000000000000000000ef7cd1c7282ecc7fb9f1f4ec6dfa7a31d73de727bb69,1694067,766544,3993699,918115,538968064,8657f80c881435d8bce00ba25a151536e6d3efcbcdd453c001fbed41362a4a7b,2025-10-08 02:48:00+00:00,2025-10-01,d2195943,1701ddb4,0363020e1b2f5669614254432f4d696e6564206279206c61696361693838382f2cfabe6d6d6b39ee7ff93026c929b1773db2ccb516cf98415e32c211cdd662f3db40fe086b100000000000000010b53a1a056b4223bac5e73d71f683110000000000,3052
00000000000000000000e46a0af15c62932f7bac69286dcae44de9092d0b4b3c,1599643,798019,3993700,918989,537223168,38271843b832ff0fd7ac26aaa5d2c82c13e092625fdee2c2408933cff3691510,2025-10-14 07:16:03+00:00,2025-10-01,9f9f5ff9,1701ddb4,03cd050e194d696e656420627920416e74506f6f6c208e0027021d9d9e3afabe6d6d51b53d35f65dfa0b900573a5204de4b19248c17a66a830d532299d4d3aeb17ff1000000000000000f94200005950010000000000,3909
00000000000000000000af2d3c23d2bd80535f534f3a2270118b0f4f19e40c26,1856050,712550,3993700,918414,572252160,90a808573f3547a8080bf22df7961efd33c17b78f19a6c8f052f6a043b9e3b29,2025-10-10 07:15:48+00:00,2025-10-01,e2b2c97f,1701ddb4,038e030e04a4b2e8682f466f756e6472792055534120506f6f6c202364726f70676f6c642ffabe6d6d6f5e4301ad0ca4835b064cd01d37ca051a8de826f97b51fcfd2d2feb2a54807e010000000000000064742fc6ea64000000000000,2927
000000000000000000010934a6b841a2cd05b7ae9f523f9fd6cfe28370472690,1779247,738151,3993700,917903,619560960,6c2629cce672d7a35600e3d4bd14f4583513bc499f1a85a0da9b2507792a2d5e,2025-10-06 12:10:29+00:00,2025-10-01,59497a08,1701ddb4,038f010e04b5b1e3682f466f756e6472792055534120506f6f6c202364726f70676f6c642ffabe6d6d3ef830cf51dc730f186ddaedbdff3fc2fce5abf482c27fc540be5ed2ad52c5ce010000000000000058806811d907000000000000,1884
0000000000000000000060dacbf136fae060cfea9e43980a60c1970f8375e236,1781656,737348,3993700,917728,537346048,2c7dc6fcb503bd85baef0bc55f4ede866f59ba33f97e374c0783da0e19fb207c,2025-10-05 06:36:53+00:00,2025-10-01,1f6411fc,1701ddb4,03e0000e040512e2682f466f756e6472792055534120506f6f6c202364726f70676f6c642ffabe6d6d95b83562b81f1b6314dc6e6e04739d7f73df650788ffe74e1701eb55d537a1b901000000000000006860383dfb3c010000000000,4196
0000000000000000000160dd9e2b9966f1b34c684f8d04d8923c33dbf6d51df6,1559738,811321,3993701,919314,547414016,6e67efca714b5dde9208a0f3b402ecee5e9b81a3554744734b7129aacae9db0e,2025-10-16 08:59:26+00:00,2025-10-01,a4312571,1701eb21,0312070e04efb3f0682f466f756e6472792055534120506f6f6c202364726f70676f6c642ffabe6d6d685606fd9c80efcc1a336256a4c699091a889909aa54980415ae5088d501535c0100000000000000702d3d1fefe8c20200000000,3390
0000000000000000000053604d6e8fcd9f8ae0eb5dce1c2b56d0012be9b5b8cf,1603809,796631,3993702,918291,544415744,511df6f89589918c20ef001a9e36a7b817b4b9381e0b804a8df9feccec861e7d,2025-10-09 09:08:54+00:00,2025-10-01,8d64d35f,1701ddb4,0313030e04a67be7682f466f756e6472792055534120506f6f6c202364726f70676f6c642ffabe6d6d42ca496736e6ac24917af79b9f28b1ac3e62902a8390c0aec4223db6f9cb95f501000000000000007749e877aaf1000000000000,2715
00000000000000000001c87e642f3cc3e8690efd9b489ebb726d32aec9955321,1740597,751035,3993702,917815,625123328,31b980b23c24faf854820619bc7dc40d7768c3e2a0b8b9e2858004aec258d8c3,2025-10-05 20:52:34+00:00,2025-10-01,af930e1,1701ddb4,0337010e0493dae2682f466f756e6472792055534120506f6f6c202364726f70676f6c642ffabe6d6d213ab811cd6d456b702106661f283ceaeb5c0e929c654505e033f4f79fdb343101000000000000007cc840e34a2d000000000000,5952
000000000000000000014a9bc3acfd68ad525aaf574141324df5eb5b826e4cd9,1689330,768124,3993702,917254,537796608,a43177521346dc541875e9e0eaddca49c35575a86f99ab9ab5f37f547c6d1e86,2025-10-01 16:38:49+00:00,2025-10-01,b46a5440,1701fa38,0306ff0d041959dd682f466f756e6472792055534120506f6f6c202364726f70676f6c642ffabe6d6d77c9f6804bce69a8ec768da2aecf2fb81c6a34d2ee4704995d244e2e27fa8b30010000000000000070240276bfd0000000000000,4182
0000000000000000000120fbcfaac4e183c127dc68b6b1180670ae915cac3c54,1524127,823192,3993703,919075,548675584,cb561ffd6481303dd7ba639dbdac635f3ce023cce3b82f8490cf0a37b8f65bcb,2025-10-14 18:58:07+00:00,2025-10-01,3bee37be,1701ddb4,0323060e043f9dee682f466f756e6472792055534120506f6f6c202364726f70676f6c642ffabe6d6d821a455e99b4d8bd5ed61a686d7ad9555d809f79381308f7764757ab8003614e01000000000000007bde06e0d7a78f0200000000,3667
00000000000000000000ca577e9bcb2d653cae956d1bad4b0754fefc19de832c,1736663,752347,3993704,918756,537051136,b002f8a1f870ac4065300d3c59dd63d1800c10bf67eae818e2654de6b3f4a02e,2025-10-12 17:33:28+00:00,2025-10-01,d4864331,1701ddb4,03e4040e0468e6eb682f466f756e6472792055534120506f6f6c202364726f70676f6c642ffabe6d6d66715e50dac8eb92be9372fcff1fd7a763821d3e50b83e3ce5cd856827ba78630100000000000000901c913fd342010000000000,3713
000000000000000000000252a6d2bdaa411c62a91407203bb198bb97228ad292,1530414,821097,3993705,919227,666705920,6c9f03516959aebe410f0c81942056cb8c338aceb8b61832446c74e50195b929,2025-10-15 18:42:41+00:00,2025-10-01,b798b64,1701ddb4,03bb060e0421ebef682f466f756e6472792055534120506f6f6c202364726f70676f6c642ffabe6d6d68e42abc5ff190efb471087e016e011e355a127b292c481be2d1f1d7f24f543b010000000000000087a7f009750c000000000000,3050
00000000000000000000e11e961c228253042f36d4b7cbc18fca0b2fd2d6a10a,1565548,809386,3993706,918597,537436160,5416d7fea0c5be5af08e59c5e4a11db22a166004f46203f6e267d82c760c0194,2025-10-11 17:16:38+00:00,2025-10-01,a50ca932,1701ddb4,0345040e04f690ea682f466f756e6472792055534120506f6f6c202364726f70676f6c642ffabe6d6d2d842abebd8e5f961fbb78ae26fc9b90f6f477d2c162eeeade0cfafebf18f64f01000000000000005a1d79a4334f190000000000,3764
000000000000000000011c4f266911a49ededf0cbeef21ce58c0de6fdd94aa69,1596589,799039,3993706,918039,538345472,02994dc38263aa08f0ba7387ae678a89cb22173afb433c83cb5b9bb7043f0aed,2025-10-07 12:38:24+00:00,2025-10-01,513dc085,1701ddb4,0317020e1b4d696e656420627920416e74506f6f6c393539a30031007c020b3ffabe6d6d81a6baeb4031d543775fc6c3b84906b72af20f68843253a2859edda3dfbb96f410000000000000000000d65e8652000000000000,6105
000000000000000000010c5e1800cd9b3f7c36ea13c279ef55bc2d755bfb858a,3166780,275642,3993706,917985,577290240,0dda842e078ff3a79d4688431e5a23090f7dcff96f4be1f4b2a26a261b6ce1b7,2025-10-07 03:54:58+00:00,2025-10-01,ba20c42c,1701ddb4,03e1010e04128fe4682f466f756e6472792055534120506f6f6c202364726f70676f6c642ffabe6d6dc51424ba49bd7587bb09eb0588457916a80ccf8e3f7109560b5e3da370f6f796010000000000000093070a572701000000000000,1546
00000000000000000001892accda35fa11806e53b02cccf55e8a84721243a8f1,1870463,707748,3993707,918123,537272320,29d38ca2b53a9e71c29b289baf41a36d7730e8824a4ae7ab4529b45543dba59c,2025-10-08 04:01:24+00:00,2025-10-01,635876e6,1701ddb4,036b020e0414e2e5682f466f756e6472792055534120506f6f6c202364726f70676f6c642ffabe6d6d18aeabf73a8ea7a2a0cc8b099d0d8c56bad462d5b1f8259389cbf775198c29a101000000000000005f27741f876a000000000000,1906
0000000000000000000060705b2acf858f88ebcb2d59beb493091690af4429c8,1919537,691390,3993707,917487,595935232,c1312d6007892ec84680fce666793a4a1167f47c786b2d0d7ee99f66a8a82dc6,2025-10-03 09:48:53+00:00,2025-10-01,6bff7eb7,1701ddb4,03efff0d04059cdf682f466f756e6472792055534120506f6f6c202364726f70676f6c642ffabe6d6d02d8c2dd33610b38ae353fe5cabfdd74588a2e7f72a467a937d8dc5c503b1344010000000000000093729c6e5902000000000000,2313
00000000000000000000ee2ef5b809ff2f566997f86b98fdcd9ef8d4b1efb1cb,1594491,799739,3993708,918614,692920320,620eefeb94fee832d30c94d8e56b1fe1f291486aaf3d7f4c26291d6e3faa39a5,2025-10-11 20:08:09+00:00,2025-10-01,945c2a4e,1701ddb4,0356040e0429b9ea682f466f756e6472792055534120506f6f6c202364726f70676f6c642ffabe6d6d6548de95c63ede25677ecf909ab8af15a74816b725c274ec8702fd6781109be801000000000000005aa94c620000404a00000007,3849
00000000000000000000569b28c1f53f58a10a99db0ff41c5fc3586aa9238c3a,1478790,838306,3993708,917891,537493504,b2f2e611d194ab59e81983d5f6bbe38219a6360279a6e3d4ab473abdfcd2d6f4,2025-10-06 10:02:03+00:00,2025-10-01,53172984,1701ddb4,0383010e115768697465506f6f6ccb005505411a62f8fabe6d6d3572df8ac7f2ff32bed726e808a29926a1da1796eac9aeae226d92f7ab24290810000000000000000000d880e090000000000000,2222
000000000000000000017e5ecf19f259a243ee9f1658bf111b52979839bdbf6d,1589094,801538,3993708,917524,537395200,498fcf0e627fe33bd59aea36b06c83e296db956677765224ff469029d5de8ccf,2025-10-03 17:06:21+00:00,2025-10-01,5983de40,1701ddb4,0314000e194d696e656420627920416e74506f6f6c208e001907cfe51e15fabe6d6d21c25f1b957743ade243dcfe970951674db681ea3fcb22f318bc7957fba7a0571000000000000000fdbc0000cca2000000000000,4003
000000000000000000012812d564833ecc6c6b35c1f54bc32f11c904b66a900b,1835032,719559,3993709,919036,638476288,057a3b6f48bf39ace469913f6f340fd679074e7e53c3d5f9cb8c16ae81cdbccb,2025-10-14 12:54:46+00:00,2025-10-01,6814fe6d,1701ddb4,03fc050e1d506f7765726564206279204c75786f722054656368e5005c05967151c6fabe6d6d50cf68fc9d437d021795b378e8616fe233ff1e504544e5d1fd17ed0d25510b2e10000000000000000000b9f20000000000000000,4323
00000000000000000001be720aa760dae649d1fabe8389dbc6991b145a0f3a3d,1569613,808032,3993709,918483,556171264,155493b1c39b4fbcea7989ee252928d32dd388bfe87208ff54b5b3ffd386329b,2025-10-10 20:28:50+00:00,2025-10-01,4aa88fb6,1701ddb4,03d3030e04826ce9682f466f756e6472792055534120506f6f6c202364726f70676f6c642ffabe6d6df392f53151f4d9c9ecf060c7e623666404ec58ecff8c6fef46de23e04ff1ecb40100000000000000996631e091d5010000000000,3877
000000000000000000014ecdab84676a989a7a5a03eba52ccde5d632d1c38d5a,1562233,810492,3993709,918314,536887296,f8d6095b47d8d7b0e444f7862b3161f508352e70ea94fbf76edb060d48387e95,2025-10-09 13:03:52+00:00,2025-10-01,3cb6527c,1701ddb4,032a030e04b8b2e7682f466f756e6472792055534120506f6f6c202364726f70676f6c642ffabe6d6d6f8a4464742a604af1b12979861828a2eff6c9fd2bec93f90973ba747549ca1e010000000000000065304de27508020000000000,3907
000000000000000000000aa64090e1b2cbb1382516c46be76f30bd584b7659c7,1628912,788266,3993710,918805,537370624,315c80e539dc0835efecd44139fe0570f5bf27128b2030f0b6653b8608b37998,2025-10-13 03:33:46+00:00,2025-10-01,639cdc12,1701ddb4,0315050e194d696e656420627920416e74506f6f6c2044004e07cb22f91dfabe6d6d1087242ea1f59460d75965b3c54f0c2f94b318d7b5a9b401a594ec16d7d829031000000000000000ba0b000087ee0e0000000000,3056
00000000000000000001c07779f8aab3569f0b612687ab0abfc9a4203b483f65,1566824,808962,3993710,918490,627556352,e3ff3beefbaa39f424dc9e59590a98731dd7faa8772c6688767cf32dc39536fc,2025-10-10 22:42:26+00:00,2025-10-01,eacc6caf,1701ddb4,03da030e04d28be9682f466f756e6472792055534120506f6f6c202364726f70676f6c642ffabe6d6d8d8d41c83e2db7ae11502057f2f0b399a59b2bb49442f278800914964b2682b30100000000000000993c0dd80000088bf80d0000,3676
00000000000000000001a21937a739138096e69b403fba472ad6debe043169da,1587672,802013,3993711,918554,608206848,4af65f8665deec67d8b5578359bba8bf4c57a8a42f8d204b81f5fb823680531e,2025-10-11 10:35:56+00:00,2025-10-01,8acf1da,1701ddb4,031a040e1b4d696e656420627920416e74506f6f6c3936358e0028015c256ed4fabe6d6dd6a7bf7610ed903d740b0a9c36f8cb4e18680f66e37108b747b7bf67d0eee8de1000000000000000000051bbe8bdbe0000000000,3023
000000000000000000005d18a5d0bf78da054b21e3dae6655165a8dbf0a3931d,3210471,261080,3993711,917875,688603136,5d782c84c95e4039a2b8b50232f1732f516250081d08e4a6ede2b7089124967e,2025-10-06 06:25:30+00:00,2025-10-01,2c05c935,1701ddb4,0373010e04ae60e3682f466f756e6472792055534120506f6f6c202364726f70676f6c642ffabe6d6d534c30121b2ecffe8c7e49f9cdb1b46c57e575c24e1e29695642cedb6e6db7c70100000000000000696e79c2000030f600000000,1522
000000000000000000001692229fe32ea617426f574692704634d26c06ffc9b1,1520589,824374,3993711,917462,645939200,236e369d1080c58ab5c9a003f1ab267ef326d2cdff94f93799972f73a7b598ff,2025-10-03 05:26:19+00:00,2025-10-01,e3654aca,1701ddb4,03d6ff0d047b5edf682f466f756e6472792055534120506f6f6c202364726f70676f6c642ffabe6d6ddf98c765668dfbf5b620c2c960e09822f0fe5f003a034aabae14e85989afa77b0100000000000000805bacdcd214130100000000,3324
00000000000000000000aa6542fe69f5a6c66ad4705fe6f15ecafe66f2b2f30f,1611064,794216,3993712,917650,670982144,5363b9a402fc2e03c09e1b196b91225c883ccd6d63732998c68e462765099f09,2025-10-04 20:10:16+00:00,2025-10-01,2937912f,1701ddb4,0392000e04297fe1682f466f756e6472792055534120506f6f6c202364726f70676f6c642ffabe6d6d28773fa8c71a96cb092c3c98abf368c3618bcf00e56737cf59188933a2347a25010000000000000087bb3ded0000000000000001,3845
000000000000000000008821ef71d5916c449073616cebf8fc8ca5ca6c8dc8ec,1660813,777633,3993712,917485,662945792,01e534b27b1ff8b8c2c7df6231ccc7d5b3cdf41bfa25fb3de042df3a86047666,2025-10-03 09:34:18+00:00,2025-10-01,331cd93a,1701ddb4,03edff0d049a98df682f466f756e6472792055534120506f6f6c202364726f70676f6c642ffabe6d6dff2d08f084da7bdc69d39ce8201d872476a59e4b86d40ac5f114c1317af8fa4a01000000000000006e3d2a6d0000000000000025,2622
00000000000000000000c7af9040ea4dc20235ee7bd22bed8221dd130754ebd1,1627174,788846,3993712,917532,537067520,eff86c76a84d8911e4d6957ccf21c22d2ed7d7edc59e1047c5d81969d036c0f3,2025-10-03 19:13:48+00:00,2025-10-01,2522e6f2,1701ddb4,031c000e125768697465506f6f6ccb00be07fd79d3f301fabe6d6de17fbb1e2d1ded9613696e6a754508ac1d0602cffb4d06ac4cd209ebd20eae4b10000000000000000000d4c2d114010000000000,3620
00000000000000000000c70cf267927b2ae696fa3a7c561a5e3fecd37be0fc1c,1569314,808133,3993713,918443,537403392,d8f03371df19aa6cf245a890620ee8e36fb985955676ff6a9ae0d6ef379c716e,2025-10-10 12:13:36+00:00,2025-10-01,f5761d51,1701ddb4,03ab030e0470f8e8682f466f756e6472792055534120506f6f6c202364726f70676f6c642ffabe6d6d1b69972e89fe20263deb481dc0849a13b47e6d9d62b882ccb33beb5bcd5f0c0a010000000000000076360520bdc8010000000000,3469
00000000000000000000824e5f9a7c658259806fb9cf1da43c81b47d52092ce9,1620743,790990,3993713,917991,786915328,c6215a660b22e626e364cc37fc42ee3639516392d3ebbdb5c58ac7602c7f9a95,2025-10-07 04:34:18+00:00,2025-10-01,c1ee749b,1701ddb4,03e7010e12627463636f6d39353665000901cee07d8001fabe6d6d498216616050aa4c555243371435affdb100339fdc140276d13095ef6536ea5210000000000000000000e548a613010000000000,3871
0000000000000000000154d7dbffef8f8a7d71ace67f5a55dc2127c5f35233b5,1748652,748354,3993714,917420,537845760,fd03c3b1649e0c4a0a5d00221912f6e890be99af1a21115571f4f86baa78efaa,2025-10-02 20:39:12+00:00,2025-10-01,30738a10,1701ddb4,03acff0d04f0e2de682f466f756e6472792055534120506f6f6c202364726f70676f6c642ffabe6d6d05244071aa11af38e0c0ff2c97487f8bfaf997d27927fe04e20122efe1bf5295010000000000000081250c5fb8db040000000000,3217
00000000000000000001bf0d0979f2273d39b59310f01291411fc8f7e70d71ba,1682626,770363,3993715,918687,555753472,25b1c6a881508e511dd22e558595254660a0a9656735a6061d6ac4600a4df0dd,2025-10-12 06:36:20+00:00,2025-10-01,3f72d16c,1701ddb4,039f040e1062696e616e63652f6500b405097064b4fabe6d6dc39fdeed49e3c7cac02e269daa27f43a50e747d5d66c53c1fef483e5920a4a6310000000000000000000d5d40300000000000000,4839
000000000000000000002567fff6574d5537803688d8daf200603752578c37f3,1612138,793859,3993715,918381,567222272,2db8b2d1490a5be7ff7c510943e9b8531a2eee3d5dc196a4d224de63ee28bc7a,2025-10-10 02:15:27+00:00,2025-10-01,1aaec83e,1701ddb4,036d030e043f6ce8682f466f756e6472792055534120506f6f6c202364726f70676f6c642ffabe6d6d87a65cc10322cf5cb053dc1af9238a255263a8643f54de7b4057e94692e4396801000000000000006449b48ed3ff330100000000,3795
0000000000000000000070a2da7f9b8f7a7ff0e84ad97f837abdd4b4c517191e,1591945,800590,3993715,917763,540491776,a5d85359742f387c87398a6f6f5994dd67b61432c7039c1393571915f0897cd3,2025-10-05 13:51:00+00:00,2025-10-01,26ae282f,1701ddb4,0303010e194d696e656420627920416e74506f6f6c20f901e2068fffd970fabe6d6da2984e0033533c0e5fdeb52e78945bccaf092ecd0e15eac5ef8aceba1ddb2ad9100000000000000000002ce08c00010000000000,2881
000000000000000000001861e63d635336a85e5363f3b3d8693156bca737a1f2,1611206,794170,3993716,918760,537108480,9d5b8e0f955eb14ba78893a215b56f3410d5ec6c0e640384097b33cf557be6d9,2025-10-12 18:11:54+00:00,2025-10-01,b79d59a3,1701ddb4,03e8040e047cefeb68537069646572506f6f6c2f3835342ffabe6d6d754e236ef487f4ae415b38a75aa53234f49708bc42f482c9e806a7901f50359608000000e13017eb9598e1eb150b93d4d955020000000000,3241
000000000000000000014ddebaf8e0f32122d10e77ad25865bba87dc0ca9f341,1743716,750000,3993716,918265,619298816,372e387e8df64d622bb0bc3a61b56b7acad1ce8d3a8ace52c44b0f8832b24a94,2025-10-09 05:31:50+00:00,2025-10-01,beb04503,1701ddb4,03f9020e04c648e7682f466f756e6472792055534120506f6f6c202364726f70676f6c642ffabe6d6d9134acc7ef35eafac634543f4d26a42e4b0320e04916e0de633035a6d55e20d5010000000000000024aaa82b3e01000000000000,1651
0000000000000000000068d7a7c1a9b06c57bd95b959c5ae83dc3f24b2b8f0f7,1602869,796949,3993716,917581,619569152,92eda5904d2667a39c43b4d8eb99dab76277bf37e79778115cb9bb0e85b2ec81,2025-10-04 05:08:53+00:00,2025-10-01,85f89d5d,1701ddb4,034d000e1b2f5669614254432f4d696e65642062792069676f7233786463382f2cfabe6d6df30150384cbd7e80cdf2481dda7dd53492ea3e552c1db6cdf9294b07077820541000000000000000104df4430673f357002ee175cb1329000000000000,3067
000000000000000000018d9fe39222bbbf08385ef3c51a3012c7ce3400e87b6d,1592058,800553,3993717,918664,615292928,13e0adf1095e1ec6f06ac54e2fc13c85fc765483eb498ee94a033b6aa876c301,2025-10-12 02:41:19+00:00,2025-10-01,dafa2c7d,1701ddb4,0388040e044f15eb682f466f756e6472792055534120506f6f6c202364726f70676f6c642ffabe6d6d3af6be8524a81d44c7590260567cda4ba52f224aa0154bc3ccb014de34e6ec6d010000000000000076b22b1fc705000000000000,6049
00000000000000000000a731e6b665f7a8715ffa15b5be83cc92fe2ea1cbf43e,1609998,794573,3993717,917589,736821248,93c49e2784fe283c2466c2933a40e8bbfec88fdedc19a35945927ba7a16c09db,2025-10-04 06:04:22+00:00,2025-10-01,db8b3015,1701ddb4,0355000e1b4d696e656420627920416e74506f6f6c393731a3008600e622da1afabe6d6d30207ff8a683d089e92abd427e3a71b28403945571f9cb6970e792b320542c9010000000000000000000c7f3c128010000000000,2916
000000000000000000016ac943dfbba58b636e36a589bcfb4935bf81765d0b57,1435734,852661,3993717,917264,537944064,c7eeaff5f7e088e71f63cbccc942dd5994dad2ed5791149c6433cf25fc388e09,2025-10-01 18:00:39+00:00,2025-10-01,77ad38b0,1701fa38,0310ff0d04476cdd682f466f756e6472792055534120506f6f6c202364726f70676f6c642ffabe6d6d8ae1273fb25758c95a4ee4f42e77c6fe891e27b89cc7b636794edec71069e02b01000000000000000f82250ae13f740000000000,2077
00000000000000000001828b22092e2a3c1de857696ddab4671b94279cdd681e,1493694,833341,3993717,919270,542728192,17c82a27eb3dfecc626987766d02d149dc0b73d34ad66e05baef474fe7c01788,2025-10-16 02:42:35+00:00,2025-10-01,30bac736,1701ddb4,03e6060e049b5bf0682f466f756e6472792055534120506f6f6c202364726f70676f6c642ffabe6d6d579401a113cc242ff7026b9d229af108a2bbdb9cb815a4e3cf7f0637b4e8a78b0100000000000000691795fdb1ce160000000000,3029
0000000000000000000149d83874de533c334efa51719e1b08291932b783621b,1546350,815789,3993717,919266,808058880,ac8121cec6edf8d2ee2074e26edec25c5474a5badbc3098219ba20ebd3bcd101,2025-10-16 02:06:34+00:00,2025-10-01,8c822540,1701ddb4,03e2060e1b4d696e6564206279204c75786f722054656368e5007600b4e68786fabe6d6d5c0b48835868358799874902822de0d125569727d2377f00dc3a5625c08ec39810000000000000000000bc3e006d1c0400000000,3445
00000000000000000001a2c306e7b44e03b96af1029393db5c2b83db219e8342,1694455,766421,3993718,918144,551452672,e35a54560a348dc759158d118d0bbf8bc3413ee210ff92a61b8c7a21ca1ddacc,2025-10-08 07:39:01+00:00,2025-10-01,94f79e6b,1701ddb4,0380020e184d696e656420627920536563506f6f6c2f00690113ebb79bfabe6d6dd72d00e16a57a3563f745302bb801d51de38a9a7e5daa6b01e59c26ca3a87ac8100000000000000021440000ed0f000000000000,4680
0000000000000000000196afd1998f68fdcabe1210528a1ebf2af618341037fe,1658518,778400,3993718,918081,566255616,b83880323dbaf94ee18b8308f2b55fd888e1f6f319d7a324aac4b765b224cf2a,2025-10-07 20:59:48+00:00,2025-10-01,f68150fc,1701ddb4,0341020e125768697465506f6f6ccb01a9042f51ca8e01fabe6d6d0e6f2e2e450f88b0618189397f607c87e6a1f3cbf2bd789860254f2cc2ddb72310000000000000000000430f5700000000000000,1452
000000000000000000014f902bb6aa1aa577027d32a3a029a07e48496a0bb4d7,1712822,760299,3993719,918360,869056512,21e017a63cd1cae0da1f6362c26688ea32dbf1132f2240ac13b1a42f664221cb,2025-10-09 23:00:01+00:00,2025-10-01,ea371d5f,1701ddb4,0358030e194d696e656420627920416e74506f6f6c204400360560479badfabe6d6d3a05461817e6e45511e5ccbf3c9791446b1a38608b10a78b2be086654f12783810000000000000000000baed7ff1a60000000000,4295
00000000000000000001866f10ee0ac0e905f0e4628161ce5190554a6d633bee,1478985,838245,3993720,918427,631701504,62a651fa3b412ffac223c7477d4269e8ba80b66a3e6f3d7968f9b7393d3061a7,2025-10-10 09:33:10+00:00,2025-10-01,34fdb856,1701ddb4,039b030e04d6d2e8682f466f756e6472792055534120506f6f6c202364726f70676f6c642ffabe6d6def93f544f19bdf70a8da43634997537bcb6052ed537a161eda2798c7b74dcd210100000000000000956e1a9f2300000000000000,3315
00000000000000000001174d58746f5855cbd43e73c89afd23e0f3d2eee050ed,1594189,799844,3993721,919044,614187008,6c39eebb3a61e6416489e07092d53c53529acb988e9c781d76f23e9354a47c02,2025-10-14 14:28:27+00:00,2025-10-01,400fb1f6,1701ddb4,0304060e040b5eee682f466f756e6472792055534120506f6f6c202364726f70676f6c642ffabe6d6dd8397c13b4992f974761524183c9734039ec4e2aacb0d332eaafe075a175c1ee010000000000000062989e9a2efa000000000000,3243
0000000000000000000057593e1b9361d07ff479d34cd9b3c37a3cb147f53f61,1596349,799124,3993721,919124,824885248,8b022fcb735fb749cbe3a3095ed7e6ede80176c25fdaff44145364fdc7bd7ab3,2025-10-15 02:32:23+00:00,2025-10-01,c7636505,1701ddb4,0354060e04b707ef682f466f756e6472792055534120506f6f6c202364726f70676f6c642ffabe6d6d2a1a6bb168f858eb39750631030cb740e2c96c1d53527397c54fc773b7f835be0100000000000000786d13b3000008148b030000,3987
00000000000000000001972e1edde686db23d5b97aee5578a35e7501bd6c3241,1600195,797842,3993721,919225,621789184,3939767513937a893449670b8c3ff4758c3c9112685ec2b8f80c4b61e66b91a1,2025-10-15 18:21:59+00:00,2025-10-01,36fcb88e,1701ddb4,03b9060e0447e6ef682f466f756e6472792055534120506f6f6c202364726f70676f6c642ffabe6d6d91adbffdf1aa0ddf069a3df77b87badcbf0fe091b545ad8204341991efcbcab80100000000000000796b5eaf4c27000000000000,4008
000000000000000000012da384dfa5c6d9063f5d4ad884e9029d7afbdcce049d,1744334,749796,3993722,918967,545947648,715bf7b3ab2be6a731b4d2376945f960d08726f65eb274d7364c2725958beeba,2025-10-14 04:21:01+00:00,2025-10-01,c8cfb67b,1701ddb4,03b7050e04adcfed682f466f756e6472792055534120506f6f6c202364726f70676f6c642ffabe6d6d7a9e5ca7ed280ea4d6942edec0b3329049334d66a87fedb12c1b44f0eaaa0a2f01000000000000005997a76cca22000000000000,2225
000000000000000000016229867c8dff6537f1e97047f77592dbefc9fb63154a,1587974,801916,3993722,917759,624771072,e90fdfe76f2dcd87f1bf5ce0d24875e01a6e37027b06abf0b34c3dc7cb53716f,2025-10-05 12:54:09+00:00,2025-10-01,d5c33913,1701ddb4,03ff000e082f5669614254432f2cfabe6d6dc1bbde571d74b5f5936083564f900f46d8feff42446df632b44b5a3e1e8d00f3100000000000000010ed46ed03f31cce5cbbf28713aa49020000000000,3390
000000000000000000011b13319366e204e73fed0940c3d0f3188991f77e7cce,1732242,753827,3993723,918874,536961024,954c2f304ba24971c1df18459ad3227a1460b03917191bde0b6c6b5a3dc5c01b,2025-10-13 13:54:35+00:00,2025-10-01,f4cbdf02,1701ddb4,035a050e3642323a203078373833633366303033663137326336416335414337303032313861333537643244363645653261327d001503a9278263fabe6d6db1ea5084a1825c829ef9f41199c6f27749e1b8456d1b0000b501010000000000,2444
00000000000000000000da3d598fa9c48e98e1968fb337a8843226f31f2cce96,1618746,791659,3993723,917647,622567424,9b168dacccf3d9127a946b2e1dd0fca4303bf94dc8e2e15d22c561774e905e25,2025-10-04 18:54:05+00:00,2025-10-01,211ed715,1701ddb4,038f000e044d6de1682f466f756e6472792055534120506f6f6c202364726f70676f6c642ffabe6d6df15604dbf18efd230ef43ba0c4a9e45190ba4a608d9f86c9b527b38eb21db9f901000000000000007c015a306905000000000000,3155
00000000000000000000e95980ac236278acba3df622e870e76624237a7bb43f,1588131,801864,3993723,917300,566501376,6567823dd32b9aa6100ab239f894727ad7584e66459e9ea10cfe2ed8e97f0608,2025-10-02 00:05:52+00:00,2025-10-01,fe949004,1701ddb4,0334ff0d04e0c1dd682f466f756e6472792055534120506f6f6c202364726f70676f6c642ffabe6d6dcf4a9809c1bca0f3e447941d89f23c1a165ee4729798b1f96f937ada4d22a76601000000000000006328c98ed123480200000000,3855
000000000000000000007f573d0075a71bd4081cbc9e575b35d8871cd2b4c2db,1571824,807300,3993724,918746,536944640,3752565761ae979008c59505c93040382218a4fe64721fd46ca30204fbcc2062,2025-10-12 16:07:43+00:00,2025-10-01,94a653c7,1701ddb4,03da040e0450d2eb682f466f756e6472792055534120506f6f6c202364726f70676f6c642ffabe6d6d42914849f7377ba0ef1a1f68046f00a31a2c0e408f0d0df22a90e3fcad1bf00d010000000000000051f9db2b53a31d0000000000,2444
00000000000000000000f7125fef8e85bf22a31d8b38d7285226197ebac010e1,1888729,701665,3993724,918374,718880768,d7a919518265af0ebe9369e95ad5747db5b392118ca4c0bd4b66c4f542f65fdd,2025-10-10 01:05:38+00:00,2025-10-01,f89c4d4c,1701ddb4,0366030e182f5669614254432f4d696e6564206279206563676274632f2cfabe6d6d98aab76834ea15fa496b9074bcb54862a462dbfdbfce8f126b1f1306de4243fe100000000000000010ebbb24036738dd4a6003b87a5b59000000000000,4476
0000000000000000000111c73773384039ad9a28fa1e6bf2ddf86762dceb0506,1479919,837935,3993724,917646,537059328,11f1a87f9637daf5b9f0103f59528fdb1305d101484ac2d4b69e85bbe2e84281,2025-10-04 18:49:42+00:00,2025-10-01,35a1edfc,1701ddb4,038e000e1d506f7765726564206279204c75786f722054656368e5001807f7d73f88fabe6d6d9a2aacace745db4ac9edf3e061dfe5b35894dbe6d98029ee5a38349b1c27d56a10000000000000000000b54f0054e80300000000,4193
00000000000000000001c4c17e1af9b2c329994ec57e5c4cb58769bd08dd582c,1534706,819673,3993725,918669,593788928,376afa75248c8f68c91234e64029ba87243c6e0da59dc6a9388490b41a6d8ab2,2025-10-12 03:48:36+00:00,2025-10-01,ef0bb864,1701ddb4,038d040e041425eb682f466f756e6472792055534120506f6f6c202364726f70676f6c642ffabe6d6da4cc86300ed5d69cca22627f296947fbe992f255b262a9381c7703f35ef860b8010000000000000063872dbcad3c000000000000,2644
00000000000000000001bad1dc6c3d29b839c60c9030033937f5e85776d940c4,1571039,807562,3993725,917525,537190400,d01fb9de4d421355d72c7686fb9721a0c7f534726cf554b8b44b014eff4f30fd,2025-10-03 17:21:39+00:00,2025-10-01,9ce37680,1701ddb4,0315000e042306e0682f466f756e6472792055534120506f6f6c202364726f70676f6c642ffabe6d6d1377663778377359efa278d9fa8510cb49d5dd3b52c7f6ce82026774e22f1b1901000000000000009785c74a4479010000000000,3588
00000000000000000000f8acb8e28db20bee2bafe40fde8a8312a87a50fd03f4,1618781,791648,3993725,918031,723763200,0b5df82f07d5bcbae154baeb482dd959ddfb4bcffe24711b5338040f39b4340e,2025-10-07 11:03:19+00:00,2025-10-01,f9b0fed0,1701ddb4,030f020e0477f3e4682f466f756e6472792055534120506f6f6c202364726f70676f6c642ffabe6d6d75315d8ca2b04de81fd2014348b412c109ac1c5ffccc735204ffc145b860f28401000000000000005454081c7710010000000000,4323
00000000000000000001485b28a3fcace3617792f8c8fb587f43cd55c8641cc6,1624596,789710,3993726,918445,537812992,9a897d745f7e2091edc2bbed612dc2588208fdad088660347ee638d9e8cddccb,2025-10-10 12:36:22+00:00,2025-10-01,deae1c2e,1701ddb4,03ad030e194d696e656420627920416e74506f6f6c20f9006304843a4fcafabe6d6d2b5d5f1a976f0e9fc41550f365389fe761bff04c1200f0aaeefe7b19e89e063f100000000000000000003879ce34010000000000,3650
00000000000000000000393f1ca44660e8b6a786dc233867e267d80f9ce3d17b,1540560,817722,3993726,917778,679534592,de140326d2db04f8569620962a19404cfb9c0112dbc49f12426d0ce91d636c4e,2025-10-05 16:04:31+00:00,2025-10-01,3a415865,1701ddb4,0312010e040f97e2682f466f756e6472792055534120506f6f6c202364726f70676f6c642ffabe6d6db60403bb276972bd4f84e8e765739689941a324f07c0422799986e5777f69eaa01000000000000006ac995b33aaf000000000000,2475
00000000000000000000dc1d3fb3054731304527693fae514d0446b762580055,1270971,907585,3993726,917501,677683200,331071c033e0d4aa7f9aabfd1540ab3b7139067a4be348f7d790a7c1ec0ec9a2,2025-10-03 12:26:23+00:00,2025-10-01,249a2045,1701ddb4,03fdff0d1b4d696e6564206279204c75786f722054656368e50026066bc4e4b7fabe6d6dafb3c5983d2c7c2275d85500d4bce091d3de6e7ceddc153e68f77a7ac441d78b10000000000000000001297a0000000000000023,1546
00000000000000000001d224c31ac9f9264853d1b08377efba6231a30fe10935,1557483,812081,3993726,917376,549453824,1d4826b1e0278e353dd5efaec8161df860abe2c738f4e0f85fe143b9af5477e8,2025-10-02 13:06:16+00:00,2025-10-01,ee4a4867,1701ddb4,0380ff0d04c878de682f466f756e6472792055534120506f6f6c202364726f70676f6c642ffabe6d6df0a3b05a16ca94be49dc64ff944e7ac7d3ae69f2ef40fc51abdd0cbb0bc0496c01000000000000000c01cd66000043ba5b200100,3430
000000000000000000001bf0c9fe133445c9ffa6801e721e52f59ff67185bd3f,1572916,806937,3993727,918733,817152000,28a36b0747e06866eb3f68d848b817d3b58e452e8d7bad5d038d3cfbdb9ec3ea,2025-10-12 13:27:03+00:00,2025-10-01,f10fc936,1701ddb4,03cd040e1d506f7765726564206279204c75786f722054656368e5006a069c534b27fabe6d6db5016d97e1aa379a52902edb7511fdd4ae46a9c2754f7a623e7c3c46b253d51710000000000000000000f6060025900100000000,3029
00000000000000000000b53fc071aedb855fb1ad7e72c6e2cb0af1f06aad4e77,1567591,808712,3993727,918496,619438080,8f8a52aa37bc90da74190b1320845c969a155525bda34d0d1911df5df59fe6cc,2025-10-10 23:47:51+00:00,2025-10-01,74eb56fb,1701ddb4,03e0030e04279be9682f466f756e6472792055534120506f6f6c202364726f70676f6c642ffabe6d6da158814c8a52897984fb346b1a1763ea65f7ecbad77ce8038c4172067ff8c63701000000000000009a6ed6b8dbb1010000000000,3743
000000000000000000012fa12bd6b830a8239479b0e704967524036b4baab839,1607101,795542,3993727,917426,551665664,c6f875cfe7b36a6c2f74eca82bee45fd1472d543e6869b8f586b4ae0916e51e2,2025-10-02 21:35:45+00:00,2025-10-01,490f28b2,1701ddb4,03b2ff0d042ef0de682f466f756e6472792055534120506f6f6c202364726f70676f6c642ffabe6d6db5c767e670fcabcbc6bee9ee0b0fd5f5eb10facfeabc72ad005fe4c1fc8104760100000000000000558bd0bd0000000000000000,3284
00000000000000000001b6bd87513b96bcdce5ca7641cd8e9df94f2381b971e3,1648234,781831,3993727,919233,543162368,6d6725811dc08d61e3bf5945e4d7c466e14d02599175b0e366000bd2ada1210c,2025-10-15 19:31:36+00:00,2025-10-01,2fde8860,1701ddb4,03c1060e1062696e616e63652f6500c90227a5e553fabe6d6df379649cea3fc74f519b0ea8da293df7347e184fc28f1b91b9b17edd65fd62eb1000000000000000000047c36e87000000000000,3259
00000000000000000001b6f06a88eddac5d603e6aca98733d277ed014bc38b61,1385012,869572,3993728,918352,635797504,977b69b3b632e9dd51c805dc7322fe0035d624a66e0cdd387b8a0b7911cead79,2025-10-09 20:13:28+00:00,2025-10-01,61a10dfb,1701ddb4,0350030e046817e8682f466f756e6472792055534120506f6f6c202364726f70676f6c642ffabe6d6dfb298d011d77049611fdb4298c6c4dc7149e275441f7372b8f8364813f702ba3010000000000000069960778f806000000000000,1957
00000000000000000000bff2f853b5f840bceb04218594978c4accd724a85034,1702292,763812,3993728,917998,712302592,344444627969f20b960708fd796ef8756e5628b75cba046b3fbebabba5c1e962,2025-10-07 05:38:21+00:00,2025-10-01,c77fc56a,1701ddb4,03ee010e194d696e656420627920416e74506f6f6c20cb00b603e5c8145bfabe6d6db24be58866e99f5c75e08892570fde8908810d6b650b2589a96cb4abc4a6c97010000000000000000000707e5b70000000000000,5949
0000000000000000000014acc13226304f4fb073e0ca0c4e5ea9668957ea1966,1489394,834778,3993728,917910,627793920,e13ea28c2af862fdb0966e318b487785b7881fddb2b9f783fff13956cb6f04e6,2025-10-06 12:49:35+00:00,2025-10-01,2fc4f2ff,1701ddb4,0396010e04dfbae3682f466f756e6472792055534120506f6f6c202364726f70676f6c642ffabe6d6ddcccfe141ad8b0f7cd63adf74271aae8c8caf5b135ab5fa94a101d8df5bc31a801000000000000006227e9261617000000000000,3162
000000000000000000001ca0598805740cc6ddee233fca047f34fe3de1400d35,1420853,857625,3993728,917799,622731264,9b8737fc007500a7514ed7fa5bee3ee3ab383e8b59ed6acf8ca798b4a722f029,2025-10-05 19:07:53+00:00,2025-10-01,9f2a9adb,1701ddb4,0327010e0409c2e2682f466f756e6472792055534120506f6f6c202364726f70676f6c642ffabe6d6dee9fd401b9733277032b9a27cb02a1175a6baaffaf07644134c5a6110f52e0d80100000000000000785bbd1eedad000100000000,2481
0000000000000000000178177cd669d12c1fa53a25e5265de683ae3335270fa1,1545149,816193,3993728,917163,571949056,8e3ac2ebc4a1b40a3b719d459c535244c0a29bc145d9130da8b56a6fd8c08515,2025-10-01 02:26:09+00:00,2025-10-01,cd67483f,1701fa38,03abfe0d044091dc682f466f756e6472792055534120506f6f6c202364726f70676f6c642ffabe6d6d7d87b1334ba20b7fc1ccfadeb69758a67dea10dfede4ce8c7a892761aa3e20010100000000000000742e7fef0000000000000000,4110
000000000000000000016c8d34e26ae1cd95238513ceb0fcc8b7a7d984764b73,1746078,749217,3993729,918723,686473216,72ceaeefd07585879122080ac5594748e5ffa985125a1718add8956353e5450b,2025-10-12 11:04:01+00:00,2025-10-01,30fa567d,1701ddb4,03c3040e1b4d696e656420627920416e74506f6f6c39373044005502692c06b2fabe6d6d3a14253a16177f4977b0bf0e0e7ac4fbc662198fab8b244a63939be37cad097e1000000000000000000063db00518e0100000000,3392
000000000000000000001c927562b3b70bb4cbc4db16092d298ac564a148c211,1704339,763130,3993729,918543,537067520,f0c4bf2f3b62085db81383fb29ececec829ab6109d5fe4f905adee149433f912,2025-10-11 08:02:24+00:00,2025-10-01,79d2b3e3,1701ddb4,030f040e04100fea682f466f756e6472792055534120506f6f6c202364726f70676f6c642ffabe6d6dec9c32a5ad76332a954690ae05beff3b491ca5cda8a58561e1e1f0eebc7868a8010000000000000096940031a096000000000000,3347
00000000000000000000f70d969a623f23bb3e8071b89a6e9ba9d9fea4182398,1570401,807776,3993729,917483,722354176,ea58caca74657fd1740101c2ec64873631d966d03fab3c0215b24afe57f377c5,2025-10-03 09:18:20+00:00,2025-10-01,d7e83870,1701ddb4,03ebff0d04dc94df682f466f756e6472792055534120506f6f6c202364726f70676f6c642ffabe6d6dc29bae8348b98423c0fd1c662118e1ce90f8a66018ad5f176fe0e5b25340698501000000000000005e245435df42000000000000,2060
000000000000000000001b102c4146e015f3fd433580b2a9d7b8ec39120366d9,1591219,800837,3993730,919077,606248960,120379fd6d93913402ed6e1bb8d6480beea6b42de00964aa53cf309470efbde2,2025-10-14 19:18:06+00:00,2025-10-01,bf66f43f,1701ddb4,0325060e04eea1ee682f466f756e6472792055534120506f6f6c202364726f70676f6c642ffabe6d6d77b9a707d21952b8ab32c9fc04174d0ec0cc61a680380886ddf51c8567d955b001000000000000005b0f2e59ffb9840100000000,3479
00000000000000000000dbad7998936131b20e3321673c80845f4eb8bf9f0402,1678972,771586,3993730,918762,538968064,d516b7f026832208b1d0fa1cdd781a1733c9f84108c05dd60111a61eefe258ec,2025-10-12 18:55:59+00:00,2025-10-01,77a97862,1701ddb4,03ea040e192f5669614254432f4d696e656420627920737465706e6f312f2cfabe6d6de63f9cf485e14e7e17c23ba7a00f266de47f666982549843a0ef0b6cf74119a11000000000000000101dcd08079b5a1bd2fb8b5f8e6a98000000000000,3708
000000000000000000000675f4f88b77f34e6fbd27a1552ade15d87ffe9d7190,1633303,786809,3993730,918008,579100672,9403e971cebb51f3c63b7c2b6eb4912838eb3d5017f2645a51a31ba6cb4f8822,2025-10-07 07:29:26+00:00,2025-10-01,14045f3c,1701ddb4,03f8010e0456c1e4682f466f756e6472792055534120506f6f6c202364726f70676f6c642ffabe6d6da09c355af4a07fe13b343e155771cf867f832a00f9ce2d35e19c971397df8bba01000000000000005c6f738e000001353cc20000,5024
000000000000000000014e7e14ab78d6f497477c65af6abc86a0eada684bd7f2,1547965,815255,3993730,918083,604872704,dd72966b841364efa6f224a82bde50a38bae368542fdbdf16eaba9a3ca7a23a3,2025-10-07 21:23:49+00:00,2025-10-01,e62901c4,1701ddb4,0343020e04e584e5682f466f756e6472792055534120506f6f6c202364726f70676f6c642ffabe6d6df3e3878d3d65bb9ea287185c41b5d72604760af544dd4484a759169421cc104e01000000000000009a0d36e76fb2000000000000,2567
000000000000000000016482004338093bf9ed0daa1c75d6b4f68e5f5d98d55e,1584813,802973,3993732,918549,669663232,d2d0ea50a58f62141f506c582701d462773c94aff9f62831d5830d9de1058584,2025-10-11 08:58:03+00:00,2025-10-01,5383790a,1701ddb4,0315040e041b1cea682f466f756e6472792055534120506f6f6c202364726f70676f6c642ffabe6d6dc50a5929cf70487e160990ff11a5d511660a46917c0b0f0710e672d1b5614a3601000000000000007c93e1bb0000000000000015,3963
00000000000000000000cf02c867fc0371ff47837e2804d598ab7bc327e53080,1529154,821526,3993732,918114,802504704,d727e7d74cb5d91b7e62b1adc2613a445999cd5d65a59bbdbf56b69e16d664c8,2025-10-08 02:43:21+00:00,2025-10-01,ce737e6d,1701ddb4,0362020e1a2f5669614254432f4d696e6564206279206f646973736569322f2cfabe6d6d6a1b3480db0f3eb875214314baad534e378d40cfa4a61a6cb295552ebafaf810100000000000000010e4563701a177ed4e436fa80db804000000000000,2975
00000000000000000000e2283167cf9aed2a93afb337e866d7d04acaa7784b94,1748565,748389,3993732,917305,687448064,2a7cf15accdb3b98b8ec29afb0f7f377f305c1e329a1848b34932f7b01669a29,2025-10-02 00:40:17+00:00,2025-10-01,dbc34d71,1701ddb4,0339ff0d04f1c9dd682f466f756e6472792055534120506f6f6c202364726f70676f6c642ffabe6d6d6889bed63832c12a7d4b400282326d4a19d2dfee9446dcd343cd5e1b343b11d601000000000000007f2480216d8c000000000000,2983
00000000000000000000766b1e140501b18b0148b2fe2145ad75e9d440ece79c,1741575,750719,3993732,919195,564699136,f95a10e81ce40b4fc7612bb26191d31b2266ee460f8caa059d180b35de74f4d7,2025-10-15 12:37:51+00:00,2025-10-01,53d8762b,1701ddb4,039b060e049f95ef682f466f756e6472792055534120506f6f6c202364726f70676f6c642ffabe6d6d6b52a71a9729aad3130af26c3441f932d96bf37ecaf53d62231a5309cf539f8601000000000000007e163191ba3b590000000000,1574
000000000000000000014abfa6fc916934e78950e43d455bf61940dc03dc3575,1506250,829161,3993733,918951,620199936,4d9a32b35e26c89416a32e4f4051f9eb1966b8b0757e5986e118ded52318203b,2025-10-14 01:55:54+00:00,2025-10-01,80a96799,1701ddb4,03a7050e04aaaded682f466f756e6472792055534120506f6f6c202364726f70676f6c642ffabe6d6da1b1fdd14d2fac5b8005e358212b99acb3d589776a4d39d22436501a7e7105c3010000000000000097df4f82c8d80d0000000000,2731
00000000000000000000684660a0dbaa66d55460042c974adf5ec9b2863bf5f5,1658416,778439,3993733,918583,581107712,187c4674d607262b8ffa2e94139a729a9a185b194b2c5fa153a00e425f78265e,2025-10-11 15:06:50+00:00,2025-10-01,2f8b3755,1701ddb4,0337040e048a72ea682f466f756e6472792055534120506f6f6c202364726f70676f6c642ffabe6d6dbb634b0f32e0ea5e0c3f9abcb7dc0b370f481fe95b85ae14544ef49ba2feb13201000000000000007548c965ac08f00000000000,2724
00000000000000000000a1ff4ccf431c5172b46bcbaae760415374de10660f8d,1504543,829730,3993733,917573,556400640,5ccbb4a9d9639f1459c0420286ddd46e57d4e03c2cf4efafe72e569bd9e96717,2025-10-04 03:36:02+00:00,2025-10-01,c222c32a,1701ddb4,0345000e042296e0682f466f756e6472792055534120506f6f6c202364726f70676f6c642ffabe6d6d5b0a8b8f3a121a128be8d7a96fe491507e97e72e23000d22883838fd8ff156dd0100000000000000817e8c6ddec5120000000000,2647
00000000000000000001d3bfa9abbcc289465bfd3ffd720f10f05a4896f7212a,1624328,789802,3993734,918898,595279872,023fd921e17fd53901e492522e57f8dbd937fb8b7a5da555bba756da14218c5d,2025-10-13 17:47:04+00:00,2025-10-01,6b9092ec,1701ddb4,0372050e04183bed682f466f756e6472792055534120506f6f6c202364726f70676f6c642ffabe6d6d0a8b9ea851277bac163d2521aacb3da2209375b347aae1b04ba137b72ad4ac7001000000000000005e80c2eea410000000000000,3244
00000000000000000000549ba01b1c1fd6c27bb7395b9938f2dcfbf703787cc4,1600070,797888,3993734,918027,536911872,99372b6e7c2298459f9defae45b767c4209eaf0f5b6b96d7bdb95beecb5c0b64,2025-10-07 10:24:01+00:00,2025-10-01,cf950069,1701ddb4,030b020e194d696e656420627920416e74506f6f6c20a30052074bf2a232fabe6d6da24909694f0ddf18ba29907963f7e9b8c832fcf03045369e36ffca917647bcd010000000000000000000cdb300f0f70b00000000,4024
00000000000000000001dab798afc22a5429b61fc0d7a4958ab81c9197b4c674,1676978,772252,3993734,917968,753352704,1bed57f5dba3591843a96d1bac8293ffbf24be5e1dd698b01c0f1f76cd8a8d0f,2025-10-07 01:15:13+00:00,2025-10-01,e95da640,1701ddb4,03d0010e04a169e4682f466f756e6472792055534120506f6f6c202364726f70676f6c642ffabe6d6d0027e1ceb0182c4f2a08eff3cfe431257feb6bb0e35cd01f62714bf2794a5ad601000000000000008a6f16421c8a000000000000,3065
000000000000000000009f1e502cff5562d4c7c297244340aed93a39cd19fccc,1568573,808387,3993734,919220,536911872,7a45e7673dcec57a7b67557e172b818848eddfc74a8fb98a4a34bbd5b36da4cf,2025-10-15 17:15:20+00:00,2025-10-01,38499d24,1701ddb4,03b4060e04c4d6ef68537069646572506f6f6c2f3930322ffabe6d6d97a9f8d373c1852fff53a55c57db77b115f3ce53252f195717d0c83bcc727ad908000000e13017eb5417fc341d1ba1f10b8b010000000000,3147
0000000000000000000172416aac8d95bfedbf0d2f4fffdd13fdd4979ae59b53,1712834,760300,3993734,919222,739598336,9e281c9e6f660e26f5031c9a99c628f412b59b7ad9c3b7ae958655ac0d23e310,2025-10-15 17:28:54+00:00,2025-10-01,f44f7097,1701ddb4,03b6060e04d6d9ef682f466f756e6472792055534120506f6f6c202364726f70676f6c642ffabe6d6df0c646b585cbf7d0f8f25bcebd2854433033badfe9edef62eb28c6a9a103efaa01000000000000009019e58f9eb5000000000000,3172
000000000000000000008b0d2f6b80b7d343583154c3143fd91def4d61690a66,1288812,901641,3993735,917568,557891584,ee2672d4b0c2ba56db0c2930b995b567bdb09b810a312504b86709a221c116fe,2025-10-04 02:55:24+00:00,2025-10-01,6848207d,1701ddb4,0340000e1b4d696e656420627920416e74506f6f6c383330f9001101a28ef410fabe6d6dc57da02e6a3c063f4bb539b6932c669e5b50139b84efdd6a51d31ad32f0c09d4100000000000000025d400005382000000000000,1139
00000000000000000000b7e96d7a301eb54a803ac5cc641d3a021fb6de5d66bb,2215373,592788,3993737,918603,537075712,7b63b36efb2d2d57884fb90d5b157cedadfe86ee5c7521ae8e57b08048499398,2025-10-11 18:22:43+00:00,2025-10-01,7fcefa71,1701ddb4,034b040e194d696e656420627920416e74506f6f6c208e001a030314f805fabe6d6d47b6b8743220dd2a8e5e29df559333f72531be65902f51e3507cad15f93be08d100000000000000092670000e353000000000000,3518
0000000000000000000149f2507b811fb96a11c4c4633ee000a79692cc4b3445,1535789,819316,3993737,918455,536895488,069ed76aa6fc55b4e266435ac209d33b32d4350c229b247e13f25f78f0588e05,2025-10-10 14:39:03+00:00,2025-10-01,6ee6d566,1701ddb4,03b7030e194d696e656420627920416e74506f6f6c2044007b03b01b3e0dfabe6d6dfc8c4b748815aa1434dc6a757929e9e360460f4a1c74ce15aeb6fe1bed184ef01000000000000000000040119a0e010000000000,3521
0000000000000000000001ebac8da06bb604bdf7939185c678403e56a16627e9,1580951,804262,3993737,918365,699531264,3f9fbdee01ae6e2099f061b7b076b2f41e281b042c41c9cd6e2b4c112649d1e5,2025-10-09 23:41:17+00:00,2025-10-01,9acd1968,1701ddb4,035d030e194d696e656420627920416e74506f6f6c20cb0123016f09e655fabe6d6de0d1ddd411aed4ba9603959b5aadacd0f455a72a8f74f405b730b85fb9fc7bc9100000000000000000003a6d2464000000000000,3273
00000000000000000000f17cf84b7d98be9ed4ce8e82f3fc81749b32ec053be2,1839056,718227,3993737,917177,537288704,62188f77a8f900b749ded281e02c8da26c4bc378b09601d2cce2415313059bbe,2025-10-01 04:40:22+00:00,2025-10-01,7f835df2,1701fa38,03b9fe0d1b4d696e656420627920416e74506f6f6c3937309b006402bf2500a0fabe6d6dce9d71f2d2c0cc393710a025f517893680547644278a6d72aa35a7ad6874dbd7100000000000000000001e21d4f8000000000000,2154
00000000000000000001ca5e33f169231849df2a67ff92eb490d1f958189fab0,1641990,783916,3993738,917926,586809344,9c7f2bf7c25ee05bf961d11fcf13e20d009a515dfe1af0d021a3b9ff4c8f7910,2025-10-06 16:36:25+00:00,2025-10-01,d778c36e,1701ddb4,03a6010e172f5669614254432f4d696e656420627920616e7473612f2cfabe6d6df64a1f364f9d97c76e7e66fd3cc5564ce8f0ba5b579840d2ffe65b44c24f7b711000000000000000102333e803a74013a942588c0b8ac0000000000000,3854
00000000000000000000b7d897074e21456e26582da11e0a37b23fb74bf6a684,1651248,780830,3993738,917428,571146240,78dfe7b9008d1a1303160c624467228f0ba26d0496cd2dcd8a093e2314700668,2025-10-02 21:44:08+00:00,2025-10-01,4619de87,1701ddb4,03b4ff0d194d696e656420627920416e74506f6f6c208e001401304196aefabe6d6dc907ff8bc857b3cc7eff652d944020077492125d74948710aed9e5fb9a5b3aff100000000000000000004ab3ac51730000000000,4918
00000000000000000000e91629b32ce54cfaa394738faaac375f2d0def639244,1592212,800509,3993739,917624,537583616,bc6bde12fdcfd16e38da80c575853e26048dd9ef7893baf007a8b675887527e4,2025-10-04 14:10:33+00:00,2025-10-01,c2bdb76d,1701ddb4,0378000e04e52ae168537069646572506f6f6c2f313239392ffabe6d6db6fd0aa1db001feeffbc8829b180abd0de65ca5de2e0465a23c69fe03a597e470800000022935a6be663f9330908ec6bc696020000000000,3998
00000000000000000000e4d7f11f3513a568bd8e72de5da33a9776168e65ef37,1548608,815044,3993740,918138,538009600,7586cbc9c7d7250ddf7534206b03e1ce5679f5fefaf85a3d4e0f126d7b545858,2025-10-08 07:03:14+00:00,2025-10-01,25e82ab1,1701ddb4,037a020e1d506f7765726564206279204c75786f722054656368e5004a05071ff5ebfabe6d6df52b734aca206d832fbe0a0edb6b5b366de0e163f78089fb705153042de9d8c1100000000000000000012a6d000000000000000b,3106
000000000000000000014c690762b6257531cd231d733274707e79a2db32711b,1518284,825152,3993740,917920,667213824,aec8b4be0fcfc31819bfb6eefb881f771c2b37d68975f64a50a81272330185ff,2025-10-06 15:51:25+00:00,2025-10-01,ca3e7875,1701ddb4,03a0010e194d696e656420627920416e74506f6f6c208e003c05be0cfa35fabe6d6d12712d79732679842f927b685513ef330d2cad90a6dda232897690b242f6d52810000000000000000000986d0000000000000024,4290
000000000000000000003a9362012dd1d453c3dcf757f580af7780b08c895360,1661009,777577,3993740,919312,585793536,b5abfb297c12ec91852739e872a7b17a97c7568841f7cfda7df45e0784b492e7,2025-10-16 08:26:42+00:00,2025-10-01,b1234d8d,1701eb21,0310070e194d696e656420627920416e74506f6f6c2044008b063cd9a52ffabe6d6d35250661035981b8b21d960f0017c5817d692a31d55c7ae96a4217891b3d7ef510000000000000000000bdbfe145010000000000,2547
0000000000000000000117aa61ccfcf2ce42a865ccffba12efc81a6997c28468,1558575,811722,3993741,918794,591929344,36d6843ab89113443374833ef0c06eff1a3044822abdae09ad719bf687613f1b,2025-10-13 01:23:38+00:00,2025-10-01,443f3fac,1701ddb4,030a050e04af54ec68537069646572506f6f6c2f383838392ffabe6d6d78488ab2a980f3daf463d65f88d06b2907ba0418a835dce640c5c83ab009c8f308000000e13017eb1099fde9110da2fb4a0c020000000000,3137
00000000000000000000218947e54626111d028be48ec44d58c921ea8f658c2a,1558335,811802,3993741,917681,608124928,96addeaae10dc02d2d00892b5f9c0ba9f31bdad8ba47b4390be547028062d4ef,2025-10-04 23:13:19+00:00,2025-10-01,5a46651c,1701ddb4,03b1000e1b4d696e656420627920416e74506f6f6c3936358e000504561dbaf8fabe6d6d8e859fccc29cf677d9318f40cf2b71bad7982d2d813f67670e7825cfcf80ab4010000000000000000000a86f2d2f000000000000,6504
00000000000000000000a1e4a817c7044b023d137afcc23e40b7939f3f29c5e1,1765918,742608,3993742,918566,537141248,4646a16d0e434f2c4d51bc49811669fe18bb8e6c3eb0833a1cb24550813ef0ae,2025-10-11 12:32:04+00:00,2025-10-01,ec058f55,1701ddb4,0326040e1b4d696e656420627920416e74506f6f6c39353944008f0185ad3e65fabe6d6d57a585d2f7ba048a842766373c78d91bc25baf342a9b658b69296617fb7bfd4d1000000000000000000095e7e631000000000000,5144
00000000000000000001285042e8ae0cdcdf0d180af08b7f73570fadfff97328,1619731,791337,3993742,918462,616570880,fcf362bcdb2288afed597de6b72e07337cca8ecb0f54c80a045eb62e22e4dec3,2025-10-10 15:57:11+00:00,2025-10-01,d5fcc5,1701ddb4,03be030e3642323a203078373833633366303033663137326336416335414337303032313861333537643244363645653261327d001200cc0bf4f1fabe6d6d5cc1701060856a2f6e4d673c5b3f7d9da72717ea9aab0000284e000000000000,4385
0000000000000000000115253bb597a3c3d8eba2d1f1a1d43288176b1322f1a1,1682949,770265,3993744,918424,536920064,2b6f7e0b3178355f08c620cab8d7c0fcc12fb3b7a0c4807ab1e871e7534071d6,2025-10-10 08:40:26+00:00,2025-10-01,912c3d49,1701ddb4,0398030e0489c6e868537069646572506f6f6c2f383838392ffabe6d6d7f20c7491dac4e04ff3fec8443b3c802c2b46763bef7b16274e793b4a4fe5d4508000000e13017eb65e9ea1f20168c1eae01010000000000,3332
000000000000000000008d0da195ed780a3662c24efcb17f03d642345acbad48,1530460,821095,3993745,918219,536969216,c237308ae8e0a86b5dc896e75025c5fb961062c47c5deab359d7a17f381345db,2025-10-08 17:49:59+00:00,2025-10-01,f133b6be,1701ddb4,03cb020e1b4d696e656420627920416e74506f6f6c393036f900ab03ee6b670afabe6d6d4487468cf0ab9cd3b3a35a26b91790754c51e974a03baa80b54f3cca8fb1e26e10000000000000000000dc2a9ccb150000000000,3203
00000000000000000001cf5c30dd6a48f7ae8ba41dcafd93895a5d111cad6f27,1509662,828028,3993746,917554,630939648,24db81e205d6a662dd6573faa1c72a548cc5558f553f03da1fcfc24ffb7057b7,2025-10-04 00:26:56+00:00,2025-10-01,5e23c863,1701ddb4,0332000e1d506f7765726564206279204c75786f722054656368e5008c026d762545fabe6d6d54a80ff01de9444e80fa904a6247423a8b202a1fb589313f62eeddde034fc9ec100000000000000000001f2d0000000000000008,3677
000000000000000000013b447b30d66b2d2905949129d4090d7fce3d800b48c5,1668555,775064,3993747,918142,537313280,b799ea861502a6f6cb34fde1e83a762af83c6a5fddbd7b7a27a6645c3cfda741,2025-10-08 07:33:33+00:00,2025-10-01,a911947f,1701ddb4,037e020e04d413e668537069646572506f6f6c2f3338302ffabe6d6d5478878f469e0708389ac0f5d5b431e716c72de48e5736de1d89fafbffb5ce4308000000f7c6b0ffb254b0312302f4cc3c01010000000000,4067
00000000000000000001df4db2a50819510866c7507725fc5720ab19b9c95349,1589862,801295,3993747,917158,653967360,559428230619a2c4e50ac15896e33d0dc325489f13ed991c7140c486ec033912,2025-10-01 01:24:58+00:00,2025-10-01,1b3f3c10,1701fa38,03a6fe0d1d506f7765726564206279204c75786f722054656368e500100779434caffabe6d6de14ca23516af47fbd14e7cb7ff2bd57db816687a54da0f9bc6c9dc703d152aca100000000000000000008d5600007e0100000000,3344
0000000000000000000103390e1b333bcfddb1842cf3490127731ec04e25ae2e,1741348,750800,3993748,918992,769998848,5f9bc01ba563f81fd1af43d6809167f5bd4fc40c2c9665e82d72d65a6541b7f3,2025-10-14 07:44:50+00:00,2025-10-01,efb7cd26,1701ddb4,03d0050e194d696e656420627920416e74506f6f6c208e00010227e7e2d1fabe6d6d2408fb275a00253ef52d61eda05e6a97bed6eb295011d84e8506e1b8dc2d31911000000000000000a4bb0000672e000000000000,4007
00000000000000000000514733ae92c1d11da872d96f4f602d3e6e64dd363286,1492054,833898,3993748,917424,537231360,8a87ff4ba6e6d6eb66e8e98b712f35613f18b4320dfab2bec5d2c2be76e4de5a,2025-10-02 21:18:22+00:00,2025-10-01,932ea173,1701ddb4,03b0ff0d0432ecde68537069646572506f6f6c2f3832352ffabe6d6dccc06bf920b42afdd026b4c748b8418b3f9522b85692531d977fb400a377743308000000b6f8b353046b320312257fc53fa9000000000000,2944
00000000000000000000b2bbbc6a692247d08523f481b2217fe649ae1ead754c,1464248,843167,3993749,918463,679460864,9be15622b46694708ba674b51e8122566aa2e0179482e16f798a80e2d771aa6f,2025-10-10 16:00:44+00:00,2025-10-01,ad35316a,1701ddb4,03bf030e194d696e656420627920416e74506f6f6c20cb019807cd51b4b4fabe6d6de63c09613f724a977f836dbf7893a6d990ad682a9434fc61f2368b3d6f4c5b0a1000000000000000eb3900004304000000000000,2928
000000000000000000011a7426f50a8c969b0e3ad3fbe653266982d667477c08,1714383,759789,3993750,918859,537387008,cb8e3bd9ac618c3f41465c1921e35b8a18a0e38a370c809113a3ed3abc48fb9c,2025-10-13 12:06:24+00:00,2025-10-01,efea268c,1701ddb4,034b050e194d696e656420627920416e74506f6f6c20cb01150582775485fabe6d6d682b6ad99dccc7aa58b9a382dd218b91d3e0f905443f9d9b266833fd8a5cf4b210000000000000000000584bdb89000000000000,5195
0000000000000000000162e318922aa7bf6ac48bae129e33b5d69070d93e7eb3,1613199,793517,3993750,919230,549732352,9ed578e69d7c20db08b818d53194073946033bb3645fe92e252d93a81307b77e,2025-10-15 19:22:22+00:00,2025-10-01,3e98b358,1701ddb4,03be060e184d696e656420627920536563506f6f6ce6000b0524595b51fabe6d6d7918ca12071a372fe1bef42af2e3cc529e4cf5a592ada78d689ff4e8869a6dc710000000000000004a2a00005ef3000000000000,3860
0000000000000000000025a1ca2f3c10caca7bf0950abea5ab47471c1782205f,1707284,762156,3993752,919000,537223168,601662e75930588b2070ddb104e75e982f5cc69032af53841e5d9274a2576203,2025-10-14 08:46:28+00:00,2025-10-01,6962912b,1701ddb4,03d8050e1b4d696e6564206279204c75786f722054656368e50062063df34b93fabe6d6de814067497560065825fd9d2badd8beb70e11e73194a01e4d8d898cd39a80dac1000000000000000000071d30081630000000000,4853
0000000000000000000163a9fbaee04d51ca9defa18018a3549e20373308e1b3,1583546,803403,3993755,917949,820600832,b5184a9d0f046fc6c8a27f50ddd68f3860702fd68bd3750df5fe7658609102d0,2025-10-06 22:34:54+00:00,2025-10-01,dd355597,1701ddb4,03bd010e1b4d696e656420627920416e74506f6f6c3936358e0011054e58c7b6fabe6d6d11eb2cecafa6689864def632b5f469e75eef93c6f7ce4b2f086d85b9aefb88501000000000000000e65300008c14000000000000,4199
00000000000000000000e7f8d5456f0e4c137fb2ca4f02ca978c3e534b7923d3,1685738,769339,3993755,917539,783949824,a1168a1e81fb865d8f92950ccf8afa6098029e741b9497f32f8ab2279fe0f62b,2025-10-03 20:16:10+00:00,2025-10-01,16a3684a,1701ddb4,0323000e1c2f5669614254432f4d696e656420627920616d6f737373323032352f2cfabe6d6d6e57ed21fe662596ac8d09b48df422f24261155b261aeeb630617f7849a762a8100000000000000010b1ea3301a3dd386033c53b1aba86f97600000000,3499
00000000000000000001a72084233f17347268eeef7b3667fd9b60b8f000a207,1445816,849314,3993758,918959,536961024,ab68252d2e5dce85239914bf019a8e0b17c626d5e00b7fe0279ca210c348f9fc,2025-10-14 03:23:08+00:00,2025-10-01,a2f7f769,1701ddb4,03af050e1d506f7765726564206279204c75786f722054656368e5009a06ca506534fabe6d6df1cd09868e9b21577ec88eb3b9870d741df6acf3ce28d033c24f7442f2b18f6a100000000000000000006d7500e7650200000000,2010
00000000000000000001db8f8176fcaa9f4d83c2e94e88898a629b3847b24ac8,1586297,802487,3993758,917704,537255936,1a24ee8deee4e4a71cb29a0952bee5a2eb997029bc3a0a8e2c36817a1b2cd7f4,2025-10-05 02:45:34+00:00,2025-10-01,41a865db,1701ddb4,03c8000e194d696e656420627920416e74506f6f6c208e002100a2055b26fabe6d6d8982fd38b2447bc67123fe3495f0e1837e62d62eb847a0af7dd677eb02a0e5fa1000000000000000868300006786000000000000,6504
0000000000000000000133d438a43d8a81113ddc1d1c75659669597f79257317,1581030,804243,3993759,917408,545021952,55668cc79c0a346ebfabfec6e7c8b4b41f5c5c26e35c3de6aa9dcb13463f58aa,2025-10-02 19:36:53+00:00,2025-10-01,36ad7b94,1701ddb4,03a0ff0d082f5669614254432f2cfabe6d6d4afe8317b1236e65022124f68888c62500498fa742879339d004e44834a14a86100000000000000010f2d0b004861ed3256702b8426586010000000000,3782
000000000000000000016cfef9e2d9531e21d066bd49c3f18b148085316ff27c,1587727,802011,3993760,917477,549224448,144d0f06ae45937d32f3525aaf949f2c7f88e89d7d3144733fd757610e8a2c2e,2025-10-03 07:19:12+00:00,2025-10-01,20b6746c,1701ddb4,03e5ff0d194d696e656420627920416e74506f6f6c20a3008c05fde9bf45fabe6d6df2161d408a1c2f5545fe38f840fd8b4d35bdb3597f219939c8c3ffccdb73f969100000000000000000008b898990000000000000,4873
000000000000000000005d5b2f61976b416a091f8fb4a1604899280162e422fc,1958297,678488,3993761,917742,537116672,b84d9a3c1352e7bc196f16995644fc35f37e4db67c438bdc24034089fce501ae,2025-10-05 09:39:05+00:00,2025-10-01,e1bc8396,1701ddb4,03ee000e194d696e656420627920416e74506f6f6c20a300a00235e7eaecfabe6d6df1cd19ad7b3e7b43de9f4b32ab9feb8067a3b15e3a35ec39930da0b34d4077fe100000000000000076a50000ea70000000000000,2426
00000000000000000000ef10584bc00d728577108d556ebdb02c5d458ceafe13,1677209,772184,3993761,917238,647094272,9c2055a212b181686db66f1a708c5b1f0acd841a99cb00ada74d8e495af7fe07,2025-10-01 13:32:16+00:00,2025-10-01,ab0f2c4a,1701fa38,03f6fe0d082f5669614254432f2cfabe6d6dfdf9497dc3693bf59882d4a62fda29e251627b02e512821fe5c7b38da6c534e3100000000000000010cfe2c20240bfde987628fa7c0000000000000005,3434
0000000000000000000117d79666f9529c85a8a09dd83a582fce84d34b5665f4,1658231,778510,3993761,917184,537518080,edfc377878cf2996e41c87a82cb355c472b36d454988b2f526624b3a950a7977,2025-10-01 05:56:19+00:00,2025-10-01,cc004951,1701fa38,03c0fe0d194d696e656420627920416e74506f6f6c20f901e706da4d6168fabe6d6d335721a01dc03df5ad6d4419122da21d45ff97e5be451cd2ba23e03ea29c3ad210000000000000000000304f7d1a000000000000,5508
000000000000000000005dc2842651778ba7f96fe762c580be57dc767d42d676,1700595,764389,3993762,918585,812613632,d24c6ba5c909749f92ae464e2643f1f931420157f666ed5dd6aa00406116e47e,2025-10-11 15:34:08+00:00,2025-10-01,3d5cbbe6,1701ddb4,0339040e040479ea68537069646572506f6f6c2f383838392ffabe6d6dbcc5aed8546df56803fac383a003572934b340d8c996f4e0b0018e330bfbece708000000e13017ebd9205e3e0a05c3684900000000000000,2171
000000000000000000018841cd716c9bf3db3d85bf85bc9c26df798fd0b2e494,1635109,786218,3993763,917482,834584576,61a8940db84263da75dc1b363ff7a4853000d522f326011683131ff2b08bd499,2025-10-03 09:14:35+00:00,2025-10-01,8603fea6,1701ddb4,03eaff0d192f5669614254432f4d696e656420627920313334746868682f2cfabe6d6d2da36b81d96f12f10e11449ef5cd8502266ca9c5e3fe7153ad1a0a57788775e810000000000000001071dfec03c73ea2be821daf35e3a0000000000000,4220
0000000000000000000082494f81f87efc2b919b19e5b761a4178bb7e86cf6d3,1558376,811796,3993764,918660,705822720,df182cec825d751ae0b444f83bb0fe71fdc90928987417a81d1db98d2a9173eb,2025-10-12 02:26:22+00:00,2025-10-01,41bb0f2a,1701ddb4,0384040e115768697465506f6f6ccb00b803b00b6e9afabe6d6da7424729fb0d72ff4dd209ff74b332602a6ab4dd53410ec69c5014834a39a42410000000000000000000f740869a020000000000,3203
00000000000000000001a94600ae6872f473574e1e3232f8d911cf9fe24b259f,1684754,769670,3993764,919129,614080512,83efdf49227d7ee01f5ee66f2b1ad0f86128a6d59863b476996ead4e150b4fed,2025-10-15 03:25:19+00:00,2025-10-01,5d2cb82e,1701ddb4,0359060e1b4d696e656420627920416e74506f6f6c393030cb000a00cdc71b00fabe6d6dd4b7330031956c9236da7941d53e7b6c63df3058e77b0654eada112ab7fb1af11000000000000000000090160000000000000000,4158
00000000000000000000aef5c93766f518efe3b4000ede35d3d247de4d1ebc33,1500026,831247,3993767,917396,554926080,9787fcb96ba04e0d06d579868a12d8366d5f0b377c92c03df5d2f6544e45a3a0,2025-10-02 17:12:12+00:00,2025-10-01,351be104,1701ddb4,0394ff0d1c2f5669614254432f4d696e656420627920616d6f737373323032352f2cfabe6d6de23cefe5b1de3cc62c3b1914b71a085488ac0fcd56cc6eaacc51a3067cc224bf1000000000000000108ace4b06cd9be723d8f120c64ac2ff6b00000000,3400
00000000000000000001a6657367206e64866a12fa513dd3ff5776aa8adef649,1514373,826465,3993768,918255,600711168,cc1b3fa777986038be4f3580f20f3dbca350d4d1e55d660a5cdd3f31bf202c36,2025-10-09 02:47:02+00:00,2025-10-01,a30e5cf9,1701ddb4,03ef020e1c2f5669614254432f4d696e65642062792063686b7a73323170726f2f2cfabe6d6dbfaf0c0f763366a7f8912e71bfe560088c714f56d0e1d7662c9009151fc894ce1000000000000000100d7045060e30a6881a337b90314f000000000000,2531
000000000000000000005d99cef1944c30d0f50da824e90db532bf6c250ff67f,1715469,759433,3993768,918126,808435712,05b166e7bad0b7868ee057f04b6fe523c7ae1b259a2aa67fb822f06d08ffd852,2025-10-08 04:41:55+00:00,2025-10-01,67e2812a,1701ddb4,036e020e194d696e656420627920416e74506f6f6c208e000604d495c5f6fabe6d6da5e7424c7893bde76d5f49dc2904654323fd904e2874303addfcc02cd9fcbb93100000000000000000005510549f010000000000,2659
00000000000000000001992220a1f41c38e94ff232af4d32ff6b00d06527ddee,1654324,779815,3993769,918734,577798144,be356d92a071a370de68cb75e7fb401e3771f1be45c2258026e2b6733a8524c0,2025-10-12 13:30:05+00:00,2025-10-01,3ed287b5,1701ddb4,03ce040e1c4d696e656420627920416e74506f6f6c3936358e0005049d68dbb901fabe6d6d6887624d18cd1b98b0bbc3b5aa9f4d40b73c9c17c672c181e9f5c0c1d3426455100000000000000000009e40eb76420000000000,3639
000000000000000000002771e976259ee53f1b3a06e6fb2b398b32468b65660b,1575054,806239,3993771,918473,536944640,fc76bf2bba090b894ebf558cfef556a852a1b296cf91b8701916afbd8ec17b6a,2025-10-10 18:32:30+00:00,2025-10-01,6ec213e9,1701ddb4,03c9030e182f5669614254432f4d696e6564206279206d6f746832342f2cfabe6d6d3eccf64de9f8b86f202b0b39bfe7164e3260e34c796044ff62ccb7e2d9352e1a1000000000000000106a81b7049ab73e04fad04ebe57681b0000000000,4091
000000000000000000019a51df6099ceee18c44eaa36a2bd6a538192e29b1c2d,1591548,800741,3993771,917792,815489024,89d234539e06cfe07b0cab313ff60d01b14fd7101c0aa36ca45a130c12695284,2025-10-05 17:30:17+00:00,2025-10-01,a441c27a,1701ddb4,0320010e194d696e656420627920416e74506f6f6c20a3008d00de6b84edfabe6d6d5d5dcc9a784b16ef717627b3917cf6533e0f499a81eda6fffebfbb04e471254b1000000000000000bbf900004600000000000000,7025
00000000000000000001af337c5df307113291ea2f3e747f652924f4c994c8df,1646104,782556,3993772,918659,537059328,780397d7ddf14dde2f00c242134e5e6f702693cf85d99fb5e3999e7727d191cb,2025-10-12 01:55:56+00:00,2025-10-01,b7676db4,1701ddb4,0383040e1462696e616e63652f313030396500d303a529dc9afabe6d6dbf0842811cd96c17e398355548f8d7817685ad1180f0b63fd9794d078a79f72d100000000000000015b6000000f2000000000000,5035
000000000000000000000448bbe796726d8986be82aa804de66355e529a731f3,1652111,780554,3993773,917349,537583616,f29ca683785ab14e1a490b1a58961f5c7752ab49d4aa38489dbea09bdd6b9640,2025-10-02 10:08:51+00:00,2025-10-01,55742a87,1701ddb4,0365ff0d194d696e656420627920416e74506f6f6c208e00180137994168fabe6d6dbcf418a8e70b0e78b1929cd592a1344620ee5976124ce30d167b20a6dc989e011000000000000000f9c70000aa53000000000000,3490
00000000000000000001bd9f8c1a3d62b64062024c4410268a649d2365563dcf,1592238,800512,3993774,918453,537403392,a05ccb82f071cd2137c87e2428046d1c736409dc48932ab5ae97601e9f3a1d25,2025-10-10 14:00:29+00:00,2025-10-01,6f32758c,1701ddb4,03b5030e3642323a203078373833633366303033663137326336416335414337303032313861333537643244363645653261327d001503a2501128fabe6d6dc8d94a4f3842cd05fc56b5f2d362233677d256addc4c0000f701010000000000,3173
00000000000000000000ffd45c39dd7ed629631553c02fc05cbd4dc8e7455915,1944238,683179,3993775,917902,667017216,7d61bcd534fb7c3166417991d14b61d47b7cbddb238eedc9227e93c8b2341c7a,2025-10-06 12:05:45+00:00,2025-10-01,1429c04e,1701ddb4,038e010e194d696e656420627920416e74506f6f6c208e0038056d5801f6fabe6d6d70e5060a159a63769384036dea1c56ec81b34d45b554c24dd4f6f16546857e4310000000000000007a2c000044d4000000000000,1890
00000000000000000000d99dc548fe57aa46af84f73b970908a8b540b9fe1b15,1597795,798660,3993775,917574,891682816,62281abfe759510eebea362e92fe85c191b9ff6e18aac51004339706e54490a5,2025-10-04 03:37:23+00:00,2025-10-01,5b30043e,1701ddb4,0346000e1a2f5669614254432f4d696e65642062792037336972616e31392f2cfabe6d6d18624aae52f99afabc647de1cb80674366322ee3f28a7b76cb02a4cbbc063df410000000000000001095f29401fe80b2fa4aed5f671f16000000000000,1394
000000000000000000002068fc473269c332a259a5961e798cc845c3d5b421db,1827502,722091,3993775,917493,755286016,c9fc409333a519d46d5149ad8431e1ebcf83c1f8d55dd85ef96bc0fba331c9ef,2025-10-03 10:57:02+00:00,2025-10-01,53b3262b,1701ddb4,03f5ff0d194d696e656420627920416e74506f6f6c208e0016074bd0ad1cfabe6d6d369d3a5606f7a402e16e081c18fd2cbc3ee99417829674ba275ec32dd5d719aa1000000000000000000068d45605000000000000,4422
00000000000000000001510b79c0d41fb176ae2f5a6ff860d5f66faae2c44054,1704432,763115,3993777,917883,562397184,6e404e738726b2b91bf4cbd316b70a1c5768cca62fe6b5951bec001cff40bb77,2025-10-06 08:07:50+00:00,2025-10-01,270f097a,1701ddb4,037b010e3642323a203078373833633366303033663137326336416335414337303032313861333537643244363645653261327d0012001841cd20fabe6d6d7c7aa799388ac1bcc6f364cefc4d9c1b747313e50000a877ac1d010000000000,2952
0000000000000000000121b982bb9dd5b651b8997a61324ef355350866657b4c,1586842,802312,3993778,917816,695992320,dc399524b60e36cebbef56064be62657165952c7d3c24b64179de9b349c0b2ff,2025-10-05 20:53:04+00:00,2025-10-01,972c2d77,1701ddb4,0338010e194d696e656420627920416e74506f6f6c208e00290626f147ebfabe6d6dcadadabc65f7f14f1c9ab050b2b29d5231907d6572c4714ca132fc5429a198d8100000000000000000008cd3a806000000000000,7127
000000000000000000015df287f557397c2754dae04d85fd4378590adb5596ad,1657431,778783,3993780,919089,585203712,60e1fb1d0ec6aa49a711c4ff50e31965fa258eaba0e026ed4dae94b8a4951686,2025-10-14 20:43:07+00:00,2025-10-01,e96a5c6c,1701ddb4,0331060e1d506f7765726564206279204c75786f722054656368e50008023e3e4830fabe6d6d8e04a19781564a29ce94bf9c50b45afe30ae48a34c51dcd72bc0e34e54ae1b0010000000000000000000024d00103c0000000000,3933
0000000000000000000078e7f7047f22a5ebcc81170aa812646e42945b6a2aa7,1901412,697456,3993780,918968,537124864,cbecd834c7cf948f711d8d47ebab93a0677d2fd489b09d1a8a8effd4cc9c074f,2025-10-14 04:25:20+00:00,2025-10-01,6fe02e8e,1701ddb4,03b8050e1a4d696e656420627920416e74506f6f6c20cb016e01e0900aa601fabe6d6dfd08b092f2b128330336e547de92e1ac82e4c55bb9e7982077141e93a1b9a65d100000000000000000005b175b53000000000000,980
0000000000000000000177f29526f11c2bbf718ec395432c6cb662d83c459400,1596459,799107,3993780,918598,536911872,60eb2d15fc784850ffd0163fb97b62b7f60676847c67dcd96bc5d6a396867273,2025-10-11 17:24:56+00:00,2025-10-01,811b3d9e,1701ddb4,0346040e04f192ea68537069646572506f6f6c2f383838392ffabe6d6d30abf110abaf60687db0652c1124982ea992b5d9ec2d30e2a56ede95590842fd08000000e13017eb5aa8f1fc020b4dac416b010000000000,4829
0000000000000000000138001e2e6a9297f85b097b26ff4ab8c349b4a471b53a,1588095,801895,3993780,917653,814161920,1ed12883727ec314f2ce3e7bf0cadeb6978185503c737f8a07159cbab943dd71,2025-10-04 20:50:28+00:00,2025-10-01,90f2ceb0,1701ddb4,0395000e1d506f7765726564206279204c75786f722054656368e50046012307742bfabe6d6d6ab02523479277842103303056b21daf5effbce31959020acda777531babda0310000000000000000000e722000000000009d61f,2861
000000000000000000015384f452025ec1c4606c2ea02f65adf912c8f1743fa1,1521040,824247,3993781,917378,537124864,88c3e9b014399decdf75dc3321005bd9c86b58683a5dc4d401cae8c9baf50689,2025-10-02 13:22:33+00:00,2025-10-01,82ad9655,1701ddb4,0382ff0d1d506f7765726564206279204c75786f722054656368e5005e007cdf03bafabe6d6d79818b6f0993cacb7daed22b577c4b40573683255b23bc8bd67ce7af023335ad10000000000000000000be020053fb0000000000,3149
0000000000000000000107469364fedcfb960ed0667ac1d2a6dc64df3e9f96ce,1701554,764076,3993782,918440,704561152,b35dbcee0293cee852280335b0a922bdd6fe2b0746db9182af1f19440d6240b0,2025-10-10 11:50:35+00:00,2025-10-01,671ff250,1701ddb4,03a8030e194d696e656420627920416e74506f6f6c204400590573dc2abcfabe6d6dc36d5212df53691a6a58449195eec8317337341a8aa8167df5f5379dacc975011000000000000000000040ea001b0a0000000000,4915
00000000000000000000cb5616b6d23aa5fc9fe47ccc39cdbfa21c65b9ebcb9a,1937334,685483,3993783,917515,538025984,0a4b5db177e39c046881ad8151c06957d31feb82488fbdb595aee09cde0b3375,2025-10-03 14:46:42+00:00,2025-10-01,5a57842b,1701ddb4,030b000e194d696e656420627920416e74506f6f6c208e001a039df41986fabe6d6d24b18a7a8b503dd3c644e1cb1af91653e6e8675f349d5f6de239e74ca12fc51a100000000000000000000ead0d46000000000000,1945
0000000000000000000195acc92e452126602b95f91b8cd1500f18c0e0bb3f36,1507602,828727,3993783,917180,548470784,a5dec0a6d3c76e5de25492e3f7a22de4b40d6031e36f5037437555877ab182b6,2025-10-01 05:40:05+00:00,2025-10-01,1d4bb80c,1701fa38,03bcfe0d1d506f7765726564206279204c75786f722054656368e500c600d47f91ccfabe6d6d3c8eae30ab5b7f5d8f6196cb7c350e6e142657355478e326bcdaf52710508dde10000000000000000000af74000000000000001e,2049
000000000000000000005bf25ad1cafe95647441a88cb4836b4ce6143835488d,1608449,795112,3993785,918972,755564544,a51f823678f1a27b55c509de386b5ddd94d90c6d03272d25968bd3c3ceaa52c7,2025-10-14 04:43:05+00:00,2025-10-01,86960cb3,1701ddb4,03bc050e20202020204d696e656420627920536563706f6f6c202020202f003e05e6e7f428fabe6d6daec898cbcae4ce3d57044e5452596e10c98d037b3747e00c19128b00852a2dcc100000000000000000003328bd42000000000000,5985
000000000000000000005f760a19384c1c2d87092df73d39882369fd05f208bd,1641416,784123,3993785,917940,537313280,13c1acb072e120064d14190e7f7c335026f6d2d498cd4ba3c0182b6bd0f786b8,2025-10-06 18:49:36+00:00,2025-10-01,7e3b6737,1701ddb4,03b4010e3642323a203078373833633366303033663137326336416335414337303032313861333537643244363645653261327d000603fdc6342bfabe6d6dd5e970999175233e58f9ebb26ee9065a319bbc0c000063b46a9e000000000000,3933
0000000000000000000154a733f62e245a26ab5ccfdc5c014052beb5e4da0edd,1457265,845507,3993786,917652,537378816,20a17e5b973bcc31812788b10f8724b5de631dfc50e58f3a55544c43ae71ed7d,2025-10-04 20:40:41+00:00,2025-10-01,b08ae256,1701ddb4,0394000e194d696e656420627920416e74506f6f6c20cb0095001f87faf1fabe6d6d5492778d82b905f731f75ed7cf140908368203dbc15b05b1a711d425505ea834100000000000000000007a900a7f010000000000,2888
000000000000000000015df11fc65b2d1c2fb4cfa4e16ae82bdb8936ee3051b5,1676865,772307,3993786,917673,800276480,b2a14d172eb2e9124998aa9922bdd07a4e89f5126b358eb9c7411da69ce2a749,2025-10-04 22:42:56+00:00,2025-10-01,f8176c44,1701ddb4,03a9000e194d696e656420627920416e74506f6f6c20a30038064b4049ddfabe6d6d16a6597352989bfa799a801ceee8925f8bd037bf5b47a32d870ec1b26d7ea45110000000000000000000a14c8423000000000000,5531
000000000000000000016cc7f400d89667dde42239409af83776f7be446fe434,1591368,800806,3993786,919283,841408512,7773b5d418c8921b043f65aaca0bd176048472a5be529a0194294e484bf16407,2025-10-16 04:08:35+00:00,2025-10-01,435d6a5d,1701ddb4,03f3060e1a4d696e656420627920416e74506f6f6c208e001206e089c9f201fabe6d6d193da66eb6c9def212073d013e49c44423257477173e7478a5f73c5cbb8a11d710000000000000000000b35f4450000000000000,3178
000000000000000000005b3af71cb7d3796c6dd8b5ea1e344ee9b470115dc72e,1653461,780109,3993788,919171,549453824,78f30834c54fd45699127e3daec4546be9a61c5947b63a22023a4090c621a411,2025-10-15 09:26:00+00:00,2025-10-01,c7b8206d,1701ddb4,0383060e1b4d696e656420627920416e74506f6f6c393630cb0072014f120c5efabe6d6de864b0daa510b3fd68ac609522c800ed61a0378741aa0710809a01440409ff54100000000000000000003df99dd9040000000000,4189
000000000000000000009c61cc65af021feaabdef10ead99327a34a5fe8712a7,1487190,835533,3993789,918633,588095488,1e839ec5d6ee537af51ebc2153a12a8beed137231f4e257404cf94546b737344,2025-10-11 22:39:10+00:00,2025-10-01,983bc172,1701ddb4,0369040e04a2dcea68537069646572506f6f6c2f3530362ffabe6d6db15a54add1b47ab17221c244afc072ee1fec92bfd97583e806d0d2482aeacd49100000004969bf4b47e90b6b7c079b8a4b07000000000000,4730
000000000000000000005645962b8ea026323dd3eb24a7ee39c60f285a259bc2,1681759,770677,3993790,918176,566566912,7672f7b0d4a6d322ddbdb5b6aa1802352329862af3d116c3aedef2efc167c9e5,2025-10-08 11:14:28+00:00,2025-10-01,c8938925,1701ddb4,03a0020e1e506f7765726564206279204c75786f722054656368e5000a0460f939c101fabe6d6d4506a24648da5977ea8547d03b15fea4cab9179072a1e4cf295b51edc8b6f9b210000000000000000000a12b0000000000000003,3575
000000000000000000014740b2fae4e9995013f299426e1fe2266ff62698425b,1619167,791541,3993790,917767,537493504,180455b871881a39380f01cca6e70f65542c3e55237dac00fd667faf289ece96,2025-10-05 14:17:10+00:00,2025-10-01,99acde60,1701ddb4,0307010e1a4d696e656420627920416e74506f6f6c208e001607995c383601fabe6d6d5cd53ec98418a610159b6edcf9985461b042fc16a2cdaa27c3e68e73134af8ae100000000000000012a1000018be000000000000,4618
00000000000000000000845d3f23e1b0bab41cd64c320478bf908d49a15b76f2,1510117,827891,3993790,917558,537083904,e5d891be972cc3467eefb691e2334bd62617b9998449e185b1ef37b6ec56800d,2025-10-04 01:19:48+00:00,2025-10-01,6ef91a46,1701ddb4,0336000e1d506f7765726564206279204c75786f722054656368e5000a04805e1b1cfabe6d6d09d0e8322eb256c5f7de5b32aff44dfdb546d66d9f1c3caef58b11cc70bbd5f8100000000000000000001b310076750300000000,3777
00000000000000000001ba75988aaab8cae8f89bc6e6a4b1c8e7b58bdfd3be02,1586724,802356,3993792,917506,537083904,493df414805092b0bc95a2183295a5415dd3ca65cf7ed4712947521a05908092,2025-10-03 13:16:41+00:00,2025-10-01,6e384598,1701ddb4,0302000e04d3ccdf68537069646572506f6f6c2f383838392ffabe6d6d579d3ccb011b7af9c69c3ba973a1db497d59d30172b8360443534e35ad4286b60800000022935a6b3d1d08042734879dd0af010000000000,3490
00000000000000000001d2d3d2eaacc30587700520db639f40461fc8d930d9e5,1574742,806350,3993792,917835,555024384,adb87a3a69fdf70173c3e33319ae31f5615f7d5c763f89665b4706a578bb2b18,2025-10-05 23:53:07+00:00,2025-10-01,135908dd,1701ddb4,034b010e194d696e656420627920416e74506f6f6c208e00220467559b2afabe6d6d017f4b19497b2aed5e0250398c12bab7f3d85d8fd89d752c29068abb5b5d3cb71000000000000000000011bf0468000000000000,5743
000000000000000000016ed507cbd141fd30d0c57af20bfd1440d41c5f904980,1577045,805583,3993794,918570,537157632,f5ad907ec79ff7633b781e02929d57896b2a2a28ad807bcc1919a7af5386b68b,2025-10-11 13:13:06+00:00,2025-10-01,792d766d,1701ddb4,032a040e194d696e656420627920416e74506f6f6c208e000604945aad49fabe6d6d4422fefb1f498faeef0dd88ec1a5065e7dd83a2a5dbc8e6595f842680dccdab41000000000000000000030536182010000000000,3110
000000000000000000007169d9a7550e8c91b50311d678b1db51cd1f78274e8c,1759383,744804,3993795,917389,647012352,3928f82c6d43504b96fa0117f16ea7c94ed4eb47e92a10ded13cc7208d702ee4,2025-10-02 15:10:52+00:00,2025-10-01,74103b75,1701ddb4,038dff0d1e506f7765726564206279204c75786f722054656368e5001a04a39c633802fabe6d6d15da15cd49f11cf5d4f03ef8258d0d2b49b179def602a9afe50fb90782ccc4fe100000000000000000001a1d00bd2f0000000000,2057
00000000000000000000337232a9d12859c47bd9f15af39b0ca3163722fd017a,1585468,802776,3993796,918634,729415680,fb5e5cfa59ce9816eae41b6d209a476b6f89d06fb34869b0c618d6a6fe0c28e1,2025-10-11 22:40:16+00:00,2025-10-01,f56562ba,1701ddb4,036a040e194d696e656420627920416e74506f6f6c20cb0086005f2f80f6fabe6d6d2adb492168c268f07f8c6184d48d20c30e8247742717c29409fa80cbbe334f9410000000000000000000fea6600c000000000000,5547
00000000000000000001d568400ead8b62e94b68432119ed120e2a29cb104045,1568051,808582,3993797,917707,537673728,c7293b41b8f7fe1227a89f25065cee923802b1922c2eff419b638dc65c38bb37,2025-10-05 03:22:07+00:00,2025-10-01,2ed3ecba,1701ddb4,03cb000e194d696e656420627920416e74506f6f6c208e003206af18502bfabe6d6d14fd990d356d6a01805511d6a756c2edb20462557ec464fc637d80bb2e02ca4910000000000000000000403c8906000000000000,2278
00000000000000000000f5531d4958714a57c10350a78ca5c87c4f0f0bc58234,1815395,726134,3993797,917572,803020800,d15076889b017f00202d96f373cf6eb24832cc71eac13def4e56dad7d6c1e43c,2025-10-04 03:20:53+00:00,2025-10-01,e532daa8,1701ddb4,0344000e172f5669614254432f4d696e65642062792065636763662f2cfabe6d6d75b91cc3ba9225137c0e920d9bb06b32ecaecbb80a34739c8888b1b6cf1a543110000000000000001079232303165f8da822ac3011d900000000000000,2265
00000000000000000001213026c0366db23ab5967f3ccc46f60b147878225ebb,1739348,751483,3993797,917189,578011136,de6b5c016b474ff175a7acce91d6713834daef651822b55c73532144e57263c9,2025-10-01 06:18:37+00:00,2025-10-01,f8560060,1701fa38,03c5fe0d04bfc7dc68537069646572506f6f6c2f3635332ffabe6d6dd4e06f1bd7ddba65724916cabe934f7adeb0e42632518cfccb057dc4ee30ed5e08000000ded8aa2189b6da5b2d28c91f0d00000000000000,4221
000000000000000000014b576517968bfb99f849b6031c398ccd1dfdf0a93c77,1871792,707335,3993797,918086,550256640,c61ef5d25a030cdde545c95ae66be7017441d321ddfd988c5f85eeb411120ca2,2025-10-07 21:48:59+00:00,2025-10-01,444aac82,1701ddb4,0346020e1b4d696e656420627920416e74506f6f6c393730a3005a0140e8b59bfabe6d6d1dee1dc4045109b48b9361f57bea537aeaf377ec16acacf17d198453f1d7eca71000000000000000000037e29378000000000000,2278
00000000000000000000cf2252308bad8e79c208d297a9d7328469619e0e4286,1546081,815906,3993799,918333,786079744,1a70ccbbfb46d679612208a20b419a3a056ef8820ecebbb86874cbd3383a83d8,2025-10-09 17:18:35+00:00,2025-10-01,dc9715da,1701ddb4,033d030e1b4d696e656420627920416e74506f6f6c393037f9014b01e62c9c0bfabe6d6d5e5f9c50a0148350e87c4d08ca89922f6af0d24817fd1720d008c53831d68d13100000000000000099040000f763000000000000,2727
00000000000000000000d1286033abd2a6214bb406dcf506130095a065faea5d,1582054,803915,3993799,917705,537411584,15154204dd4cb7d1df7683ee5d4e1dbe11e5272f28b2bce9762264e3d15f7924,2025-10-05 02:45:49+00:00,2025-10-01,21096a46,1701ddb4,03c9000e194d696e656420627920416e74506f6f6c208e002b06a21c2729fabe6d6dc8f5c502234d01f92a97f5de717dd85eb7b632f8bd36b4d65d093233c901d94110000000000000000000069dc924000000000000,7074
00000000000000000000f87539ffa91098d123ddbd35e6c644b13d9a0194ee54,1612289,793837,3993800,918252,630095872,0f21f245d37930a26d2ef2aaedb27e801047f49a2dba79ba9abd7d2aba24f411,2025-10-09 02:12:29+00:00,2025-10-01,94c092ee,1701ddb4,03ec020e1362696e616e63652f393935cb002a00a2207b00fabe6d6dcd879aa36bbdbefef6e4d23a642c5199950c59c72530f0b31c8fd625ca72f09d10000000000000003a1e00005842020000000000,3429
0000000000000000000088dd18b30ccacc02ed70605efa5d87e4182483ffd88a,2149508,614764,3993800,918090,633896960,129d8f45304fb4505b9f37b90fd44639ecfb70718a2e9a2e4eee7d89242f73ef,2025-10-07 22:20:15+00:00,2025-10-01,6a1c4319,1701ddb4,034a020e042092e568537069646572506f6f6c2f39392ffabe6d6dd2a10a838c73868bd42f9de05c115f77c0f1bf7cd3e741e7ba9376050467b16108000000f7c6b0ff88951f3d2d08fb636000000000000000,217
00000000000000000001c393299ff688bf1a90a3358ba34dec7235c98465ce58,1916849,692317,3993800,918097,536961024,dda9c0814a75cca0b4ea2bb2cf1199985ce1d94b2a956ba35578e8ef812fdb35,2025-10-07 23:31:19+00:00,2025-10-01,6c4e85b9,1701ddb4,0351020e04dfa2e568537069646572506f6f6c2f39392ffabe6d6dd247412f3f00d92176da1c7a5fc538adb5d1de0c68ad0f4f07f2e2136259daf208000000f7c6b0ffcc44acc50e02ad20eabb000000000000,1404
00000000000000000001c8eb98e02f1deac14373eafd5af7f9f6ff135dd2ef7d,1664146,776552,3993802,919068,537395200,42cc1c4b262a1cfa981377f52ccae0dfbffcdaa464a278f7f4894bb83277a1ce,2025-10-14 17:53:54+00:00,2025-10-01,d23c3af1,1701ddb4,031c060e194d696e656420627920416e74506f6f6c208e00080701b95282fabe6d6d14ae3a2b8b16165b6ba7b48d5009befda6ae431d98e8bfb9b56c9da407946e68100000000000000000010a39f3b4000000000000,5278
000000000000000000001629d1fecd7e9f6ed0a5a19d7651527e0ef35899a7c9,1924783,689673,3993802,918559,634994688,f659be2d9899edaae312157ec9d75aa1127c6b8098569c0cf071c7c1f6ed628d,2025-10-11 11:16:35+00:00,2025-10-01,9885379d,1701ddb4,031f040e1d506f7765726564206279204c75786f722054656368e50046016aaddbb2fabe6d6d0504aa3698d1e409f7f68999672c6a913864e2cc27460594e7a1d4fc6a185619100000000000000000002bf900e1bf0000000000,1767
000000000000000000019250382bf70e087f059d17298a2c804040a8086946ee,1706308,762498,3993802,918136,536969216,2aedde7d03268ccac6e00e1104aa5978c4c1fb3e3ffb320f20c749acfd7701e4,2025-10-08 06:33:44+00:00,2025-10-01,fc79900d,1701ddb4,0378020e115768697465506f6f6ccb003202fc93b58ffabe6d6db11f0e0e7f904fff5f244035c6cfe3c22ff3ace3d78cf9bd844eda77ebca09b2100000000000000000004c41dcd0000000000000,3151
0000000000000000000071dc7af365351d162fd1e1d251c33126f6acfb3a22db,1434648,853052,3993804,918595,580534272,217cace270e0c90148a6d4ae310f64b7000b349d62ecafd4073738b4c5f96325,2025-10-11 16:52:27+00:00,2025-10-01,17a8127e,1701ddb4,0343040e1d506f7765726564206279204c75786f722054656368e5004b07e2c39a75fabe6d6de50d4d73d6c333cee4d5169b6b80b0b5da84d271e01a473989439618c746d99b10000000000000000000a0690000000000000000,3119
00000000000000000001b1ac6387e3618bc3ad869c221a668d482aa2445a975d,1556137,812556,3993805,918978,537518080,0fa0e6cc01168ad3e68c8243ac7d2722a75b888c53225695e21208dbc35c0005,2025-10-14 05:53:12+00:00,2025-10-01,783e259f,1701ddb4,03c2050e0463e5ed68537069646572506f6f6c2f383838392ffabe6d6d908dd647deb229ecee450d20241719af7769d8d72b2a1075745680f18b56879b08000000e13017eb16f5a01a0f1a2df0c023000000000000,1912
00000000000000000000fb68b35fa2033657e60cbc95a57c3e048cfa8785bc11,1626871,788978,3993805,918337,732815360,af07559e19c653fe49486fff9299ef7f446d4b206cef0ea4a71c9269cc92e40b,2025-10-09 17:49:13+00:00,2025-10-01,dc2067dc,1701ddb4,0341030e1b4d696e656420627920416e74506f6f6c383035f9001905f120fb11fabe6d6df86e292f05e0ce63084dc927939fede5e21cd23d13305614b99a13341e9ee9b51000000000000000161a000014be000000000000,4042
0000000000000000000161fed86167ba94b6d0c3ca204c26e2da36549bccec63,1561530,810759,3993807,917430,717037568,1d01cfb7f213923277bfaa884829213ebf6755e0cbfb6ce690c3c2280e11ca93,2025-10-02 22:35:51+00:00,2025-10-01,598f54b2,1701ddb4,03b6ff0d194d696e656420627920416e74506f6f6c20a3008d0042bf78c1fabe6d6d6a7610e2c326dfea850eb339cb217281859339444bc8d526b44cb0c0c0d1dc0a10000000000000000000ae47007d070000000000,3584
0000000000000000000159c040f9fedbe73d577f4086a1d10e10ec73e9839703,2087458,635450,3993808,918785,724828160,d317473b6f643050002759592a56fbd413f9b2d1f38b5da6adf3878a348831ee,2025-10-12 23:18:53+00:00,2025-10-01,462c6450,1701ddb4,0301050e21202020204d696e656420627920536563706f6f6c202020202f003e056ffb09bf01fabe6d6d738991ab3cdc3495541973e2c02fc89c4eabefed2e4e5ff40f9846450c23b9d61000000000000000875c00000b1a000000000000,1418
00000000000000000000571c7415ec6a6abd3130e33b8ddc3b39e371ae8536b6,1573840,806656,3993808,918502,614588416,0bf5409ff47314c654440944560b60216eec9b4c12494b7b3059cd18c105eca1,2025-10-11 00:31:49+00:00,2025-10-01,3f168355,1701ddb4,03e6030e1c4d696e656420627920416e74506f6f6c3936358e000504841882e101fabe6d6db8701ca82aaa4305439faf83897c6c138fdf7c9605a326061b3ff2ebe93f0756100000000000000000004c6f000000000000001d,2907
00000000000000000001804fbc6a75d71f71576f68f877756d4da507f1d5a09b,1618334,791825,3993809,918766,536969216,31f65a96832ec944d2b126bc1f8e95a749db281bfa2b4c231ead4cf232ffa61a,2025-10-12 19:50:55+00:00,2025-10-01,f0394439,1701ddb4,03ee040e0e627463636f6df9000600259b7c05fabe6d6d16f62f713546249f7e1ec87ded556b98f61b7315943397f3e12eb725254246eb100000000000000000004a05271bcfa8e1280100,3217
0000000000000000000176ec225f1e2c5ed7656ea7b79f2035ce38c5194463c0,1576337,805824,3993809,917929,851959808,44ca84a83e4306806af674e32888f2bb739c6c4927197b8dff73846ef7fa12ac,2025-10-06 17:16:40+00:00,2025-10-01,bc52b452,1701ddb4,03a9010e184d696e656420627920536563506f6f6c2f007307dc89a607fabe6d6d98eee41d17af4d11fbe5d96259b9c665f5025c123f08a962abad70a8635d497f100000000000000000001577ca9a010000000000,3860
000000000000000000018403d873a124ef64d71a6716ea0c08e79b886e3e5e70,1837275,718845,3993810,918523,537526272,a81b823bb92b97f09da93d13a3eab97f5042a44dd0945d4477d8fb2df27d1863,2025-10-11 05:48:20+00:00,2025-10-01,33230825,1701ddb4,03fb030e194d696e656420627920416e74506f6f6c208e004100f54a315efabe6d6da2abe98e1421751462c736881b8697647e7328562707f6cd21a69c026b99014c1000000000000000a6a9000069bc000000000000,1723
000000000000000000003f8aba5dff7e56649b4b5c1f5ef40e60d08620a15be8,1894917,699631,3993810,917205,537624576,eeec84abef1da1f2b2aaddd337e404ff3475590b266f8849c9d174b5416516ce,2025-10-01 08:55:27+00:00,2025-10-01,e4ba46bd,1701fa38,03d5fe0d0499ecdc68537069646572506f6f6c2f3635332ffabe6d6ddad24a9f67435d8704328c35ee83f801ed59dd96fa4736e1c5e380601ae9519508000000ded8aa216fe1f5d3280f026a03c5000000000000,3213
00000000000000000001888248761cd1e9aeb522f26541d7755acc5ce306bac6,1597549,798754,3993811,917522,586506240,8d8ca9e532b3cc6f8ae480cfbe31c293630ced8a420e04fd9e436a8f430a3229,2025-10-03 16:32:52+00:00,2025-10-01,26bacca6,1701ddb4,0312000e122f5669614254432f5472757374706f6f6c2f2cfabe6d6d24abdcb77928f26997248eab5b8055bb71c682f91da16c2c9c8c1af6023ebb62100000000000000010e8e66c076700a991d43dd2a0dc0a000000000000,4151
00000000000000000000bfe236334c8eb06427435fc3c8221f0f069bac08c3be,1693211,766867,3993812,918456,538968064,9def70034d1a55e7aa16e209cb449e52385ca3ec24c6000605336043604b3590,2025-10-10 14:44:53+00:00,2025-10-01,124d8569,1701ddb4,03b8030e04f91be968537069646572506f6f6c2f38312ffabe6d6dc73b8fdbd07cd81d1b9ceee33c115823aa9775b95329da6b8f4ac19588eabc5a08000000e13017ebc099b15609059690d727010000000000,3021
00000000000000000001639834cdc3ffa83aae36a639c5edd74c6ac484a8e030,1912377,693812,3993813,917286,728621056,33b4c464a699b8f291f2b4e1e88bed3cf4ee8bae8972c8ce922b70bf6eeab0d2,2025-10-01 20:50:52+00:00,2025-10-01,3c33526f,1701ddb4,0326ff0d194d696e656420627920416e74506f6f6c20cb0038031a38f390fabe6d6dc17a37c36de94bf168ab8e3b959789093f63d7161358db0c78bd592b726801ac100000000000000088280000e2f7000000000000,1709
000000000000000000017e4d3ee4727298367ecb376fa7d70806cfe68d6879ae,1614409,793135,3993814,917914,684843008,6740738d9f946cc18e4a6dcf091c5c7d8cf5fa67cfa44399d6ea615a5075e4fc,2025-10-06 13:51:54+00:00,2025-10-01,7273b14e,1701ddb4,039a010e194d696e656420627920416e74506f6f6c20cb011b06934e6c2bfabe6d6d525fd37ee177969c8edba6de73fe5f3750018a8947f779f5785b232125dcc5d3100000000000000000006b0f1811360200000000,3805
00000000000000000000b41746bf85c75721dadb8fd9cb9758edc46836bbf57b,1642575,783747,3993816,918349,694927360,3f0dd381d012af8bff5570d554fe528860219093222d340ea4289837b34c742a,2025-10-09 19:45:29+00:00,2025-10-01,5278a134,1701ddb4,034d030e1b4d696e656420627920416e74506f6f6c3936358e000a021ab627cffabe6d6de282b86449ba0062e5dff9b3e3feeb0818bc6c85adf58e56809bbab0ca3061ac1000000000000000600f0100b10a000000000000,3602
00000000000000000000c820eb06db35f3bdc2fb64a6a74e7c48fc6bba652655,1528411,821802,3993817,918431,600391680,a1d064be0948e8a2b51b016d274d9bd4869ddb841e7aae5c5b5ec4845d8613cb,2025-10-10 10:49:13+00:00,2025-10-01,44fa0aaa,1701ddb4,039f030e1b2f5669614254432f4d696e65642062792073656e6174636865722f2cfabe6d6d707fe4be3b85f7295af4a92b8b1afb4d6e6164864dad1ab6743fd2deb8ab51521000000000000000107e5fea0c28591d6838b79d2c9607000000000000,4383
00000000000000000000c5f1d114c4439371e6714a39f154c2827b31161511a9,1615576,792747,3993817,919219,537149440,4a34923734cf19aab5144397df50d192b460595697d505faf2933b2898c2f6d8,2025-10-15 17:00:58+00:00,2025-10-01,4f77dc6d,1701ddb4,03b3060e0450d3ef68537069646572506f6f6c2f3930322ffabe6d6dadcd0579cd8bb16786d0804b4cf004e836bc3940a0e77bde0afba1af8fa7a1dc08000000e13017eb01e3e8aa2018c23ed15d010000000000,3557
000000000000000000013963557ac0dc074de4ac981dab5bd25d1c5015bda538,1660765,777685,3993820,918879,546578432,75157d9d8b6aab7ca8f0ce2ab2411161c0a6f3b084a5fa8e8f13559129bf3b79,2025-10-13 14:55:27+00:00,2025-10-01,e1206b67,1701ddb4,035f050e194d696e656420627920416e74506f6f6c2044003801beeb87edfabe6d6d84849a6e5c2dfe04840fc09c8be1dc08c6c672ec10dc15b1449b115f12d73c08100000000000000031ad0000c969000000000000,3824
00000000000000000001d6e41f7e6fce0cc37cc1feae41167ddecc567c796015,1591484,800779,3993821,918489,537321472,e557c4b1a65b687b52a4aa7b8c9059150d42cc1cc9b6b5cc7567f790bcb20cf8,2025-10-10 22:32:15+00:00,2025-10-01,d213e525,1701ddb4,03d9030e048389e968537069646572506f6f6c2f37352ffabe6d6d5f52b6d553a6e23ebbddd692bbd313fdb7fe6ffac08f90621017752e9c05f3d908000000e13017ebe9b218f92a0012fc6eba000000000000,3888
000000000000000000009fbabf987a7df68c7b0a14aff2229cf4665b4f6f1283,1653020,780267,3993821,917639,694919168,b1ba25015738cce6b6223e46fdc440a3a7a8491fc1e2d5572ff29861be137017,2025-10-04 16:50:55+00:00,2025-10-01,1f792a1d,1701ddb4,0387000e20202020204d696e656420627920536563706f6f6c202020202f005f03cd5cda2afabe6d6deda5f73260202b0439c0f86cecce374ddcd9ac54f3fa7c348aeb11116b97036810000000000000000000b6797f76000000000000,4012
00000000000000000000d8ea6e590dc858c124dd7d317e672f721ab5203cf994,1564989,809611,3993822,919114,665452544,d8b8fa6706957b2ee2a9a10c520fce5d02084df167a60c007d02c754ae5e2f0b,2025-10-15 00:35:19+00:00,2025-10-01,92daea10,1701ddb4,034a060e044becee68537069646572506f6f6c2f3733312ffabe6d6d85ff45a8b47f4aeca335daf260db127e4d1f88ff9568c10283adbc109437e58110000000a737bc51d817821dbd01d68ca552010000000000,3648
00000000000000000000aaa501031c8e5901e1f7bbc9c6693882620771188c6a,1653550,780091,3993823,919062,537108480,7c5c9ddd6c53b2f4cb41bafd06f9eda8ed29f86214f4a9ee6d38e5f336cd011f,2025-10-14 17:07:07+00:00,2025-10-01,867a14d,1701ddb4,0316060e043d83ee68537069646572506f6f6c2f313239392ffabe6d6df9ba6467d780d97ae1ef63a2df7ea879056c705b488373095f12ff850ea3fcf508000000e13017eb2ebdc97d0b0898d6b542000000000000,4441
00000000000000000000ef9b9e17c24320b8d02fcc3cd6bd1c4e3afe3640e22b,1753768,746685,3993823,918195,671358976,bfed53873442b91860405bef8766140cc7ca5295c3b47c59bfc2680f777b4386,2025-10-08 14:12:13+00:00,2025-10-01,2802684a,1701ddb4,03b3020e194d696e656420627920416e74506f6f6c208e002204a08a7167fabe6d6d44537b61ad95b21e32f3d87152de119918b7e65a0a18063f8e114bec2b5fb3dc10000000000000000000029bb85d000000000000,2370
00000000000000000001b4c9c0a6d05f14efe51058fe1b2262d133fe73cb4485,1735666,752719,3993823,917440,537001984,6f96c1615b290ac7fc16ae218d69d06c12bf20cd4f4ac70b6535d24c00d599d1,2025-10-03 00:54:02+00:00,2025-10-01,9b492550,1701ddb4,03c0ff0d04c61edf68537069646572506f6f6c2f39312ffabe6d6d3b578cef435e9ac4c9adf98a06a49ad467a7770cb0adf7ceff075b766a2ca6120800000022935a6be8eb00f8260889cdfa69010000000000,2538
000000000000000000019d77beb715b7af65907ac8f7a8a1c2d3b153ecdad90b,1791966,733953,3993825,918369,576102400,af73d3100acdd705ba0cb06a3d9022d6ad0ef67c4f9c88c8f77cab54475aeb40,2025-10-10 00:39:17+00:00,2025-10-01,814a23b,1701ddb4,0361030e1a4d696e656420627920416e74506f6f6c208e00340183c7d6ca01fabe6d6dd573c5d07ee67ca3a38ddf7e88554ef8ccc9191a2701fb08c8ec86e2b3e9d6ef1000000000000000000080f1d4642a0000000000,2377
00000000000000000000605da05d874ad8e6e7a6177b8b9f472156de76162c4f,1582758,803689,3993825,917817,567091200,16903baf253a46023eb755c026a97cd94a6ee92ecb8de937d7a9b26d82bedc9d,2025-10-05 21:17:46+00:00,2025-10-01,c731586a,1701ddb4,0339010e194d696e656420627920416e74506f6f6c208e003f002fc6aeddfabe6d6deec2a092e7257feb3b77f5b3205c44a7047bbdd806639d9a53ff48e1d5557f5810000000000000000000b9730812020000000000,3403
00000000000000000000771f549e6dbc57f685a6b662b038bc7e878d8ef45f47,1762450,743792,3993826,918904,537460736,f3b801d159b14e6f0f25102b828a366d9dfe671819487d28080a5e6695ff1589,2025-10-13 19:09:38+00:00,2025-10-01,13b9fc57,1701ddb4,0378050e194d696e656420627920416e74506f6f6c208e00380519d34220fabe6d6db4baf72d8b47f90784fc89133da93f88debc1eb012b87502bc0ed01f2f0728621000000000000000e2b80000d232000000000000,2022
0000000000000000000074b28292653f859653b856026e15145768b287c1a481,1624553,789758,3993827,917242,537108480,531f179e8a91907e7d6b74bcd2eb52499ec7673cef2d50dd4ca0163058ca5618,2025-10-01 14:03:49+00:00,2025-10-01,80cda1c7,1701fa38,03fafe0d1b4d696e656420627920416e74506f6f6c3936358e00030388a5a2bcfabe6d6d7d480c9f2168b54489a9796342d11802b31924cd9b76ca4fbd28471dd79ab8551000000000000000000028d4de20010000000000,3636
00000000000000000000c09ae65d5e8536b61274aa7df424c219bcf002d73087,1590342,801162,3993828,918703,556744704,d5f7fab028136e98240c551ec69adfa033050820792e62291866365b1f120b52,2025-10-12 08:10:06+00:00,2025-10-01,a3ed084c,1701ddb4,03af040e194d696e656420627920416e74506f6f6c20cb0025022af9ed3ffabe6d6dc85610dcbf7669d673432c990dd7379c261ea2a559fc2d06e70c660404801ac31000000000000000cc340000ff00020000000000,3948
000000000000000000000480b588371965d7ae596727371fef8fa88a6329fa09,1820383,724482,3993829,918244,536920064,25ce8515181a7b7158fc3ca82f9c3c8a2d70fb094271922dcbc9e23f8fe58c72,2025-10-08 23:51:11+00:00,2025-10-01,f7143910,1701ddb4,03e4020e1b4d696e656420627920416e74506f6f6c393539a30061026f97b114fabe6d6d30cd7c0295eecbdb51dbcf2617fbd0a02d70f64c23e33f345b8c16712f735a8a10000000000000009d220000e1ce040000000000,3499
00000000000000000001846b55541b0b88922a9beb3be777b7249f57960d3f44,1576344,805829,3993831,917865,537419776,9e2953ef69a7ee139483ff7d87534c1a534034c5c9d1aa9d49b582f368ffbf95,2025-10-06 05:23:32+00:00,2025-10-01,584ca2,1701ddb4,0369010e194d696e656420627920416e74506f6f6c20f901c100dd80cfa1fabe6d6df91da99aec006a8eb010083ed16fdaec45ef8ff7ba30f5c985634a0a4ac16b0d1000000000000000000032ff9c74000000000000,5713
00000000000000000001a304f3fb6d5b991ca8ef2b6ad8988383f67992c8be26,1903122,696903,3993831,919297,592568320,2ff871e4de96b56eb32f72f2caf9db8aab4ff76b1cd1c2260d3e23170011d6c2,2025-10-16 06:06:17+00:00,2025-10-01,8fc8e943,1701eb21,0301070e194d696e656420627920416e74506f6f6c208e0041000aa1fa8ffabe6d6d8220c3af960e7d4e4ba78e7332fa9e669a2cefec32967c68e87215069460330110000000000000000000b98dd9d62c0000000000,2587
00000000000000000001163488d7abc25d2af6d649a40abd289341e7db6725e4,2002396,663812,3993832,918096,779198464,8e38957471823b6ca19639dc31c1e87d503b46eca4284ae333f0660731954c9f,2025-10-07 23:28:07+00:00,2025-10-01,8ca80e04,1701ddb4,0350020e194d696e656420627920416e74506f6f6c20a3000d07645c546afabe6d6d7019b21599a683a9588da57a375d040602b4220df0dcff919b9c530094f352391000000000000000a66d0000de47000000000000,1555
00000000000000000001a164064238fac05cfb4c733b920f9fe9c5f04e0fc84c,1531088,820915,3993833,918063,776118272,f54dea59e99247468d00277e95be0c68e9aadff8f32f186bd33ec0f89412d089,2025-10-07 17:43:03+00:00,2025-10-01,cd4b5479,1701ddb4,032f020e1a4d696e656420627920416e74506f6f6c208e000e03e8f5304501fabe6d6d0401f55447c13af1ae89789a461b8e267eec39dcb1b809a51abc843268ee81a210000000000000000000bd4dc0c2030000000000,3472
00000000000000000001ad4921a2898243f8e1862194962f796778138ba30544,1491948,833962,3993834,917641,536879104,8935b0d78fec3d446f179287e7b9cbd44e59c04e3d1911ce74e829d3d243157e,2025-10-04 17:15:21+00:00,2025-10-01,d3f025e9,1701ddb4,0389000e194d696e656420627920416e74506f6f6c20a3000a00d618f9e2fabe6d6d4f83de752ef519e4f40de1204d2708cd14440839aef33bd839a82b0e047d584110000000000000004a1901002830010000000000,2881
000000000000000000009233cf4860941f64e073c8ee7cbbade5a0014621f6d8,1558769,811689,3993836,918561,792297472,781da4a1169497ee737ff482d1cede121105bf8acedeee394dff9fbdf862625f,2025-10-11 11:47:27+00:00,2025-10-01,b983a9cd,1701ddb4,0321040e1162696e616e63652f6500b40575b88b7f02fabe6d6da8a48c76e715dbad746c16c8fdd121597fd8b684e6008161a489d21f45346dc810000000000000000000f54b0f24020000000000,3564
00000000000000000000eaa6be6a56e6bd98e455a880cbe7eac2905c5c9348dc,1628873,788321,3993836,918278,577101824,7e1537848a004b3ef47e0cc54ce22bd6c246c8bb230db5ce7b1e5424ad85643f,2025-10-09 07:23:35+00:00,2025-10-01,80f319ac,1701ddb4,0306030e194d696e656420627920416e74506f6f6c208e000e03116259ccfabe6d6d68a2f65a52f092cca077323eaa0436fdcb9984f0058fe1155a3b8de1e3f685a4100000000000000000005793d3387f0000000000,4339
00000000000000000000cca5542ad778053800871ee423600f4221617893f386,1593684,800051,3993837,918494,671080448,e69f1b0eea6f9841456d166420acc2b8cce8bba993151896b55ca709f17ea0fb,2025-10-10 23:27:17+00:00,2025-10-01,2329826f,1701ddb4,03de030e1b2f5669614254432f4d696e65642062792062656e657a656c696e2f2cfabe6d6d5923538e5f1abce34b56191d1bd7195fd37163a0b33edd0c98399bf314472b7b100000000000000010db9e400676322a1f50f7a4062e915b0000000000,3486
0000000000000000000162f716f2189581aca6e00f8b4e111c69c58323571eff,1879618,704740,3993838,918421,577216512,505082b525f0fe6004881d9715d743b1c9e9c5108f3653698e164cbda19a2056,2025-10-10 08:25:47+00:00,2025-10-01,8de39a12,1701ddb4,0395030e1c4d696e656420627920416e74506f6f6c393037f90164032a9e239d02fabe6d6d45b5ca60da285b24934a4dfbc9e24adbfaf0199cda510c675d7b0ba782219ec31000000000000000914f00005200000000000000,3297
00000000000000000000a2dc5de3610f551a819dc3cb3be2ad5b87223a1d30b5,1559695,811381,3993838,918092,554614784,58a41b84c6bcb87f9672998d29bf2c00255e4fb5cb0261a4acdfe2d716238799,2025-10-07 23:00:50+00:00,2025-10-01,a88e3f16,1701ddb4,034c020e1b2f5669614254432f4d696e65642062792069616d6d616369656b2f2cfabe6d6dadbbf7728f384f19894f78fed96fe1d7766a0f2a4a74b3a747ab802e14e71613100000000000000010e7524406a2d5348e6a12769edfb1010000000000,3415
000000000000000000003513fcf88ef8288e29ab611d42953d5d344924e63293,1683322,770172,3993838,919290,544473088,a2f26d13be1ed66f3412878daf65142d07fb9898bf14b10f98dc4863ec5f2917,2025-10-16 04:38:46+00:00,2025-10-01,13aff957,1701ddb4,03fa060e194d696e656420627920416e74506f6f6c208e003f00eb545496fabe6d6d82b142b6c4ba8a96fe46fc78a319fcc7f85333a44ef48788b13c133d46350b751000000000000000000062acef27040000000000,5745
00000000000000000001b31fc9cf8eaaeba7aede5b88f031826dec8fecf91e27,1529201,821546,3993839,918319,537444352,d6b286cb3e0d84e63e1ec964af2499ee6c5f442b98f67349704ab64c06f889d7,2025-10-09 14:18:56+00:00,2025-10-01,58221822,1701ddb4,032f030e194d696e656420627920416e74506f6f6c20cb015203a5ed5671fabe6d6d71eb388f47a0bc77c21365ee91a50038619cb96e8dde2fc278994f233e37362b1000000000000000000085146b72000000000000,3450
000000000000000000014fa21c20df7ab9d7a45c71a18227eca891910e99f50a,1886987,702284,3993839,917218,537108480,4b4cbe250315b9c704848a07618f2d2c949f5e64f630cbfd24194df8acc8d37f,2025-10-01 10:12:09+00:00,2025-10-01,2b9d8792,1701fa38,03e2fe0d1b4d696e656420627920416e74506f6f6c3935399b00060335ccbb0cfabe6d6d97d0705c429c39d01856d2328e7ab904aead8870023efd25cadf1fd8e9f69a1c1000000000000000c15a0000a10e000000000000,3274
00000000000000000000b644b2ce1fc48305b1a65bf4aae6639cca2d9e1e966c,1741848,750664,3993840,918979,537534464,5f25db063fd77f149b9a7f642aae13abf8b32b6496aa806ea04e48af9fbc4379,2025-10-14 05:54:18+00:00,2025-10-01,b282f75e,1701ddb4,03c3050e194d696e656420627920416e74506f6f6c20cb0025020060cb4bfabe6d6d73c1c8358f52387a6e5e392ade07cc0e040a7f8b799d5583b6e1fe0d4e2009e6100000000000000000002ebe1b0f000000000000,4945
000000000000000000005eceb96c850836d1954620f7140346b28bf4e803643a,1694493,766449,3993840,917504,537075712,fa0c981566d504f7505205fee9aa2057226ec44649b24c31a1a02e0a9e312df9,2025-10-03 12:49:48+00:00,2025-10-01,9b41c093,1701ddb4,0300000e1b4d696e656420627920416e74506f6f6c383239f9000f007425935dfabe6d6d39540e42d620a5acbb8969b3e0fc02b38c33539c3c28388154f886173415633110000000000000000000136fce37000000000000,3905
000000000000000000002b61ffef0c9cb8384909f9b966435c4dfbca19d1a956,1562243,810533,3993842,918038,564486144,9b4bf221ebaf820a5be319e774fded4a0fdbe7d5c4b2eae9cde70a2750c298d6,2025-10-07 12:34:37+00:00,2025-10-01,d280dc2d,1701ddb4,0316020e194d696e656420627920416e74506f6f6c20a3008a067aa68413fabe6d6dec09c650f6283050e2ed677f75cb6f347d0f2994a64d8d9d118da656b14cd547100000000000000000008eaa0000000000000036,3846
00000000000000000000c5fa8bb820c4466ecfe623ed13d3855d7c994463e406,1718310,758511,3993843,918807,876511232,5a57aff9893f8a7e6750ec1dbf805f9f539c4fa4ee89463b72474fcf35f691ce,2025-10-13 03:39:43+00:00,2025-10-01,d2baccba,1701ddb4,0317050e20202020204d696e656420627920536563706f6f6c202020202f004d04cd42bb56fabe6d6dfcac35145f48d05f6c3eea58038abe23c46495a31ddcd0c6e5bdc74024a6666510000000000000000000c39b4500000000000000,4994
00000000000000000001124767854051cc7a4a86355e9d79f9ed6e1c95cc6e4a,1644717,783042,3993843,918658,547356672,35e63bd18f9ef203be543db2a65d7d6af6307d1aeb45bfbdc738ed39f6b26dd6,2025-10-12 01:49:09+00:00,2025-10-01,ed420737,1701ddb4,0382040e1b4d696e656420627920416e74506f6f6c393036f900ab03a2bcb8f5fabe6d6d737d3d02670861c28a9743bb4ea9799e82a49da763519a07b14a0accfc7451de100000000000000000001b293481000000000000,5174
0000000000000000000153fbfe6edb8bd4a47aef5c58b7466873b5cb6d0e90c9,1646682,782387,3993843,918432,537862144,b93f7ccb463455116986ec98bcb58667ab1b57f65c2581125a4791bd8040e99f,2025-10-10 10:55:19+00:00,2025-10-01,7154a7c8,1701ddb4,03a0030e041fe6e868537069646572506f6f6c2f3137302ffabe6d6d7c1816467a2175843df49dc578af775fb09e6024272ab3012005fcda0cb250a7100000004969bf4bbdd740767d0401b1978a000000000000,2608
0000000000000000000100f6c22788cd505650920ae8d8e3e4ef343959b5a197,1611807,794012,3993843,917550,537042944,9d827fa0eb208074eb158519b46e9012eb02a7f88ed791489c3541d982fcf7ba,2025-10-03 22:50:09+00:00,2025-10-01,cb97906b,1701ddb4,032e000e1b4d696e656420627920416e74506f6f6c393730a30014024ad8819bfabe6d6d1a18629114d22cc5f7b39bd3f33c7f9172b549653124d10d9d7367d033dd471d1000000000000000000090e62424010000000000,3600
0000000000000000000110ca0c55aec46a6080d6778d195d2553327b408c03c1,1861684,710720,3993844,918701,612024320,26c7a4bf9efe77029f35ded8d557e9efc796bed37e2b075a879453798ad0b352,2025-10-12 07:44:40+00:00,2025-10-01,acda9e39,1701ddb4,03ad040e194d696e656420627920416e74506f6f6c20cb00270221e0666ffabe6d6d19df0da128b84eaf635d141dc290d795180b2c210cda0fdc98961f515b5e472d10000000000000000000d81b980f000000000000,3359
00000000000000000001ac2f0494728cd0d3465ce77d9fe5c4d4ce78476f9c45,1533427,820139,3993844,919202,538779648,c772eeefebcbf2abdd79fbc7f7ee8fd0322354081a159b277c71fd272d809609,2025-10-15 14:42:28+00:00,2025-10-01,af100b6f,1701ddb4,03a2060e182f5669614254432f4d696e656420627920736d646174612f2cfabe6d6d4ac88526bc58c79ea4087c51879c67c2f91aa540fc6d999a77b8b81f6b688bb51000000000000000121f153218e305b098adfa3d9d023ae601000000000000,3766
00000000000000000000cd3e32efeec81ce1b46100752eb318c07c6a60e634a3,1914434,693137,3993845,918415,537026560,a1b3ec5e340413b56f33593e1ae1b84c1e333646f05876cca75ebe4d74719c32,2025-10-10 07:20:07+00:00,2025-10-01,cfaaac3e,1701ddb4,038f030e04abb3e868537069646572506f6f6c2f3137302ffabe6d6d77786d4bdf8c2b93a53a6098ad8c580608a83383e1cb7144217f4e62c5e8867f100000004969bf4bf8fcf3d18612f6e69887010000000000,2539
000000000000000000003a4a2463977a674b393f3f313bd2e63aca025fbcc65d,1730589,754419,3993846,918927,537067520,bb82167c63df3fddfa89cb798e79805035ee1d290c43cb925abbf6eb626e225c,2025-10-13 21:52:18+00:00,2025-10-01,e4aff51a,1701ddb4,038f050e194d696e656420627920416e74506f6f6c208e00410053ffb001fabe6d6d61d604aa36a759729144aaa5eb83bba324ae1f118df86a4b34c37d1e881dd2751000000000000000719d0000304b010000000000,4496
0000000000000000000156961114c9b760c9177413a1573df370c108f20dfff0,1462554,843764,3993846,917797,673701888,2381bcb28d71de2f3218d775429b54930f18360f3dfb32f1311369f627611eb2,2025-10-05 18:51:31+00:00,2025-10-01,4b255db6,1701ddb4,0325010e194d696e656420627920416e74506f6f6c208e002702fb79c211fabe6d6d6e1fd5d904d5e7fea1b2213484aa33c9efe264657c6c44cabc3c3e67bf7b90c91000000000000000039400001860000000000000,1969
00000000000000000000a2ee75582ca56069b0a6a3aadf2b13be18514b9c92cd,1661561,777429,3993848,918392,691789824,0e79345250c8bd805e1366ccc9ebf45aa37c07c3afe969f647f9d998f2ba7106,2025-10-10 04:09:54+00:00,2025-10-01,fd72e670,1701ddb4,0378030e3642323a203078373833633366303033663137326336416335414337303032313861333537643244363645653261327d000002cf1b3172fabe6d6d81d43cc7972e620d91405cc606a8345e598e697a0000064180e7010000000000,2773
00000000000000000000eb2ff4c045e23d5bd67c51eff9a1b1fd69771cb9960f,1991102,667582,3993848,918399,595001344,4991ef433be5d33009af5b168ff944363e610079f0b54cff84b9b3b50e7d45c9,2025-10-10 04:47:23+00:00,2025-10-01,1b013a6e,1701ddb4,037f030e194d696e656420627920416e74506f6f6c208e001a03dc81d4e0fabe6d6d09a103cbb35071f9837f6226da003144e0f90f9ca45e5299dad45a4588e23e1f10000000000000000000d25b4520000000000000,1983
0000000000000000000125accfa9192b43dce593949a0910f12011b4910f8bb9,1754099,746583,3993848,917570,537632768,fbc2a1e84bf2567cdae27d78fe16c4686a304604de100a43621b2c4d022005d6,2025-10-04 03:06:30+00:00,2025-10-01,4b487e2a,1701ddb4,0342000e04378fe068537069646572506f6f6c2f313239392ffabe6d6dd5b0eccc965284cbe42dadf817bc5c82a40a2d18c609db4da1e74c2efcc6f5c40800000022935a6b3758fa9e1801daa7dfb3000000000000,2042
00000000000000000001d9657de12bd7e546248846cd657dabd04f4ba3cb532b,1649996,781284,3993848,917407,618405888,4f9118d68937596e9f9edb951dd9a2b4ac035d643d614130d84f44fb46d6bfc8,2025-10-02 19:18:51+00:00,2025-10-01,f0d2235,1701ddb4,039fff0d082f5669614254432f2cfabe6d6d33448d242c1b10846a835beddddd03dbe17663aeca6d2e10435c4c50ca2faa421000000000000000106ea3e80c949d760a37b12f453505000000000000,3482
00000000000000000000302d5c39224b5e6d78fc9446cc7628ffe16611210496,1838882,718322,3993848,919191,718970880,d93f2f93592c5cf9b004083460324263cfd1fb5bfee4e05835f812f53c3a3cff,2025-10-15 11:40:37+00:00,2025-10-01,c81d0b03,1701ddb4,0397060e194d696e656420627920416e74506f6f6c208e0038057f362c8cfabe6d6d5b86ae81fb2e1fdcca746672398e7ec9a045fa9285ae58325e600a396e94469c1000000000000000e6240000f3bb000000000000,3797
000000000000000000012a75a40396c8261d063c66a1024e20ef3e6f774897c4,1594715,799712,3993851,917237,645849088,dbc70c0ec5b9c750e1f0b3aa067eaa896337f94e571e7c13cf28309349401504,2025-10-01 13:18:13+00:00,2025-10-01,4f28d205,1701fa38,03f5fe0d042b2add68537069646572506f6f6c2f3536392ffabe6d6d1a9dd17686be53c4353d28180b70eee63d213ebc35e04a11a938e8894557124608000000ded8aa210563082029272cb06c90000000000000,1988
00000000000000000001267f5eea765ae9d764c30fc541fe024e7c88ca02c1a0,1748054,748599,3993851,919142,855523328,c7dc79c41a2d8b3f96140262a8ba29ae6018080078d2c453100f3ec897908225,2025-10-15 06:27:34+00:00,2025-10-01,aeef8831,1701ddb4,0366060e194d696e656420627920416e74506f6f6c208e0018010f4220b5fabe6d6dfe3c7fbc5f2d48c42874cade71304d2d47fcc3862e26976c5347386a15ab9b4d100000000000000000008ea46b79010000000000,2615
000000000000000000005056f33a3b73fa0074f2d0c498aef7a1483f3d07f504,1968894,674986,3993852,918238,537362432,ae35db3a435505bc6063f9af57cee39e67aa27798bc1994dde00bf5c244cbf60,2025-10-08 22:05:27+00:00,2025-10-01,84dba84e,1701ddb4,03de020e194d696e656420627920416e74506f6f6c20f901fa0149c8f508fabe6d6d095b22b27a6f08a4ba39dadcd89c90125e7f7c70f402fdffb49be639737378be1000000000000000000003a9719b000000000000,2198
000000000000000000015aab4bc3ee013a331d505d9df084d53a74e0ade53935,1531763,820697,3993854,918509,641712128,d9505f2981be9e74e35db90dc26c5f90fce69cd18f851cb0db20931ee8aeaa21,2025-10-11 02:00:22+00:00,2025-10-01,f4a0f687,1701ddb4,03ed030e194d696e656420627920416e74506f6f6c2044003605a3c33887fabe6d6d0a0352d324b6368f3f38cbc5ed77c5435dc5aad804e783005daa08b63d6bd7f810000000000000000000e6070055ce0100000000,2950
00000000000000000000bfe2dfa7db0249854da123686810fc678b2e6e596576,1707059,762265,3993854,918173,595623936,32bc7cb7381706e9de2d5802ed65151119b7754880e5f2ba246eed3fb68520c9,2025-10-08 10:46:29+00:00,2025-10-01,99d5418c,1701ddb4,039d020e194d696e656420627920416e74506f6f6c208e00290656f73084fabe6d6d6765adae7d0365b2f0d3af299920b950f37a88aac801a0c25eeaeb0d69a6224310000000000000000000ca47dedd030000000000,3733
00000000000000000001843cda0b48134da2bc1e6a2d04ef8aa5b577b15f73e1,1660699,777719,3993856,919017,537198592,2e1b9397a48e34ecaffbf7de236ba2033d6b9d7af142207cf5fe196b52bd78f4,2025-10-14 10:40:01+00:00,2025-10-01,951ad22a,1701ddb4,03e9050e194d696e656420627920416e74506f6f6c208e003401668eaab2fabe6d6dd88ee11e9864b1f4e068b65dd420bd12119b89b04cad23af7e30dcb1cfdac94810000000000000000000f233c753000000000000,4921
00000000000000000001b38e0eadbc50685551272c130aca2068f20b2fe19f38,1570360,807832,3993856,918529,597139456,b6cffb763028f57be2c7d104bbc0edbf63ac106dbc13d22713d30786ac03e24e,2025-10-11 06:46:05+00:00,2025-10-01,5aa2c31,1701ddb4,0301040e3742323a203078373833633366303033663137326336416335414337303032313861333537643244363645653261327d001b0109f147de01fabe6d6d393dfd5eb27b6332bff8148e78b66c01aa710ea3b60000de1e030000000000,3734
00000000000000000000ad61a98b6651bfcf0a6a3254d489441fc898aaa13472,1916503,692451,3993856,917416,854073344,77c3bc1649ce4f551acb8037763dfd474b3fd459da384c37f37e4322debf6a8c,2025-10-02 20:24:34+00:00,2025-10-01,f26cfe3e,1701ddb4,03a8ff0d1362696e616e63652f393934cb016b0313cd172bfabe6d6d7bcdf311bb0b30dc789eaba54822ab04ed0119f9c14e76779996319edca5aee910000000000000000000e5798706000000000000,2410
00000000000000000000b8b7e55e03c9e2d4f5664827ee44cafdf50b67cc86ea,1668503,775118,3993857,917258,537600000,750c6136a996ba0654266316967697810c1d3bebdf49b8cfbe5ad4e081fc26b0,2025-10-01 17:00:53+00:00,2025-10-01,d0929a33,1701fa38,030aff0d194d696e656420627920416e74506f6f6c20cb013100c7f89f3dfabe6d6d05d631c8d2a9ec82b7e44033d2bdd9774b33dc84023f3c8e6690b5003d8002a5100000000000000000004600743b000000000000,1358
00000000000000000000e7dd2bb0688ee08d9aa3bf1690bf8fb9459ed3baebdb,1595302,799519,3993859,919071,538206208,f14ea56fc1d5de5b4483044d517d42837746870243f508cf4b643968f15a07b3,2025-10-14 18:22:38+00:00,2025-10-01,1b17e23e,1701ddb4,031f060e1b4d696e656420627920416e74506f6f6c383035f90005000c008a81fabe6d6d21e97d410a27b17c1b447c1e7a1552bcadfaf6201373b13fc8c890d572665e5410000000000000000cb400006c62000000000000,3535
00000000000000000000d29f6df8e1f0fb7b501683a1ebd2c6fb1225ca368542,1701134,764242,3993860,918722,561946624,8d43d7ad279cbef1bfd480d4b6b9a3a9ebd0cf592e3b427c3451a469b93b76ea,2025-10-12 10:45:38+00:00,2025-10-01,4953afc4,1701ddb4,03c2040e1b4d696e656420627920416e74506f6f6c3936358e0028016298632bfabe6d6dc54bae150934c28921b06c3a0b3addc251a9b6d9876a4bedae825e937e2d7b461000000000000000000069cfa46c840000000000,4552
000000000000000000008c8c20e08901cce1ce1bba66d23e78e1a73aeccc1316,1707012,762283,3993861,918749,538066944,b69fed7db13101cf14d9f201b39018ac310df8bcc5ebdf375f5fd63e5f364988,2025-10-12 16:38:54+00:00,2025-10-01,a08b56df,1701ddb4,03dd040e1a4d696e656420627920416e74506f6f6c20f9001302e0ef924401fabe6d6d09031c7301f8413301ed0d89b2efb28f301cfa4a9408db301c3b2ae469af175f1000000000000000f399000079d7000000000000,4081
0000000000000000000034ad2bae8ded35d96e654d8c6f42c63cdca3c0bc8c28,1615909,792651,3993862,918748,667656192,0f8132f5067ea72c359011ce691356926d6d8058daead7d4b6fda146177ee931,2025-10-12 16:28:00+00:00,2025-10-01,ddd2446c,1701ddb4,03dc040e194d696e656420627920416e74506f6f6c2044008b06dd09e11efabe6d6dd67ee0e619990efbb62301602e4e191b5bbcb1cf34557fa67b885e747960d95b100000000000000023fd00005102010000000000,2546
00000000000000000000bccccd4a80e6efc59beb51b99ebbf0e220657f39f581,1540582,817760,3993862,918715,612884480,61aa01108597c96c6030237fecaeba2ab9b428141124ecdca4e1da485c46040c,2025-10-12 09:47:10+00:00,2025-10-01,3ad0f05c,1701ddb4,03bb040e142f756c74696d75732f37383765000c014db0849afabe6d6d43e5a157b09b0527ad2448990bc082540a8cf9857ffa3268f9c25933bdb239881000000000000000d4a800005b2d030000000000,4143
000000000000000000001096f714ba38a80532a32fadbe354efa3c8619dad41f,1689683,768060,3993863,917187,536977408,9f974c387562c5e163c8010ad9bfbff7418b9ea7d6339223195c92776e6e8bde,2025-10-01 06:12:58+00:00,2025-10-01,53e545,1701fa38,03c3fe0d0480c6dc68537069646572506f6f6c2f3635332ffabe6d6d2b5270fa821a9c54d688458a2946b8d59cc65d9eef7421b4cf74170375cf410708000000ded8aa2139aaba9202262f8562b7000000000000,5714
00000000000000000001501cc6847ba3085a158c727160ceafeacced6bd8b9e1,1586344,802507,3993865,918534,536993792,fe881c3b73745a8c610d0968139573bee10862aca324ab09f5d604c6967a3f70,2025-10-11 07:19:21+00:00,2025-10-01,a9b640b,1701ddb4,0306040e3642323a203078373833633366303033663137326336416335414337303032313861333537643244363645653261327d00060315d69239fabe6d6d3e0b8536d21185a774c8bcbf61fcefd3c021b3d8214200005a83010000000000,2119
0000000000000000000006be0ed20f596bed3b9f7c3edeaddf0f0e5327ff5a57,1609492,794791,3993865,917613,777797632,03c0352e4a920a0fa719056528f4330df85d8cc68b710324225f6a1d1af0740f,2025-10-04 11:26:57+00:00,2025-10-01,5692d978,1701ddb4,036d000e1a4d696e656420627920416e74506f6f6c208e003704597fefaf01fabe6d6d20d89f466964d3a38ab29eb145d024dfd736b6b26f2cf7b9c0df007a6db7c32e100000000000000000002e5cc6c3020000000000,4196
0000000000000000000036993653ca43d554620b912ee512ab8d17880518cf60,1742732,750378,3993866,919130,551550976,5a6a5e1d374c6965cfb43324d444373a956d6f3752f7eac9296528a73cceac09,2025-10-15 03:37:39+00:00,2025-10-01,84587540,1701ddb4,035a060e1362696e616e63652f393934cb00a402d27cfc21fabe6d6d741e92b206d642d5f04435a689c4c4e2eddd1641e0575d6c48caa4b480eeb8d910000000000000000000c9e0ffa4010000000000,3252
00000000000000000000098e0d241fdb11f2257a787d9fc21cd3dd55e6b371f9,1715531,759445,3993866,919254,830963712,9b316723b0b388d33510f227bf5830dd03a4354c5686034fdc036109434c5d1f,2025-10-15 23:58:41+00:00,2025-10-01,d53e94c4,1701ddb4,03d6060e1a2f5669614254432f4d696e6564206279207a6c6f79373235372f2cfabe6d6d77d9621a25ad6db4e0304d0b6045c3167acc5fe1885c6071a5425882277fd5de100000000000000010ef1ee30548461429fa5dd59c680f020000000000,3583
000000000000000000019d49c57dc8e68179817b9e6bd28bdbae56f3daf8ebb6,3413079,193596,3993867,918627,537452544,11a38fd8df99b384e6b733836cbeaa8c4cee7cf98717a79198af47a078aa603c,2025-10-11 21:49:58+00:00,2025-10-01,334b2e08,1701ddb4,0363040e3742323a203078373833633366303033663137326336416335414337303032313861333537643244363645653261327d001f054d32f61f01fabe6d6dd4f5e70bcb5457543e796708a773b90ee80e3600004d719f3e000000000000,1214
0000000000000000000014fd7dc8b2a8358fdc0c8461dc44c510ddcd9652fec1,1632693,787058,3993867,918457,658046976,d62cf6c84266037cae918328b16ec4c4112a46c3cdce51c6f6afa31a10fcb060,2025-10-10 14:55:59+00:00,2025-10-01,c8784d43,1701ddb4,03b9030e04861ee968537069646572506f6f6c2f38312ffabe6d6d7034b45cd723485484535026fd299c7da5c2543b382dc8bcbeaf1398e689b28708000000e13017eb509810b70c0160f09505010000000000,2703
0000000000000000000020156575b58b23b8ef222ab2d0491fc75ec58fe4a2ba,2619667,458067,3993868,918382,537059328,3a6dad79b6024c96c16d7e5d022525c6faee32a852d8674cc7f361f12c09aa7e,2025-10-10 02:16:03+00:00,2025-10-01,a3ecf46d,1701ddb4,036e030e194d696e656420627920416e74506f6f6c20cb013801a663b605fabe6d6dac89e2fb5dab775945ff59f967a8a4bdb3d2785c222116d33c7b74a4edf8291f100000000000000000007ac5fa18000000000000,3008
0000000000000000000008f01a6d2c9ffacec3f0e1532cdaf2dfadc3623b7117,1987363,668835,3993868,918406,537354240,e1bb185e1ecdf009d4859714467a8221a256c9419f38b3fd2f02f5128ce3902e,2025-10-10 05:59:53+00:00,2025-10-01,1f4c2069,1701ddb4,0386030e194d696e656420627920416e74506f6f6c208e001305f66f4b83fabe6d6d38fb02a64725a9acb2797bfe613d7db19eaf56c7629302e162a4f1e6dafb57fe10000000000000000001136f705e000000000000,2054
0000000000000000000025941aefafea0f44cd420bc671672848f047186492e5,1653542,780109,3993869,917460,537190400,19ba39ad9550a3d86f79bbe062a56f222965c4e43c88cc0651fb5b19adac5906,2025-10-03 04:52:57+00:00,2025-10-01,c205eb3c,1701ddb4,03d4ff0d04bc56df68537069646572506f6f6c2f383838392ffabe6d6d6b7a7596e6eaf4c98f724b425d84276c67137b6bc1b6270b4ff567123057f5500800000022935a6b9e497e69173410df81f4010000000000,2936
00000000000000000001c4b85035003415b00a10cc2d2c2fee6e2b9a2bf14975,1515372,826166,3993870,917971,805715968,769bde9831407af2042d769f7dc670d0202674803af36d6439ea605ab7437e09,2025-10-07 01:59:07+00:00,2025-10-01,b58c570e,1701ddb4,03d3010e082f5669614254432f2cfabe6d6d6a6296d26f0e5c8813ce55d6ddef2516bab6506ecb59d857b4a91e284df05eee100000000000000012971e5b1ab60479b31166254a7ff61000000000000000,3159
000000000000000000019590521acf1ae216d335bd987bfd768dd5d2c2db4c9c,1599366,798168,3993870,917661,634150912,1fe2fbadd914acfea16c95b0b9215b23a6890fc57a4cde6a65764971f3daaa6b,2025-10-04 21:46:30+00:00,2025-10-01,2283cbe8,1701ddb4,039d000e162f5669614254432f4d696e6564206279206d6f796b2f2cfabe6d6df2d1f7cad2ba53ba30de5616750fbaa8d67feccf9f8807f72025955c9c0585e2100000000000000010b9d6210c0931945fc3aebc091b00000000000000,2692
000000000000000000008a2b21d0f743a2e2a018b8c2d5b6338a624b452d30fe,1644918,782984,3993870,919299,538337280,f9ff7a0d4c68b57aeef11cf571a0f9459aaff3caa0275cd975e819014762dd7c,2025-10-16 06:27:54+00:00,2025-10-01,ba367656,1701eb21,0303070e1a4d696e656420627920416e74506f6f6c208e002702125d0e8801fabe6d6d655ccb152c8ae0ebc58588d8692c56b0e6f350214a0450e643948ccba2c3ca2810000000000000000000767b68bc000000000000,3694
0000000000000000000061a360752f9b9a6c2ce0f3a6f67e086f33d7493d153a,1641520,784117,3993871,917527,767991808,dc82098e56f842b2beaed84b03fcec56a43ea5b1f0e26058a22b7c7f8b2a4928,2025-10-03 17:50:00+00:00,2025-10-01,90338234,1701ddb4,0317000e1b2f5669614254432f4d696e6564206279207073676c743570726f2f2cfabe6d6de4beedaef3618cc0daa86766bf2bd55f3f53d0f3131375158848c3beea785f6c1000000000000000104ec41805d64e2f1d7d5bf7104701000000000000,4209
000000000000000000002d486855d459387162ba21bc8038058a858d45574e04,1742968,750301,3993871,917789,624828416,45d46c7326b73ee6fb50d6b4c61a9cb05f494827a2f8620f42b27c2260086c35,2025-10-05 17:22:09+00:00,2025-10-01,68c856b5,1701ddb4,031d010e194d696e656420627920416e74506f6f6c208e000e03db82ee6ffabe6d6da1711ec8c79d7f2a9e9b03b418d941f4e0276b4ed24eb08ef815cd4e6f1df1f310000000000000000000a523d343020000000000,6425
00000000000000000001b31a91f90f233b2463f48f1ccb0255a80ae65ae2921a,1658780,778364,3993872,918792,537616384,02ea9b41c6dc20044a51b79ff05a54ecec44eadc8ac3105bd39ebd6b172f5c03,2025-10-13 00:57:12+00:00,2025-10-01,6eeeb2d0,1701ddb4,0308050e04864eec68537069646572506f6f6c2f383838392ffabe6d6da7505eda0183320d41acd4182d46586babdbfec066c9f491551ddb95950d809108000000e13017eb6d8d0642091289f7f9f7000000000000,3434
000000000000000000019f6e767445d5b8c0f4bf67c9856bd9c91fac4b5de08e,1569039,808278,3993873,918006,536895488,7605d800004e34e85c1704ce9ac4bf7694d75aa52e66f0d0fd0a6daf10662293,2025-10-07 07:12:04+00:00,2025-10-01,a2e63277,1701ddb4,03f6010e194d696e656420627920416e74506f6f6c20cb00b603074c7828fabe6d6d5b8e3bc7372abffb3a4e16f2af2c992c8d078aea3341ccdb11b534584e7827d510000000000000000000425764c1000000000000,4276
000000000000000000019513a274b06e7a438d2722da659e778c460a79805127,1809337,728179,3993874,918119,671203328,4cbeef99025b3f060fb268b31e3e708e2d0d170cf637fecc43d27b2a72046bdd,2025-10-08 03:26:28+00:00,2025-10-01,5495660d,1701ddb4,0367020e21202020204d696e656420627920536563706f6f6c202020202f006806b99aa42801fabe6d6de7069be183e8ddbbde45d7a098f9e93b8be1d059f5161e3fa6f4cddf7491bf731000000000000000fcec00000659000000000000,2844
000000000000000000011272096a55fd12a9d4aa997a617b012174ddf68a89a0,1609379,794832,3993875,917322,598261760,ac35733c1324c05636b49b4e452f56c5175a87d7d60b4b4f2f20eca68d69ca26,2025-10-02 03:21:56+00:00,2025-10-01,ba3af7a8,1701ddb4,034aff0d194d696e656420627920416e74506f6f6c209b005e06a6145850fabe6d6d13a3ae319db307f88a698416ed1ef829ec672557405db2a34a47f652aae0b64b100000000000000000007abe4da5010000000000,3239
0000000000000000000078aed1ca223e4b3996c6d25e6d997d582f42db52562a,1808906,728323,3993875,919293,557236224,d9f354312db98e1275efd1d89fb0952ca252974e85f1bba41314f96295333c52,2025-10-16 05:09:30+00:00,2025-10-01,b7778f86,1701ddb4,03fd060e04257ef068537069646572506f6f6c2f3930302ffabe6d6d2145d87527706324a65283102ff404d09566db70a01ed94767e589452f9f425808000000e13017eb5fd9fed3182724af680f000000000000,3194
000000000000000000014ab272787840a5557c18abe9b92626b8ca2d3fcfb6d2,1564419,809819,3993876,919100,541065216,600d8ec834b42bfb335eb43dafc707f3db0b247d18833a2c1e66b9fe424185ad,2025-10-14 22:51:21+00:00,2025-10-01,50f0665e,1701ddb4,033c060e04e9d3ee68537069646572506f6f6c2f38312ffabe6d6d5cff13a3ae96007a8a21a64c43d47a58a4af347a1cd68c8c9abad89adba63895100000004969bf4bcab809827f003bbedbcbf30200000000,2941
000000000000000000002f9714f692f3206a4af8318db423c233b73fa88f0115,1721259,757539,3993876,918674,537772032,f58f47f5bfb7b31d6fd92dcc7a8eaef76830ababa787cf3d29d9fbc28325c5e5,2025-10-12 05:03:34+00:00,2025-10-01,c9d8d52c,1701ddb4,0392040e194d696e656420627920416e74506f6f6c208e002501e843df69fabe6d6d33b9ab5d32cce9160e51b1a66b909d715c7fe990031467e2bcf900380668d67e100000000000000000005ed1b0a4000000000000,4846
0000000000000000000147d5f533e399224389da0d658c724ebfdc91dcc13da2,1574217,806553,3993876,918210,536895488,108632135a908bac12f2b6d938b5de79f3ec2eaaa0374c7588ca8c2a266e1bca,2025-10-08 16:33:53+00:00,2025-10-01,6f5ff5ad,1701ddb4,03c2020e194d696e656420627920416e74506f6f6c20a3000801d33496fcfabe6d6d7c991e7db3e9bd1d871dd68ae030d6fc2bb880e4eadaeac1c136b995632c6ace100000000000000000000100c11f020000000000,4013
0000000000000000000123857955c38fc502d7bdb341e816db619b1d6fd75f15,1702848,763676,3993876,917881,785285120,8f5ff6f0387c4e5a3ae5285855b9a54af52eb412d7a4172030634605ce8ff91d,2025-10-06 07:39:29+00:00,2025-10-01,d93b4488,1701ddb4,0379010e194d696e656420627920416e74506f6f6c208e0016070e1f1591fabe6d6debf166185e2b03f393ce3808ecdd34a1c573c8211fccb8d74203252c47887dda100000000000000000002c717a7b000000000000,3451
00000000000000000000859ec8c07f58c639812e9eb7b4f30b0ded8c99cc084a,1534690,819729,3993877,918901,605159424,3db9c4cdff748f6f7d1987127bb91ce9deb116bd50b800cfbb3337f3d49ef247,2025-10-13 18:56:49+00:00,2025-10-01,42f932be,1701ddb4,0375050e194d696e656420627920416e74506f6f6c208e000704153dd88efabe6d6dccb8485f0e1dc0dcc59942f09e87ef078196bd7b5cdb905bd59c5d2eecc431821000000000000000000075b0b01d040000000000,3374
00000000000000000001069c33fbc1f85ff5e69f2b8494c1e9ecd0ba991d7de2,1764353,743175,3993878,918537,599433216,d9593c2a7c1f540abb6571ce954fc1310e01b435fb4cf2443c4af8226fee8122,2025-10-11 07:24:30+00:00,2025-10-01,cb14c2bb,1701ddb4,0309040e194d696e656420627920416e74506f6f6c208e001b0317af2e7afabe6d6d3de36feb2ea022f635100e2abefb38fc5fd47e915c37f129c9f3a2add284ae4710000000000000000001162cc789560000000000,4259
00000000000000000000eda342e5fbce15c9be227d197b29f24ae50d04d3783f,1741657,750741,3993880,917257,579035136,506275bbcfa7d383bf722243d38628b3ef7740acea5f7716b6872cb50d9879ee,2025-10-01 16:59:29+00:00,2025-10-01,a259db61,1701fa38,0309ff0d142f756c74696d75732f37383765008f00c7789d6bfabe6d6d9f5bc1d98098e6f4c12ce626ac612f33ab563ce8a9fc61edc9c01e64d468e03510000000000000000000dd0eca42000000000000,2662
000000000000000000010919a63dfd4bb86037ad9f2c26cb8e4f3b18d345cb4a,1775472,739470,3993882,917279,841531392,d16de4b6492f9e7d742637d11bf34409ac2ac81af95e68f0f2646d8828eec127,2025-10-01 19:51:54+00:00,2025-10-01,fa7e8a0b,1701fa38,031fff0d194d696e656420627920416e74506f6f6c208e00170705226665fabe6d6d497a50e538f3e8b8f2f8907c02453f3b647f629716ba3f37f4e2ec163beb6f9f10000000000000000000c9d23601000000000000,3844
000000000000000000000b49923653273b4734f3bea5c911d76689d6f1c6b7b8,1593843,800013,3993882,919239,870752256,93cd3eb6f51b825d0ea563006ca623db32587fa697be337c44f694e66e718a1e,2025-10-15 20:41:59+00:00,2025-10-01,6c7642f4,1701ddb4,03c7060e192f5669614254432f4d696e656420627920746172617a32322f2cfabe6d6d2591ec8eceb1a61e1909ad87685f97dbd0bf50c3a9e7517ecb8665d9015b469c100000000000000010691b0b0731d0c9103117cdcb4000000000000000,2875
000000000000000000016944806d9742f79969f99fd24f2ed6691e99f9280c56,1782241,737214,3993883,918980,614440960,dba3752ea559dcbc7f68ca828ae0c5ac8c98752095c9e16b3f6dbb94dffd5687,2025-10-14 05:55:21+00:00,2025-10-01,a1bd9e2e,1701ddb4,03c4050e194d696e656420627920416e74506f6f6c204600010300c15629fabe6d6dc87e6e1d2ef97be3ad8b8dd0eec174ba71e2d5bad1540a3a9c0009587fc9364210000000000000000000036cc716000000000000,4650
0000000000000000000115a36f96894809dc9ed01dac3ddbb210ea0ebc547edb,1799953,731310,3993883,917965,548962304,edec84b53cc0548e4ea937733bffa669d7d61792f522a452990a2370ebfbd4e3,2025-10-07 01:00:49+00:00,2025-10-01,afd54984,1701ddb4,03cd010e194d696e656420627920416e74506f6f6c20a3009c0482873eb0fabe6d6d99e8ac0801ad0328e91b8c19695aaa1ed77d3123b0167a25023d96c1c850caad1000000000000000b7e200008e37000000000000,2672
000000000000000000003ba74d7cf8e0fb197ec85237835117dec781d5f39ea0,1559915,811323,3993884,918178,634093568,c252c66197e0dc428418850c1593c01fa2fe824187ab836ae05c3351c5ef296f,2025-10-08 11:35:29+00:00,2025-10-01,a6327728,1701ddb4,03a2020e082f5669614254432f2cfabe6d6d13ee2ba9c70e0b42a43d56807bcba37eb321148fadbf0a65d502ed21dc27221e10000000000000001042604106890f65d7d210b3dd9656010000000000,3753
00000000000000000000892b95984518438f2a10006b914982e3612d281b9f7e,1605302,796194,3993884,917901,705634304,45038bd41f9ad4a6bc60137ae8dc86ffc2db59b992210afa4b783b4c73e2db38,2025-10-06 11:55:54+00:00,2025-10-01,d76c6666,1701ddb4,038d010e1b2f5669614254432f4d696e6564206279203231326b72736b32352f2cfabe6d6dfcbc635ddd558a33cdc4f50183c35433ac9ca327b6a176d2a09119b8f5c0f419100000000000000010242e4906452e924a2e84fbf59cef000000000000,2697
000000000000000000008abdb9591e35b573589689f8835cef5395345376afdf,1588023,801954,3993885,917174,827342848,7c74e68b368da4143bfcf54738a30eb4c363dc8b51562d4d0f072cfb9c5fb1e0,2025-10-01 04:12:32+00:00,2025-10-01,2aacea46,1701fa38,03b6fe0d194d696e656420627920416e74506f6f6c2046000c00b53050e9fabe6d6d6430b2d6742222b3077cbaf0a14575b8b95385f6d0fcf017c6cb5d2ab3ff1f0010000000000000006dc10000205f020000000000,2900
0000000000000000000079e1605f6e773990bdccb0e62572867f3ebf648e6a5e,1500454,831144,3993886,919207,626434048,95f22970f6bdbe3c73b60e22daeb8b14178c9f4822bb154f32735336a69784fe,2025-10-15 15:23:45+00:00,2025-10-01,2bed7b28,1701ddb4,03a7060e1362696e616e63652f393934cb009301cf02c4f2fabe6d6d7488640059fd6ad2bceeeccd2fb4c916c44dbe157ec2dfed2b14bdbde6dd2b2a1000000000000000aa110000ceaf000000000000,2961
000000000000000000008e5e151906e9d9dfbb20756547e06ef94d350aeb3466,1645052,782945,3993887,918156,717529088,07eb077289e2afb2d040b6f810d9a088e6fbf630b69c5f0acb05f900bbd3e47b,2025-10-08 08:55:41+00:00,2025-10-01,3f17b660,1701ddb4,038c020e194d696e656420627920416e74506f6f6c208e0042062f57b429fabe6d6d8d5ba7cb3f97b4a0c7b06fa09fa57e47450143daa6afccaf0e26fac87f60a6ec1000000000000000302f00007e7b000000000000,4262
00000000000000000001c884e04210b77a824a39c53f7fe18bf1c38b0becaf7e,1491858,834010,3993888,919242,536944640,e7c3806c0e2d7694d420e5cddeb295c49b8773f6405034d52bb6a5cd4b0f623d,2025-10-15 21:29:22+00:00,2025-10-01,15d2010,1701ddb4,03ca060e194d696e656420627920416e74506f6f6c208e00420651c40b7ffabe6d6dbf6c24717c34a78b94d95c580a6ad846bcc0bb92205b650e0df683adf767600c100000000000000010200000af06010000000000,4065
00000000000000000000870210a17bf1610b1668699b77fab529702e356df7b5,1518196,825231,3993889,917227,576397312,ba310482b985351bf980fb9056268dc12279edb17df44f022a93ffcfef0c4fcf,2025-10-01 11:23:26+00:00,2025-10-01,214be499,1701fa38,03ebfe0d182f5669614254432f4d696e656420627920736d646174612f2cfabe6d6d0b3e542367544dab27afda6c0465b793be71a933c593759379ca4713d2e8ff5910000000000000001257af7d0f0d0749d42213fb779551da28000000000000,4255
000000000000000000005cfbdda455b1a26667ed77f78c0d1676d94527b46677,1792444,733815,3993889,918093,536985600,f9f925cb0de3dce3f4aa289391cb24ad92d89fc5bd68949c73dee46c0e6d6395,2025-10-07 23:05:15+00:00,2025-10-01,b74f8067,1701ddb4,034d020e1b4d696e656420627920416e74506f6f6c383330f90011025c2e7920fabe6d6d58df665deddcfefbe09fd6c77ef27031c226b44eaff057d225254d083f58c98a10000000000000000000eea40d55c80000000000,2818
00000000000000000000c555f65c0dc2e8d90628d2b3cfa7c78c7fbc835a8737,1277489,905467,3993890,918949,536887296,d43e471b7c6ac51c3bbcf218facb3831a638512c57325dc7dbad98115fadedb4,2025-10-14 01:16:26+00:00,2025-10-01,a985851f,1701ddb4,03a5050e0471a4ed68537069646572506f6f6c2f3837342ffabe6d6db1f6bb28e80131edbcb32e7559f4bf17b188f6d8728e27f706134ca60c5ffd1f08000000e13017eb876059ed0e12e1bf0e0d010000000000,1626
0000000000000000000130c7361fa1c81f78e473ff4bce005a836351591bdcd2,1342146,883915,3993891,919282,538968064,dee16350ef14890758e2f2db2014e482064e5ecdce707b22e1d77d4feb9c735a,2025-10-16 04:04:29+00:00,2025-10-01,922a5f7e,1701ddb4,03f2060e1c2f5669614254432f4d696e656420627920687964726f32323239632f2cfabe6d6d5d54dfbed1456c5592c4c56422dbbf22c2b8951169ece43194ec5ee0d52a44361000000000000000104323a606a5089c9adcaf2d2eebd6030000000000,1955
000000000000000000018b9a2254eef98044c4e7967117c1a7248e579c3bc219,1746865,749009,3993892,919028,536993792,5fc90ecbfe568effe994845320237a31c031651c4b5b03453f34e48a0309f02d,2025-10-14 11:48:17+00:00,2025-10-01,15aa38c8,1701ddb4,03f4050e1b4d696e656420627920416e74506f6f6c3936358e0028017ef8ad77fabe6d6d1f98d387f0530d725dc9512c239ad4a41d5d544c1fcc2a34f4beef41c46f30f91000000000000000a88a00009eec000000000000,4321
0000000000000000000040d08556c304360f7abf05567a4fcd58085b6d050eac,1731205,754229,3993892,918806,547356672,687a7bb46594acadbcb520b9bb913982ff863270162e7e19647a142457b2c021,2025-10-13 03:36:32+00:00,2025-10-01,70833a40,1701ddb4,0316050e1562696e616e63652f3130303965004f00cc1f7e2f01fabe6d6d432b2dee1c1296ccf502722da28851b50c020aab44e20ec58a46736e0963000310000000000000000000bb6c50a6010000000000,4824
0000000000000000000040486cba86f92407f27fadaa3a6cd406e2dc45b9a0bb,1563043,810283,3993892,917915,704323584,0132360c807ed388466a55f8854256247bb0905773e134bde649916c11c239cc,2025-10-06 13:57:38+00:00,2025-10-01,e2ac6ca9,1701ddb4,039b010e11627463636f6d39353665001802955c2711fabe6d6d133042d5809c90bfc0947b8affbbb96b52c54a0dcf5ad9f2e523d2217ceaa3f11000000000000000f0a600002a02000000000000,3212
00000000000000000000337a28b0e8af26fae0f89aacbf0d98be28d197edd57d,1559159,811578,3993893,918643,537051136,aea6a95a4552d7cf640153143f2856220ef87b10915ae7b92470692d22143e98,2025-10-11 23:42:15+00:00,2025-10-01,6a3f086a,1701ddb4,0373040e184d696e656420627920536563506f6f6c2f001805755a2acdfabe6d6df35a20027d57730c6734f5d8c1708bdb04c477484fc23059546b0fd8b7631e0110000000000000000000d4b4b2d0000000000000,5550
00000000000000000000eda052fd646081d923b0849275722de78490f85decf0,1679195,771566,3993893,917192,655949824,fe8b8a8926984f8a1d448645223936d7e96e50ac0f993501f85cf78628ced5bb,2025-10-01 07:05:55+00:00,2025-10-01,60818626,1701fa38,03c8fe0d04d8d2dc68537069646572506f6f6c2f3635332ffabe6d6d4d88f576ee417e8a471559226c5421b5d76d1772f090103d773569b6509c597d08000000ded8aa217e06d0e12b28386eb4da010000000000,2929
00000000000000000000d173f9ed1ea1a796721cfa6cb4564b9b54ccdb57812b,1384956,869646,3993894,918984,850444288,80943c4edc0576b9a4600b9d26f4722e5ef59faacc7ec6641783deaedf2cc6c8,2025-10-14 06:42:38+00:00,2025-10-01,470bad16,1701ddb4,03c8050e192f5669614254432f4d696e656420627920636865677669612f2cfabe6d6d5a3a7d3dd7138097ae2a17e2443ac8c762dcf8edb3dafe9ace0b7da6a839208210000000000000001000f33201d3850b3e1e9922f3a400000000000000,2192
000000000000000000009fd1d30cfb9e6da6a7c70d1438505e644653fa8a64d4,1628049,788615,3993894,919092,538091520,48447247b6f18adbd3bf23f723a106dbb5848d9e0109b01b7cfc076e07edd3c0,2025-10-14 20:55:39+00:00,2025-10-01,54a34545,1701ddb4,0334060e194d696e656420627920416e74506f6f6c208e00120642b9347cfabe6d6d8a7fa269ef81685463a6271bf2eef6c75642868f67740af1462d08b0e4d8608e10000000000000000000d9d3e394000000000000,4736
00000000000000000001cb9f26d9e8333304da0a54615577c4d492d80663b2bb,1658011,778628,3993895,918675,537387008,c9f12ec8e9e72e9a28e3e531d1c8f0dab82b17eec5a903c2bbe32d821b4c2b2a,2025-10-12 05:13:34+00:00,2025-10-01,436be431,1701ddb4,0393040e1a4d696e656420627920416e74506f6f6c208e001003ebd7e2c401fabe6d6dc9c190c38a8ce8b0abc78782f3f31b1b4676a858fd44fab79bd9ea1169f586c11000000000000000b9bc0000096a010000000000,1266
0000000000000000000004f9e6d0e8909dafb0a98a5dd079d4d83ea2751c8ff9,1685576,769440,3993896,917336,688840704,b0f77dffa5b2f155e73ccc14e9fa71600e94a95bd3d4a66768f8e8db6b77f9fb,2025-10-02 07:06:01+00:00,2025-10-01,a1ed9d17,1701ddb4,0358ff0d082f5669614254432f2cfabe6d6d1ec40b1fad0a85428f3ac9d360df6bd9518f29bfbefee2d88aff16f5ca3593951000000000000000105ff527039cef5d51ce5d12a6faa3000000000000,2518
000000000000000000012f07875fe5f4526d284059ac91199cf3eb937e89ac8e,1679893,771335,3993898,918810,536952832,7606b39a293b444e7e661a92435fb8c52417c630e372b53ba19f5aa1c36265b4,2025-10-13 04:22:49+00:00,2025-10-01,de2b4571,1701ddb4,031a050e04b17eec68537069646572506f6f6c2f3239332ffabe6d6dc6679d8d2743fd3315f887cfd2bf0533e86a27e5b708be11d94ac9bda99f1e3d100000004969bf4bf5d8aa878006f461ba49000000000000,5022
000000000000000000008b08bf52386fd4a5c35fb36db3892dc15de08465646c,1603610,796763,3993899,917536,674979840,34d6f595ce74ef1d1226a63835635d042c5ea9f6da7947e58d2fed6f983a4be0,2025-10-03 19:42:42+00:00,2025-10-01,deca4c1c,1701ddb4,0320000e194d696e656420627920416e74506f6f6c208e002d0407ceac97fabe6d6d4b08e9e4ec61fa78ebd381c3e605a1f80f834b129505e122c3438949f9501fed1000000000000000000083f40000000000000008,3918
00000000000000000001caca0136f2179f55ff26cb3276bbaa84eae05f837e30,1648202,781899,3993899,917537,1004404736,a09c4a0b5851034d603d0ec9f6531e7e5a2da5215cb14ddba5379f3706b0ec58,2025-10-03 19:51:54+00:00,2025-10-01,ca679df4,1701ddb4,0321000e192f5669614254432f4d696e656420627920746172617a32322f2cfabe6d6d02313bc150c35b92382e366fe1500132ac6affe7454055d52df7168d9e5ca0971000000000000000104cea1c051038e8d8514d77db0600000000000000,4127
00000000000000000001b0d57f51a67d262a8b17443fbae1af5e770ab7c20ef6,1745979,749307,3993900,918841,536944640,a85c98e7c28d23cdc6102ecd4b01da6bb83fae3cdff5829a028d289bf998b4a2,2025-10-13 09:20:29+00:00,2025-10-01,4995f641,1701ddb4,0339050e1462696e616e63652f313030386500670147206c57fabe6d6dd0dbff29fa3db3c883454efcc3f446d2e95a795cfbc97d036303a9f9e9973ff910000000000000000000ae5f23e7000000000000,4535
000000000000000000000e0e75bf79efdcfdd643487304a2640234e3d2a20982,1724508,756464,3993900,917468,806797312,1808049c83ea50f9eded364124270fe4e688d4b6f5b678a1bbe2f8b68f79330b,2025-10-03 06:17:30+00:00,2025-10-01,7a676622,1701ddb4,03dcff0d194d696e656420627920416e74506f6f6c208e001501e7d89a6bfabe6d6d7687c639a94fb633888e58ee2b00333ba9f7096c2a75a08ccd703ddf86f2e1e810000000000000000000f6b0a193010000000000,2620
000000000000000000005495372caffc9469a48035fe045e9afdde56043ff1e0,1638849,785017,3993900,918013,537632768,ac17a1a58491be812be2f2cd32fccf956c31744b9f6ec369a697e20909f69192,2025-10-07 08:06:28+00:00,2025-10-01,332181e,1701ddb4,03fd010e194d696e656420627920416e74506f6f6c20cb011b061ac1ad52fabe6d6d3abfacf401adf843e4b738dbff6e3339e16a16e912e21626b4a18f5b271f1cc51000000000000000501d000028e8000000000000,4247
00000000000000000000cbc34ee9e1084ea7e9f0fe1b81a92a902a26111bc82a,1595359,799514,3993901,917469,537018368,d6f6b636381d48ad780e44870e6c59ff19d8f9aa6c73fa572f9243da52574783,2025-10-03 06:17:46+00:00,2025-10-01,66ee1e47,1701ddb4,03ddff0d049b6adf68537069646572506f6f6c2f39312ffabe6d6db30fa8640aee7d1d780f61c9b065b04bb7ca3a23ccd4b40c4be78a914262b8450800000022935a6ba444b2121d2e804446aa000000000000,6079
000000000000000000019ec00e55c7a0195b986d370f5d4e149cbeacfcebd3fb,1555093,812936,3993901,917191,537214976,ba4c8d4bfecee3eda97d8ded9dc5f808e724929ece8eac1918d89c4c86314d73,2025-10-01 06:44:32+00:00,2025-10-01,f324a172,1701fa38,03c7fe0d194d696e656420627920416e74506f6f6c208e001003eb8ce301fabe6d6dde34d8f51f31a56aa581fe1fa88e00c68ea92d17c7309662ce8f1c5eb3dbc2db100000000000000000001abdd04a020000000000,3211
000000000000000000014202bdaeb4080a5c95babed35a7486897ce6c9190c4c,1849282,714873,3993901,917776,686571520,7565396d8d05d8a55872b08a762ba1c11baa8da23428377c33f7d919f0177f46,2025-10-05 15:35:14+00:00,2025-10-01,84f0186e,1701ddb4,0310010e044890e268537069646572506f6f6c2f343233372ffabe6d6d8e56273ae845fe759bdf9f430fdbdcf259ebd74f61aff26db3614cd09f227d410800000022935a6b8a6481990a08c7ca7c60000000000000,2302
00000000000000000000f73d8f3329e2593d688b30358d962ddc13622f1ac9c0,1585013,802963,3993902,918000,537870336,98db67a413d6bd383304287c51af6f7443f820b1016318b77626896cc8c61d4d,2025-10-07 06:14:17+00:00,2025-10-01,c9ef5a45,1701ddb4,03f0010e1b4d696e656420627920416e74506f6f6c3936358e004406f2a24ff3fabe6d6d16c0594f88e962cb04965df7b3083b3a0b6ce60d7d5d8b23282f43e260e3f472100000000000000000006b3131dc020000000000,3320
00000000000000000001a2207c7281efb67f72dec59476b54ce999839dd0c376,1618145,791919,3993902,917293,631275520,a48c6b73c5358b95166494ea2ed64f00decd099da32829c5394bee63b843039d,2025-10-01 22:52:51+00:00,2025-10-01,3f2e704b,1701ddb4,032dff0d182f5669614254432f4d696e6564206279206b7265636b692f2cfabe6d6dc6611b01d8cbdbc00cef4e9b6865535b88a69463423e43b84f9fd4a16fc9fa491000000000000000103fbbde05a54a75611c74a0e9c375000000000000,2473
000000000000000000016d91470dbcdc0bbf405885ab42d5fe301cfca194dbc8,1609513,794797,3993904,918565,586309632,371dad649a218abb4e89bf85224f11a087c1e6888ed8038d7f475f0bc14342bf,2025-10-11 12:31:10+00:00,2025-10-01,11d263d,1701ddb4,0325040e3642323a203078373833633366303033663137326336416335414337303032313861333537643244363645653261327d001200855ae813fabe6d6d8a991a02cdea9b288681117fab97bd9ed98ed3cec38e0000dcf3010000000000,3470
000000000000000000006d847377fbc5cfc5f81d892cc7d1019d05a89d6f0807,1765057,742949,3993904,917847,741670912,7b79218425950768e7e971f95099657503ccc81de7135262e8feebe72318c1f0,2025-10-06 01:41:45+00:00,2025-10-01,8e9ad82f,1701ddb4,0357010e04721ee368537069646572506f6f6c2f3839302ffabe6d6dac1a7202081edca4875722c5cd65a479de212c41846bae55549e3bcf95f8486c0800000022935a6b9aa998f717009436001e000000000000,3568
00000000000000000001ab607c35059048d0666c17a629ced3cfbf38ce98395e,1664887,776339,3993904,917535,596336640,4219dd4290d7684d6ee7f2d123b93405884ad1b82a69df096c5c0370713c0cee,2025-10-03 19:29:49+00:00,2025-10-01,4b91ad33,1701ddb4,031f000e1a4d696e656420627920416e74506f6f6c20a3000b060334799001fabe6d6d07ade482a59af0c5b6c56072818ca036637e8892a36fd64ba0bd410dc39bd85e100000000000000012900000e841000000000000,2324
000000000000000000000a1baab2929872e46628d0bf5a53e0da2e2fb63b9cf3,1557926,811993,3993905,918639,633085952,4b8d493f21394ab823fa54f63f5f1e841b68526ca7b3997731a31411b85e5699,2025-10-11 23:27:02+00:00,2025-10-01,fce08e04,1701ddb4,036f040e194d696e656420627920416e74506f6f6c208e001a036fe9ebf0fabe6d6d0fa2981fe2c8fe3756d7af8638af4ce7f08ec74a9eb4d10ff01eed0354371ee010000000000000002e080000c426000000000000,3805
00000000000000000001a85da1c33a9781f7c501c8f9e37f148b08fd99bb0315,1587354,802184,3993906,917727,682467328,094940ca43da3cf74cff783d7e3a24c33098a2d55d4ca0c6f915c3d1ccffc76f,2025-10-05 06:25:22+00:00,2025-10-01,8b4130f,1701ddb4,03df000e04600fe268537069646572506f6f6c2f343233372ffabe6d6d020452d1900e82d6b59b4d397e0d12fb0bb4868ba16efbaee41d83f841a623ad0800000022935a6bec23c88508080ed18b00000000000000,7016
00000000000000000000d51cefc237b6bdee6252d47117a960601e6a3f62f213,1565664,809414,3993906,917526,537305088,130d5975069f4eac02fabe829e04b74f7915dc7c28b2a8753b4ac433d65e49c5,2025-10-03 17:41:27+00:00,2025-10-01,a6dcf7f0,1701ddb4,0316000e04d40ae068537069646572506f6f6c2f383838392ffabe6d6df303b56f82eb9c797c2a7fb7861f6adb32b7dc9ba8611c0125ab1a0d409e674f0800000022935a6b89a950f02a33d418fe41020000000000,3965
0000000000000000000063cf56c943fa3a363146b1c473a26588a485a15da431,1647972,781978,3993906,919177,537436160,d42ff306b949964216a3e4fc332aa264e3ce067e292f3d9ea6a700747a184ee1,2025-10-15 10:10:03+00:00,2025-10-01,2c96b0a6,1701ddb4,0389060e1b4d696e656420627920416e74506f6f6c393630cb00e4025ed2e85afabe6d6d2e684abffa68303f8da198300269f72a2d83c3d507b36bc01c3c01834a814c9b10000000000000000000ee5ac9b5000000000000,5073
00000000000000000001a063e69588ce6f89470d9242b85546efa770cec004bb,1736047,752620,3993907,917663,709591040,d1996c164c74ff28be318ffbff7643e14beed7cffdd525fab92c5235fc53c377,2025-10-04 21:52:11+00:00,2025-10-01,891d8729,1701ddb4,039f000e042897e168537069646572506f6f6c2f3130362ffabe6d6dc4ee9da9215357d1ee6452d67095292aa18a0b63eb140881cf00a76349a14eaa10000000a8b153a6ca12b4d37e0139378a4a000000000000,4472
00000000000000000001130d0d391a4f588d5316156cb6cff3e156ecc902c70d,1639501,784802,3993907,917390,537116672,5b202e5a0a03f7c5a7c46a5e987158d4c11673704486ec1ddc1636aabd076475,2025-10-02 15:17:35+00:00,2025-10-01,265a6196,1701ddb4,038eff0d04ab97de68537069646572506f6f6c2f3832352ffabe6d6d67d728c10d800b3e83caa3d0117d5bb7dd419c5608f6897278f45b2f1d68524908000000b6f8b353740564e9121ab9da34b2000000000000,3206
000000000000000000014b676166494da1d4b13685000f0a9b6611261b48f1c7,1619323,791528,3993907,919255,585015296,863d6314a54138a99f53608ffef89369d90580c4f4f15dc55992c27765d1cfdd,2025-10-16 00:12:25+00:00,2025-10-01,15f53b59,1701ddb4,03d7060e122f5669614254432f5472757374706f6f6c2f2cfabe6d6d73f374016c80a096bf24cceb11c04cec50a639f5f72a65a495c69d51158acf1d100000000000000010331fdc05dc00080aab64cc22ef20010000000000,2782
000000000000000000015f41a5ba897fa15f9bf630da4e3caab488f75bee7d5c,1682286,770541,3993909,918876,543162368,716cecd05626d833c237fcda3cc2feb4893d1174a4425908fbc29b9f7aca69cc,2025-10-13 14:11:04+00:00,2025-10-01,eeafc62d,1701ddb4,035c050e1b4d696e656420627920416e74506f6f6c393036f900fd01af0c9f05fabe6d6d650fc6189f3ddf2b5436906e702854bd23d41b16a7e9bc93f0737494c0adedbb1000000000000000000019a6b102000000000000,3429
000000000000000000012d984876be484c0fe35e16e1f50401be821f5f090a7b,1540080,817943,3993909,918358,536895488,0a2a348a75858eb64f4a64f976cf0c5ed45c087a690afe20c5e4d64f3086246d,2025-10-09 22:46:51+00:00,2025-10-01,3fc98c0b,1701ddb4,0356030e04733be868537069646572506f6f6c2f3538312ffabe6d6de2f301b44f03833f11528bd158bf7c948db24f72b6b46c81dd7ed1392b79f5af100000004969bf4bde07590d7f0b4d2a5a91020000000000,4012
0000000000000000000164cc368c0cbaeba0326f61c04289718d2d5cfff6c353,1623861,790017,3993912,918034,585678848,808a5b41800075b62c6b995c9e97368de25994ab8c043031a49568ec9264f953,2025-10-07 12:09:57+00:00,2025-10-01,be7f6e70,1701ddb4,0312020e082f5669614254432f2cfabe6d6dda692400d8af8e06db34b2c524e2ac306f63612ca8bbb8020dcd7327a8075f3610000000000000001085472d01bbae972037bc681d7dbf000000000000,2613
0000000000000000000042e7bead9d645a56e93635b790715272bcee322ef1ba,1651810,780701,3993913,917880,549658624,f19cd1f122d0ec6d9a7d0ad9aa27954139a3c263e5800fbbd6e96d09ec6d8980,2025-10-06 07:33:36+00:00,2025-10-01,b33fe8b8,1701ddb4,0378010e3642323a203078373833633366303033663137326336416335414337303032313861333537643244363645653261327d0000020c048e24fabe6d6decb845f39a21cb9f09c710958cb1b5fabf11d2d900009cc5a22a030000000000,3267
000000000000000000017b551c0e4c117b9ca6ce05826eafd3a854027c78087c,1629049,788288,3993913,917712,678862848,25c1cd81a1984cd9c4bb0338b0d458aa769ef285545ebf9d95c927f40db03704,2025-10-05 04:44:25+00:00,2025-10-01,a34a0e47,1701ddb4,03d0000e192f5669614254432f4d696e6564206279207972696b3030312f2cfabe6d6d22999b3d08ec588969bc40e22203b30721d972732becda04c0f1b974b124764e1000000000000000104c0df303dc8878579a89fdacec00000000000000,3030
000000000000000000010af5ade7a24bbfa12e92d46f66c6f574b02163a62f8a,1539929,817995,3993914,917235,558489600,8e0a0f84d808f32ade6160fd60be5a0763ef2ecca3cd920cab0e82b38cd90973,2025-10-01 12:54:04+00:00,2025-10-01,6747d292,1701fa38,03f3fe0d048024dd68537069646572506f6f6c2f38392ffabe6d6d752f8d86c0bec637fc94b0ab52fed67516800de566d3a4dec506f1651c1e0bd710000000a8b153a6de7da279840cc53f430d000000000000,2941
00000000000000000001d5ef873a20209c52fed6cd17fa271cab0cf73bfadcc2,1647761,782052,3993917,918367,711237632,75e96b8461187f2703759a7fd49fd06564d9817bb3c9a990cdc6377ed1fb63c6,2025-10-10 00:26:51+00:00,2025-10-01,6f07815f,1701ddb4,035f030e04db52e868537069646572506f6f6c2f3137302ffabe6d6db5275bccb408e2096645d99c5f254ff46ce9f61d37359a6bfaf5af5b448bf1eb100000004969bf4bd28d93b87f15475cd709000000000000,3597
00000000000000000001c180a3b120a70bf8e7409b4b31ac79575027798b282b,1817543,725458,3993917,917662,536977408,2d6f91f2c6957c16197a2314a47e7e455581f63a702855134df82c0f30af5fee,2025-10-04 21:48:10+00:00,2025-10-01,1142f5b3,1701ddb4,039e000e20202020204d696e656420627920536563706f6f6c202020202f00250337aa4f28fabe6d6d4dc043880b0c9553d273b5e8313232a97f3bb402e5c6d3b33201a313fabb9adf10000000000000000000721d0ad8050000000000,3862
000000000000000000004349bbda370c0f59e18dd58669413d724a52ba6ea96b,1625611,789436,3993919,918504,675487744,cab2565d285d733db3ccf614f97abacca8cdcf11c06f763c4a163599c49112c0,2025-10-11 01:13:23+00:00,2025-10-01,1dbfd55c,1701ddb4,03e8030e194d696e656420627920416e74506f6f6c20cb01590392f5ddf6fabe6d6de782b0bfc185e8d117c1baf3e582a62d738afb019d636a4043f2acd6e696487710000000000000000000b06be23a010000000000,3492
00000000000000000000bc5447fcf68f23ce06f5e0a9d1be748cf6fe5117363e,1793259,733554,3993921,917969,543531008,a2bd4e1c932d0a2454fe07987bb45d2a4613ea34b32259f1a4041a4c4463aa5d,2025-10-07 01:16:07+00:00,2025-10-01,e221de1,1701ddb4,03d1010e04e169e468537069646572506f6f6c2f3131312ffabe6d6dc36e18e7d6e4579e38d8c69a96213a91e64d056e5a2abcbfe178c44b8c82546c100000004969bf4b2a81aec87a061303a11c000000000000,5126
00000000000000000000d2e5159e411b898d0c0fad715d147fdd9e9bc76e38cc,1611753,794056,3993921,917644,538566656,3f6d4ff5db1a093ff3ee866df2383efe27b134acc98e62a376a691aad16aa83f,2025-10-04 17:49:30+00:00,2025-10-01,579e1155,1701ddb4,038c000e162f5669614254432f4d696e65642062792062676d622f2cfabe6d6d74982bdf6989cbe5a7edec13a451b605da3757dae17a3e4f4402b9cf9b925e0e10000000000000001276df4719b504d41c2a03ae927be184ab010000000000,3978
0000000000000000000058ff8b263cd27986188654514d826c6b829e4fef8184,1751988,747311,3993921,919136,538255360,59f53ca39a9878f398b25d7b9f585225cd95d04fedac77ac4912f7cf2590e6fa,2025-10-15 04:39:24+00:00,2025-10-01,644abbd9,1701ddb4,0360060e1b4d696e656420627920416e74506f6f6c383330f9001102e8932705fabe6d6d965a267d7e25ae22ae9e1b6869cc6aa90a1490487c6cc032ea916b0a6ee0af63100000000000000059970000866a000000000000,4389
00000000000000000000295cf2da86ad035faa2a41c3288361dab865d1ab7406,1569925,807999,3993922,918388,536944640,e6e225fe0a09f9b6013ab74948d8d0b233e24f9ed6cfdc5e14d751521a321bb0,2025-10-10 03:14:21+00:00,2025-10-01,bae29770,1701ddb4,0374030e04217ae868537069646572506f6f6c2f3137302ffabe6d6d1d8c026e35d8beb6a6a5216b03d249349f0e25adace03eca8036abacb5bbd364100000004969bf4befdd04398412cb042d4c010000000000,3715
000000000000000000001301dbdf514ae45ad1342fe7b6832896663f2ffd1db2,1509346,828192,3993922,917170,742850560,11f6ecf085ac9636d677535ea7d61b5f7bb57a9108eb6b54f667b749873250ac,2025-10-01 03:24:25+00:00,2025-10-01,9e23167c,1701fa38,03b2fe0d194d696e656420627920416e74506f6f6c20cb003405a3fa9a3efabe6d6d7508d63f459957d1ffc3845e2586e8d2478af8e7e2cc3b93125c7c715971fe3b10000000000000000000e19a4458010000000000,3396
00000000000000000001c909fc284675374c0903a19fd2518dd4ace293100d01,1592600,800441,3993923,917757,536985600,fe4c9bd3d78072f8b5e106659e89fd0d2d9041a24479fb40c91ca7c1caf13689,2025-10-05 12:14:13+00:00,2025-10-01,cec96e7b,1701ddb4,03fd000e1c2f5669614254432f4d696e656420627920667074696361323032352f2cfabe6d6d117059a0f3c25951626fcfac43b53fab1df01432c6ea44a2d3406274ed521034100000000000000010411592013ed3e54d7c7ef71767ed020000000000,3399
000000000000000000008af25e9f19395fcdae0f67362d47e9208e18c27b46cd,1717940,758661,3993923,919300,536944640,d49701babcceaf677117d5c464f33e7dd6f652565aa97609b7833394b7b21355,2025-10-16 06:35:09+00:00,2025-10-01,732a0bda,1701eb21,0304070e043292f068537069646572506f6f6c2f3930302ffabe6d6d190253e0c016b4b05d2c75316c49f96882b21c0b3ae316ff245a49151364e8dd08000000e13017ebb7bf4f7a1d19fc09ba15010000000000,4434
0000000000000000000067e62206d3ee391609b03eba1bb9ee7e9f8b635d2b5c,1840869,717685,3993924,918254,560160768,df4cfdfcd838ecfe4804ea23c8ac61e00bca2e1008108636806696c650ccc4e9,2025-10-09 02:29:11+00:00,2025-10-01,f0a56d8e,1701ddb4,03ee020e194d696e656420627920416e74506f6f6c20a3003c00a81980f7fabe6d6da850046f8a5cf1f59f75cd38e89167f6d33920ba089a9753b879f61644d9bfd3100000000000000000003ec03500000000000000,3424
0000000000000000000191b2ed19a76d2f86bc092c25d7c1c86cc72285facf00,1568445,808493,3993924,918098,619479040,8ea0b72bcb8cc7fcfa8452001ae69267910a15252b627090465bfac7457b8358,2025-10-08 00:07:14+00:00,2025-10-01,5ddc0016,1701ddb4,0352020e1c2f5669614254432f4d696e656420627920616d31393738323032352f2cfabe6d6d90e13f9d4e2c5776847368e4bd3b41068282d31c9edf96f8d045e187cec183df1000000000000000101a54b30471b22dde3e73e7d3d514030000000000,3729
00000000000000000000cfa5cfcee88e59e21c27246f6e1ee2c51b91ed667678,1632537,787129,3993924,918001,576012288,ecef79b8ffd68829dc5fcf4a2628ac716c9e60b35fa23773376d152355e68871,2025-10-07 06:32:03+00:00,2025-10-01,697c5880,1701ddb4,03f1010e194d696e656420627920416e74506f6f6c20a3009a03f8fd5edcfabe6d6d42ce32779912955b2198167ffce1a49435931d631793bfdf3bc067d24ca32d291000000000000000000019860003000000000000,3281
00000000000000000000cbbffcec200f5e3fa6142f7af057eda9a5f37372571b,1548232,815231,3993925,919218,719740928,42356b6cd4baf123b492136a6808c53339c46f28fb421f916b60ffe865a896e2,2025-10-15 16:48:13+00:00,2025-10-01,e90b4519,1701ddb4,03b2060e1062696e616e63652f6500c003ed37efeafabe6d6d0fa2931fc6c3cfc0d382c587dfe3591d9f67ecbc99c4b1360fe4447f1414406a1000000000000000262e0000dc05000000000000,3641
00000000000000000001a5eea373656cb480126947596c66577880376aee7e16,1485995,835977,3993926,918761,537509888,bb95a287bf82dc6334038035a94f038cdf77fd71b8f83fcf9d70841ae54b2c98,2025-10-12 18:46:53+00:00,2025-10-01,7476536f,1701ddb4,03e9040e04b1f7eb68537069646572506f6f6c2f3835342ffabe6d6de508726643119ae1bc09da77b7c2657ebdf9f36cf966f795ea4c96285ca8ef9f08000000e13017eb164ec2bc0e0f99a8bbca020000000000,4042
000000000000000000017969bf917c7f089044fd6559597134e16c11073e6af8,1665651,776092,3993927,918270,545300480,61857d9cd24b260f89ada4fde54c062cbb3ed9669ad10ab280b0c660d1c85e7f,2025-10-09 06:39:42+00:00,2025-10-01,7e40e812,1701ddb4,03fe020e184d696e656420627920536563506f6f6ce6003f0201b113a4fabe6d6d1aebb8e8d4ead61fff303d7bd2392ee7ffaae59d453ac36f3c67625b157a61bc1000000000000000cf300000a003000000000000,3016
00000000000000000000b3f48b6f67a5334eb39444d99a668d87120b00aba69e,1543705,816741,3993928,918833,537174016,f5abd93840447012f8e561b2c030b1fd2397a0ac3faf59b8d85e19eb5048750e,2025-10-13 08:10:44+00:00,2025-10-01,6ecba941,1701ddb4,0331050e1c4d696e656420627920416e74506f6f6c383035f9013a042e30037d01fabe6d6d0251523e36bc25ed8458e3c91285f38306d75aa50de17866a0f3128f7befe78f1000000000000000000025111ad8000000000000,3191
00000000000000000000dca027a59634e5f91514adb330166825ddb956aaeb97,1620943,790995,3993928,918737,901218304,40c321bb523e5e50e2c02cd5ce54dea3a3367bf7ae9beae356276faacf604658,2025-10-12 14:19:41+00:00,2025-10-01,63a92568,1701ddb4,03d1040e1b4d696e656420627920416e74506f6f6c383036f9000901af25b390fabe6d6d6632344094caa8939d38d25206b84199ab6efebb487fc7714bd081cbf3438e7f1000000000000000000123df1000000000000000,3723
000000000000000000012f1ca3ca039b3dd96eea350c0b2727833368a2fa6313,1707839,762030,3993929,918688,606478336,dbe6f29fe009cfc96054bb3dc80ca6e01199e9800124ce2847603a90e2044979,2025-10-12 06:38:24+00:00,2025-10-01,4707e539,1701ddb4,03a0040e04f44ceb68537069646572506f6f6c2f313239382ffabe6d6d2257925831f4f1dce5742efa15e110d931f3e0246539e74189549dbe5a58446d08000000e13017eb48dff9641602dffa7b3b000000000000,4050
000000000000000000015775237e3d7f3e406affa3a3ce9dde70d8f0b84e9667,1485320,836203,3993929,918062,537387008,ffc0ead5b313287f6be35be74268354098a738aa0ec1fdcf0f69e6e6acc34a40,2025-10-07 16:59:47+00:00,2025-10-01,57f21b0,1701ddb4,032e020e040c47e568537069646572506f6f6c2f39392ffabe6d6d0ee676174c3d564da0a6831091877c2e64d94cf3eb9e6f469a525d406220690708000000f7c6b0ffb894cf770611efe248bc000000000000,2297
0000000000000000000162377b77c37d10d919e99fda20ce41d78cf7e93ea2a2,1495062,832956,3993930,918777,564977664,c5be001d46b575af54645cec1f8223f58513edfb84a2ae07b596a975712b9e22,2025-10-12 22:32:08+00:00,2025-10-01,be87697c,1701ddb4,03f9040e182f5669614254432f4d696e656420627920746172617a342f2cfabe6d6d8c8502ec9915392b9b54890e5c0a330c01c029b09340404deb0fc671e5fb59e1100000000000000010abdcb404fac4e2fa3be8139b0600000000000000,3617
00000000000000000001d78896038a5eaa7207f6e234090ea418333355778842,1738701,751743,3993930,918497,577445888,92933c047c6a034ff70a28759a9a64f9b72cb40063cb8292ebcda1064c88e158,2025-10-10 23:50:45+00:00,2025-10-01,f58dd134,1701ddb4,03e1030e194d696e656420627920416e74506f6f6c20f9008407756823fbfabe6d6dc3294119b83f85ac4fff9e9f588fe41b9e45b1df1f9bccddc4c2d92fc552bb9810000000000000000000030f6834000000000000,3583
00000000000000000001a35a74c353290df918dd0843e36e50ba7df923fd2562,1770294,741212,3993930,918151,555188224,f208ffd4005b72f5dd4e781058f881aa94347dedf572018aa616b77e46dd73fa,2025-10-08 08:20:17+00:00,2025-10-01,494979fa,1701ddb4,0387020e04d61ee668537069646572506f6f6c2f3338302ffabe6d6dba96770591a1e4c66a89b10b58cac4ec8272dc401dec7a80edb6154f7f22ee9108000000f7c6b0ff99fd842e0908d192ee0b000000000000,4884
000000000000000000008afdf7ee7d2e56d883f9d063b2aac64f5ae5a1692acd,1716364,759189,3993931,917714,578134016,67b34c07e0f19007d1d375f3d17eb4f413f59c690b4c1b6cec3d02d858623174,2025-10-05 05:01:58+00:00,2025-10-01,735aa59,1701ddb4,03d2000e194d696e656420627920416e74506f6f6c20a3000703d2cd34cafabe6d6d6119209766ea7d1db4f6162c5b453f2d2c7dbde78ceba49828f677f64a929271100000000000000000003c301eda000000000000,3815
00000000000000000000c1e1d0fbb9a4cd93e2a68403b19ada9169a091068609,1679330,771534,3993932,917415,538009600,44a4bc28c0431c8c8709e678038677a2d6b062663863879e49fc268ec2b84c86,2025-10-02 20:24:13+00:00,2025-10-01,8e224756,1701ddb4,03a7ff0d194d696e656420627920416e74506f6f6c20f901900113ac3170fabe6d6d362f52e77d145c5acb804304d71712c7be38ab5fab223fd3bc2adf0c81591aac10000000000000000000248b3863000000000000,2540
00000000000000000001773b1b9dee66590130d0eb38e7e4ab951ff4fbe3dda5,2099520,631471,3993933,918782,696049664,b26248539fe19d6616157b830fdffa1276836048e06e769580daa37de1be8b37,2025-10-12 23:02:31+00:00,2025-10-01,bd4a8248,1701ddb4,03fe040e20202020204d696e656420627920536563706f6f6c202020202f004e016a203213fabe6d6d22f02e47d5bbf98c0d99d4fbe31147f2124f450c3aeb5be087b700f1942043711000000000000000a2f10000da20000000000000,479
00000000000000000000369825b9a0f45097a04a2f4ef1a3e7e4fe2bdc24fedb,1645050,782961,3993933,918498,579944448,8dd915daf949636434f20e4dad421096adb1b07a3b20bf80e0e5aed03473c257,2025-10-11 00:04:54+00:00,2025-10-01,5066c34,1701ddb4,03e2030e043a9fe968537069646572506f6f6c2f3131312ffabe6d6d4bd78aff79b747107f9cb495edcc3c692079578eeb6e79e3bd99666f9d43bc6c100000004969bf4be120c1cb8301b12bcd37010000000000,3241
00000000000000000001c7ce31b06e1ea08c56753636a7bc89241e0fa726b08f,1616353,792528,3993937,917335,601104384,420788466df11bd01ba5f1fbfb120fe53559b5fb2a610a28cc9a64682142b3a9,2025-10-02 06:58:32+00:00,2025-10-01,7cf200ca,1701ddb4,0357ff0d194d696e656420627920416e74506f6f6c20a3009b03f38a96dbfabe6d6da1be5885b4d616c9e7bfc3b4295a1798419c6c4b332a67ec783ea345a90c5ddb10000000000000000000c0f36ebf440300000000,3956
000000000000000000010568c73becd1c91fc613d5a2e50d496dd440405010b1,2008328,661870,3993938,918308,537468928,ca1b143f9dcddff07831a6ceb2c6b6f016771e06a935ada133ab480959f0f931,2025-10-09 12:07:08+00:00,2025-10-01,a18ee220,1701ddb4,0324030e194d696e656420627920416e74506f6f6c204400360576cafb6dfabe6d6d61342aa5855e9ef5284def969ee2c019e7ee9c77c86292a83b491cd4777644821000000000000000890500005705010000000000,1855
00000000000000000001c19d3731ec78328d7a6f7d85bb98cc69e204783d1500,1555154,812928,3993938,917619,755384320,4cb06172b507d0c9f7b616895b045685e48f1cce9013e776ca26765c41540990,2025-10-04 13:06:19+00:00,2025-10-01,f9d47930,1701ddb4,0373000e1b4d696e656420627920416e74506f6f6c393037f90085027d08eacffabe6d6d693acbdd857a796fc01e7c4394a8aec72cd08533a8b6837b99b562ca531df6fb1000000000000000102f00001c01000000000000,2432
000000000000000000010c6142472056a9e54a085c6f0fa5c58e304c1a1feb3b,1634109,786610,3993939,918248,537174016,94ba12869ee8dd682ebc2918987c512609062c4a09ba66568e71d4fb78bd986d,2025-10-09 01:15:27+00:00,2025-10-01,e969ad14,1701ddb4,03e8020e194d696e656420627920416e74506f6f6c20a30000078dbb66d4fabe6d6d4ed7a7fb273f98ddcfae1f366e9b86538c227b2c5c7c21427fcd2ba771376ee2100000000000000000002e2a1697000000000000,2922
00000000000000000001cd833a37d95019c3e513fc374b2b27fe5ea8392332fe,1614580,793120,3993940,918435,537477120,70ee2d67a9b4035708f0e417ede8483c8394059da54d2e6567a316c0eec19328,2025-10-10 11:10:52+00:00,2025-10-01,d0cb607a,1701ddb4,03a3030e1c2f5669614254432f4d696e6564206279206e6f6f646c65733636362f2cfabe6d6d1249c9b2919577f806ff0b06453904182183488def8f00f14cb3e3286cbb2c701000000000000000100c7ab504b6afe2bf032ec9beb97b070000000000,2469
0000000000000000000112e55ea6e22fee4575302374eead354006e977812d11,1663292,776883,3993941,919063,538533888,05a60b0d191941202663f34792e6ce3b07f2f378393fa24220ad8cd305f3805c,2025-10-14 17:07:38+00:00,2025-10-01,8eee0c36,1701ddb4,0317060e1c4d696e656420627920416e74506f6f6c383035f9000703f12daf0b01fabe6d6d5fa8e99bb668e0e8f9c211e7d749210bd6ee4ec8a706ab548c9d270a79df5e0910000000000000000000250fab10000000000000,6084
000000000000000000004060180eea0ab94acdf31c283468806ecdd3825797d8,1497206,832245,3993941,918475,536887296,541639370051fff1be98a3b902dd364f6252d924d7829be2a114a1cf8a2ed2b8,2025-10-10 19:01:45+00:00,2025-10-01,353bedb3,1701ddb4,03cb030e142f756c74696d75732f3738336500dc010e0e0400fabe6d6d1d224e92d0cf7390693bd4dd3ab1a32301f281f735b7e7bfc8f2231363b803001000000000000000000039f2584a5e0000000000,3724
00000000000000000000b6cad346a34d0d8518d898d83c77142ad0f621c7ebf7,1560143,811266,3993941,917774,582754304,c57c530a21500ab8e3b760f1eaff5753a30df5625a698116b918984c32e4f8f2,2025-10-05 15:25:23+00:00,2025-10-01,f62f0f48,1701ddb4,030e010e082f5669614254432f2cfabe6d6d922ce618946f1deb698b263b6f7c68d86b9d08e7397b4aad648701a0d39aafec100000000000000010c618e405b5c264845f1473f57b0f000000000000,3650
0000000000000000000011623cddd22f38ea73b4a1679d59a52f09e514a4bd78,1645287,782885,3993942,918752,702136320,29f5c501ec84c00a45f5d4a91a1629521f92ee5d65fbe76fd9decaf92179f4ed,2025-10-12 17:18:38+00:00,2025-10-01,36a26c0e,1701ddb4,03e0040e1b4d696e656420627920416e74506f6f6c383036f9000901ef25b18cfabe6d6df0c48c3e1703add3234ac3ae39cce067c2689c5424a765745957f047496b82371000000000000000000122b22000000000000000,3419
00000000000000000000f70a639e844c310c32b59c0f83173443cfaa7a3dc492,1631835,787369,3993942,918292,537001984,3d83078876ce3b043d4fedd4bc69b42e7c1de209b4b6d0ed80bc92a4a4fef03a,2025-10-09 09:22:08+00:00,2025-10-01,f2e4cf79,1701ddb4,0314030e194d696e656420627920416e74506f6f6c20440054073bc7ceebfabe6d6d85e702ac1d97e73dd24dfc619d459ce00794ba706f34e16b2071e4a19b2485ef10000000000000000000dfce6725010000000000,3830
000000000000000000001d97912e5ec97963c66a02fe4e5afc0306da7af17e5c,1611745,794066,3993943,918644,536911872,e3bee4bc511f82d5a20334c098da59ff0a7c17087d1652fb614eb7394aedb5fc,2025-10-11 23:53:35+00:00,2025-10-01,e7dbb69c,1701ddb4,0374040e0413eeea68537069646572506f6f6c2f313239382ffabe6d6d33211581efee8138aa2c0b4327b12204447131aef208bb01d463c8cb3d13643e08000000e13017ebf7f525251a03ef2cfda3010000000000,5151
0000000000000000000005b729a21d757f7f0ef8ecc4955dd11b170e1c381ba8,1519183,824920,3993943,917308,793501696,2174a43fa566110d10dc154f81765c9d19f40bd216ea02d1212c3ce0c2b2cb90,2025-10-02 01:14:31+00:00,2025-10-01,de54725f,1701ddb4,033cff0d122f5669614254432f5472757374706f6f6c2f2cfabe6d6dae825a856f31ceaaa566a521a6ec30b844456ec1e0d56eb99386a77c0031e337100000000000000010d0bd690013dfbf8428291bf0af30020000000000,3169
00000000000000000000ccaa5c2f4f067376d42175299831b4d68e49ca89b741,1842814,717043,3993943,917358,537001984,96235e155a1e1aee87c84aa1384bba1ca77a8fbad3e7dba637c549d8be601669,2025-10-02 10:53:17+00:00,2025-10-01,28fa1725,1701ddb4,036eff0d1b4d696e656420627920416e74506f6f6c383035f9002907476dc4ddfabe6d6d3a62ec1ad0353e3c588f6f32fb6d8ecb343988ec0e5bf8b6c8313e0131fc15a810000000000000000000b3c7d006000000000000,2298
00000000000000000001943dfbf3338a7ec905988a4a2de8f64c84f7fc021599,1435202,852914,3993944,917565,668884992,32997abbc19b06ddacadf4a6e774aea4b79a7a48db523eacaf804f6986b64787,2025-10-04 02:45:53+00:00,2025-10-01,b8a5c664,1701ddb4,033d000e122f5669614254432f5472757374706f6f6c2f2cfabe6d6da93d7ae659bcaa53b1675289f55280a0fbd8fcc7c233222a25c225a2442355fa100000000000000010a0f14006b1393cfcc4af05dacf18000000000000,983
000000000000000000017e29e1bf44787b2a2a9a8242c27e6ddc0bb823c6552d,1554890,813018,3993944,917685,674054144,9c6fba2a5bd981027164d97a5e493c2a5d811148668b089e9a5176ee4a90c070,2025-10-04 23:43:02+00:00,2025-10-01,93015263,1701ddb4,03b5000e142f756c74696d75732f3738336500dc0160be5549fabe6d6d783cdf1543cb5bdf578b50c86c57a786aa204aee64ca2ce9d0892f762bbeb1c410000000000000002ec700006813000000000000,7065
000000000000000000019509fff41de2c90002e4e2aa37f3514bc5862c57ecaa,1624503,789814,3993945,917290,839614464,69c528e2cefb5d30bc4c119c2773dce7a29630c9768bacd50df297cb8df920ae,2025-10-01 22:31:22+00:00,2025-10-01,64a0f198,1701ddb4,032aff0d04c9abdd68537069646572506f6f6c2f3635332ffabe6d6d523a343f996cdd92a9f6e2506709b37d4ef5198ef8371a3102b62d724ffa6ac608000000ded8aa212e99fb1702159929b857010000000000,3995
000000000000000000013021fc701faa37e1df6175b069c84f9f61de09864039,1595916,799344,3993948,917405,773832704,da1b0726ef7a29967c22ad2d17847bd964ada4e5f136201717c9c34ccb8e1b69,2025-10-02 18:33:37+00:00,2025-10-01,37a96e68,1701ddb4,039dff0d1b4d696e656420627920416e74506f6f6c383433f9001703ec1e86d1fabe6d6d589783bcfdd10d1daeb277cd8d9f50e2a2f0be8e725fe47a78100babb84610991000000000000000000048b5d200000000000000,2413
000000000000000000010679261c135b1ce4a79564ec885b3394ff75bdfd78c9,1774987,739654,3993949,918605,537468928,a84796663cce84fd378093c48cdef5ed1d291ca6ec200f556d779aed86452ee6,2025-10-11 18:33:31+00:00,2025-10-01,676e0485,1701ddb4,034d040e0405a3ea68537069646572506f6f6c2f383838392ffabe6d6d08ae02ee4868a4f2163188022f74fb090e6c6fdcadd6fb93006266dfc706d24408000000e13017eb279da3a70d0bbd5546a6000000000000,3809
0000000000000000000105840eb43f71809d84fcc4e38f1e2cbc6ff8c3c17325,1572410,807180,3993950,917610,537567232,2ee6fd67fd1c0eb60c229b6d7be272eb94d9b09a32e749c87c8f6079f61356c6,2025-10-04 10:22:29+00:00,2025-10-01,ae3bb98c,1701ddb4,036a000e20202020204d696e656420627920536563706f6f6c202020202f00330742718886fabe6d6dfdd0ed46f83c028f1bc20be58b2fa9fba39be301673dc2e1f44d30acec589fdc100000000000000000009a58654f280000000000,3822
0000000000000000000134b7020e64362030a20ae819cf998c69988e9bf5ba5d,1738023,751976,3993951,918940,537812992,3fb546634b73768f138ff4df94896d43f83125675d001f9d2369255b2e12b869,2025-10-13 23:39:54+00:00,2025-10-01,6e6b0e79,1701ddb4,039c050e1c4d696e656420627920416e74506f6f6c39353944006f007a7b5a0d01fabe6d6d0970f534920babe8b6429338d447b8eaad3810be994d1fc3860d155baa3f7af41000000000000000bf5c00007dd8260000000000,3443
00000000000000000001c537d1f4d9a7210c9031cdd8dbef74410aba568d8138,1559580,811457,3993951,917666,537362432,18e3bb92f2d99b0cdc7585e13324596e1c8d55810033fd7cf56af9e64abac604,2025-10-04 22:14:29+00:00,2025-10-01,6da13198,1701ddb4,03a2000e04529ce168537069646572506f6f6c2f313239392ffabe6d6d5c5a7df9dedc77678c9aee8feab4d4cfcf67cb5ee8a28ddbe137b5cac1868a610800000022935a6b96dcdd5f13046a9fa284000000000000,5893
00000000000000000000d7c4d7e28ed64efee28aeba722d8a768342ff8d86edf,1582294,803886,3993952,918214,551550976,c948059516f08006a19080c03ff42c97ad3c958b84f3b4982efc30ae6712d9ae,2025-10-08 17:06:03+00:00,2025-10-01,39627f40,1701ddb4,03c6020e1462696e616e63652f3130303865006701deb5194bfabe6d6d84404da04ff37d14e082df025c6ba01f11322aca8d0be419614186bf266b21c6100000000000000000002133a133010000000000,2527
00000000000000000001291b2202dc452fcc487f612ac3265f13beb7677ce732,1635970,785994,3993952,919245,863428608,a24cbf375f47577ec50fd2e3b918545f85284cc5bfed93a4b92cf066a9d324cd,2025-10-15 22:04:11+00:00,2025-10-01,116e4c0a,1701ddb4,03cd060e1362696e616e63652f393934cb001b045e377d92fabe6d6dc498e5818aa8287fd21730219b4f8721aaf6199f86006bcac22818540d09e36c100000000000000000002c263400000000000000,3175
000000000000000000012418ed0b680d22c6887b2039ca51f06178adc395ccb1,1704173,763260,3993953,918682,545415168,8492d424824753d6b9f9286ba0337d5a57cce9adaeee676bd404b8bd8880200c,2025-10-12 06:07:38+00:00,2025-10-01,71be6126,1701ddb4,039a040e194d696e656420627920416e74506f6f6c2044001f04ff2cb168fabe6d6d44c866719c3f83357ed4ccc863828560053cdcdc70c4f5ba8a1144902160864610000000000000000000e79a8310000000000000,5947
00000000000000000001edf0c1256bc9f0ed143c9629901957b0bb305f601d48,1615958,792665,3993953,917236,754606080,e9267b39775a08855933ab83b89514a635d4f9578470f37a13eb4e9763fb85ba,2025-10-01 13:12:06+00:00,2025-10-01,f76b46da,1701fa38,03f4fe0d182f5669614254432f4d696e656420627920746172617a342f2cfabe6d6d0633dbdb80f511ede683624636607805881383e6fb91b566490ab75280fc507010000000000000001023b114052dce05aa6e14369a0200000000000000,3800
00000000000000000001550ad04bb434c73dca6d59ff1d7d46228b6f36f6b684,1746510,749148,3993954,918263,546095104,435ed7f8d96e6d4e0e7284e58bb992249e43fa7396df3b1555ad30821b386694,2025-10-09 05:23:03+00:00,2025-10-01,a0aeb1b0,1701ddb4,03f7020e04cb46e768537069646572506f6f6c2f3934342ffabe6d6d05a1213222e8314808bc1984532b7d4fcca5b8ef8f35ebe0be8cedddc9e10b8a08000000e13017ebbe78dfb207000dfe7b16000000000000,2568
00000000000000000001d4d75b72a52e4ec0b6cdd3c5dd63f713910334cf4f2c,1508619,828445,3993954,917157,709730304,d37c91c3fea545f2a5b7e78b2d26713682b1aeabb7a730925917e82f42372bdd,2025-10-01 01:07:39+00:00,2025-10-01,f64c09c4,1701fa38,03a5fe0d194d696e656420627920416e74506f6f6c209b006a0673112321fabe6d6deea77740a8ce7f41cac65c2b6ed96835318a72e1b7a33d9696402c655eb6378210000000000000000000c9187a84010000000000,2915
000000000000000000019bd2e0afccdff0495ac3afd3af9cc96a8bddea1b3e20,1781008,737649,3993955,917387,537378816,066099dd88e79c40ba9503a16cafb8a661c3f3e3d8ae6b8586aa2cc9bc439eb1,2025-10-02 14:59:40+00:00,2025-10-01,bb89dc92,1701ddb4,038bff0d046d93de68537069646572506f6f6c2f3133312ffabe6d6d2b1ef3e49d8a0f05bd58d663dbba9b66e6fca3b5269c4fc58e45c1375d1ac44010000000a8b153a6b769ce2e85182fed469e000000000000,3139
000000000000000000014e392dfe6bf1213feff2ec0eff0085a3f8412e1d8c2c,1525775,822727,3993956,918503,536879104,04cdbf2661adfe868082725bcde283cb63111f980cd80e063879228040cb8d84,2025-10-11 00:59:09+00:00,2025-10-01,df6b7829,1701ddb4,03e7030e1c4d696e656420627920416e74506f6f6c393630cb000d038ddea9fe01fabe6d6dc692e5c398ec7b02c6e4e6ef9d0da35b17d22f6588186246a989f10686a6c74210000000000000000000b3dbfa50020000000000,3753
000000000000000000005f123cf8599b550d55266a6331654f94c9d53b9c4285,1347065,882297,3993956,918501,589668352,e8da2e7a1b7dd1df8172121cf832e284b61f66efeeac181d6119f63f584135e0,2025-10-11 00:18:40+00:00,2025-10-01,22993a42,1701ddb4,03e5030e194d696e656420627920536563506f6f6c2f005e037f650f8801fabe6d6d800a3c6ac79ed49b94ad3f646a02ce5de60f991534aaa0e2ff03ae93a0108a6110000000000000000000d873d500000000000000,373
00000000000000000001d90220fa140720b8d8d80bea348421014cc4f992867b,1667753,775401,3993956,917966,537698304,bd1a9a0bad4cf043606eb3a9c3bbcff87415fbe2db743bad272df756c3d94b98,2025-10-07 01:08:43+00:00,2025-10-01,d66f298f,1701ddb4,03ce010e194d696e656420627920416e74506f6f6c20a3008c05855bac0dfabe6d6d56cc39277671e61a6ea1cd062e922938dfd9eb108dcb9123c1aa55ead8e201f81000000000000000000038da0ea8000000000000,2442
00000000000000000000d77021652cebf09f36b89860e441315ca4abb4f52e1f,1594992,799655,3993957,918572,537411584,f57705660e27963d0c9c589846247842da1216e4685a4ed3e5f856c346289631,2025-10-11 13:32:29+00:00,2025-10-01,283c0473,1701ddb4,032c040e048a5cea68537069646572506f6f6c2f383838392ffabe6d6df00cc75b9dca59712b68c9e2d194ee704f9ebabb805981582fe02bc1adaaf50f08000000e13017eb218ee1d90d0bbfdc4e47010000000000,3387
000000000000000000008f2f34235303bd3bd81b169b5e540109906aaa4d9589,1682726,770411,3993959,918831,743301120,6911b9f9493a89d04af91974bab7d44bd5f9c6021886636e5be664e136c7f8ba,2025-10-13 07:41:52+00:00,2025-10-01,4455c4ae,1701ddb4,032f050e1b4d696e656420627920416e74506f6f6c39353944006d0223dc879bfabe6d6d051bf43cdcb80f2edf5e44aa23719f49487d3becd63efddff994a2901058316d10000000000000004da200009e32000000000000,4640
000000000000000000001ed59a5c72942cc266ada598f4c035f399d146f00da2,1579319,804880,3993959,917246,735125504,f3de9bac3666c3d9d5c2bf4fd4726182db832c077c7dfffa8a7377ab1e788dc3,2025-10-01 15:00:51+00:00,2025-10-01,2ff31d48,1701fa38,03fefe0d20202020204d696e656420627920536563706f6f6c202020202f001d029d0c0ca0fabe6d6db10c23a91c7a23b5fabb7289728feeb621eedd50aaa77066c412739042eaa8191000000000000000e4c600007f04000000000000,3657
000000000000000000004272ce875631e2a6a962e784593107d8395fa4fdd1f6,1444893,849689,3993960,917955,537010176,95608cbaa56ea6a0a3125bbdea1ed82b2dcb7d4ddd73d8c6042538e2261fc834,2025-10-06 23:17:15+00:00,2025-10-01,269096eb,1701ddb4,03c3010e04134ee468537069646572506f6f6c2f383838392ffabe6d6df5da37ee71bcbf41c44e1d7f082a918ab119d7dba20d996bd3584c87bee603c808000000f7c6b0ffde087717230300edafe2000000000000,2078
00000000000000000000af60c92c991891c8d0e8e1e3ea68b099a01301acec52,1737285,752225,3993960,919204,541401088,ffaadfae2170407dd6e1a4fa4ea030e62038eb1e308965b8fc80baba20a6d39a,2025-10-15 14:50:22+00:00,2025-10-01,2cffac6c,1701ddb4,03a4060e04b3b4ef68537069646572506f6f6c2f38312ffabe6d6d475448d6b5f95d72dc6ceaf8f38894a4d1dba3162cdbba40a3b78a38ae4f04da100000004969bf4b38144da5860fae8217ba000000000000,2625
000000000000000000004b68e70f1dfdec2fbf6d950c436c976586e5c6bb8ae0,1597696,798755,3993961,917785,541630464,6e210edb407898a3329b1fd045135e22ef5ff30fbbfb0a2bae38b0fc154301b0,2025-10-05 17:04:40+00:00,2025-10-01,95fb7a98,1701ddb4,0319010e1b4d696e656420627920416e74506f6f6c393730a3005a01d543a24efabe6d6d6d94a2339455bf672711e29c714dc2c9d2bc9926c072988b766eff95cec836cf100000000000000037e10000bf1a010000000000,2797
000000000000000000019eed6f3fd6ebd5b65d06fc473eba211859ff96fcd924,1687110,768951,3993963,918045,598401024,47230300acd494138fd9622f4b6ff9cff4b9601488e7f6d9e3543df01a23aef3,2025-10-07 13:43:38+00:00,2025-10-01,c327394c,1701ddb4,031d020e041e19e568537069646572506f6f6c2f3737302ffabe6d6d00c6fb7077fb030ac7fe6476a3697b4ab04b28d256db07f861eb26c17b85dba4100000004969bf4b4e1120d987064a3b783e000000000000,1676
00000000000000000000678872da5c3699425e26348dca9990b05d81c980519c,1706591,762458,3993965,917654,804405248,f8575257141c64eb3fc5722a7ba375002982dde1b103ccd5b12b3d6d0b8a9728,2025-10-04 20:56:09+00:00,2025-10-01,e850b28b,1701ddb4,0396000e04eb89e168537069646572506f6f6c2f313239392ffabe6d6d8c759066301a902545b7322be41a600736037f07fe82ae4ad90423c6a1cc131b0800000022935a6b6ad6459d0706bb659d7c000000000000,2885
00000000000000000000dfa8daac31fe03d526b13d70e1431de9de7cf8c99afc,1772757,740403,3993966,918236,586457088,453aeb02daf6a537e6e751ad3413b903df948540dfc5b6489acf929a40622490,2025-10-08 22:00:29+00:00,2025-10-01,62c29c70,1701ddb4,03dc020e1b2f5669614254432f4d696e6564206279206d61696c646f6d31312f2cfabe6d6d22e882de54d157c7ca7c7e61d085356caeec06c1f9134cc7545f7f7453d32c9d100000000000000010336b7e057334044738301c450400000000000000,3030
0000000000000000000190b5357967bf005b9a594450560dbb2a97db7b2160c9,1467985,841994,3993967,918363,678502400,1afd2a0d0473f6d52ea79eb4751d63bd5172fa033aa1df3a18525bba29114eec,2025-10-09 23:13:27+00:00,2025-10-01,a09948d,1701ddb4,035b030e182f5669614254432f4d696e6564206279206563676274632f2cfabe6d6dffd946f444a7704c7fbcdf99b76796da2fa94c9b37cb3cc9f7a199188a7d05fe100000000000000010d4b9ea0322053aab5c2813600ecc000000000000,2530
00000000000000000001839084d1a8584ce8d8c7826e4afa855920c7a24a859d,1597148,798940,3993968,918184,554483712,40cd6ab7334c583f0e588a5c276a6b2d9b93a02adb1757cfa10489c8e0eea0b5,2025-10-08 12:27:17+00:00,2025-10-01,8e42af7a,1701ddb4,03a8020e194d696e656420627920416e74506f6f6c20cb0024027b0348e2fabe6d6d101c3a778d0fb6bf9f4c95c1a05c76ce7a5b0acd99b48cd54386ee1e6bec6bea10000000000000005b49e4e4016f740000000000,4007
00000000000000000000a5a8f6f249d04f62490ff20c890412ff083f52088fce,1598174,798598,3993968,917944,537321472,0234e556e983183ad9799cb5d43f4514ff508d2273c4fe86faf7c9ca7c01d44c,2025-10-06 20:19:55+00:00,2025-10-01,12fb0032,1701ddb4,03b8010e172f5669614254432f4d696e6564206279206b6d6b31362f2cfabe6d6ddc6495336126aab975a3743487eb502ac84318b24526125f1e26fb0156a3d002100000000000000010e03691012fed37eca79374530c20010000000000,4162
00000000000000000000fd268e0433d7e86635b9c21d400c8e2d4cc9a468aa56,1504242,829909,3993969,917491,537640960,5e2ee1cbf3c5f2b986090b9ed6c8343ef7862dbccaf283ec72dd541829274d57,2025-10-03 10:55:00+00:00,2025-10-01,2a18c00d,1701ddb4,03f3ff0d0495abdf68537069646572506f6f6c2f383838392ffabe6d6d71a620508d02620057adf283daae5002e088913fc63aa1dca67116c9ca40776a0800000022935a6b79eb92952d25b91d2585010000000000,2702
000000000000000000019ef43272208d91c407d142252afdb8cc2a9cd03805c0,1981816,670718,3993970,917552,576208896,e071600e39f243309bccad6005e862d6cd608f152fd4280063256a9b52a29ff6,2025-10-03 23:01:32+00:00,2025-10-01,8e1d4bd4,1701ddb4,0330000e04df55e068537069646572506f6f6c2f313239392ffabe6d6d239d8a8b4610cfbb820a8ccaa0941cd87d2efc523d1cd9940b438bc3585cf1100800000022935a6b30595dae0f02bee87103000000000000,1110
0000000000000000000176945f36c755ea617fb0331df6485e16069d439c0582,1596623,799116,3993971,917529,537010176,182e69a16af53d57eee82710134fd8655b15ab2fdee687ffbd5968fd27d8f9dd,2025-10-03 19:00:08+00:00,2025-10-01,61f26e6,1701ddb4,0319000e194d696e656420627920416e74506f6f6c20a3000102f8964abdfabe6d6d26cb948ecc52e0d0170c93cdcd425321f397843343646ecbc0eb63422a2a8a0010000000000000000000ffee94f0000000000000,3954
00000000000000000000554e98c9be61c0933a14b94cfb0da6fd7696dc7e6717,1677168,772268,3993972,919016,544890880,17ed122d6874cf13e26673043db863b0414f84653738a94f3964770db956a2c6,2025-10-14 10:38:29+00:00,2025-10-01,7d484fa5,1701ddb4,03e8050e1c2f5669614254432f4d696e65642062792063686b7a73323170726f2f2cfabe6d6d6e6efb3d0d8748e75046fa63ac1c9ca996a903ac11ba4e0c5a704e355595474410000000000000001024f7110755027e6336e1d8f3bc24010000000000,2356
000000000000000000001f6ef0a0ea450afe450824426eebba068aec472b6256,1545612,816120,3993972,917834,737239040,b098c55a851c7dfdae3932ba09c0a6f20a78b0580c67bba25801dc2f37dd0272,2025-10-05 23:48:15+00:00,2025-10-01,74912935,1701ddb4,034a010e1b4d696e656420627920416e74506f6f6c393037f9014b0165989e56fabe6d6d1760455fd43a27a0a02ca672465b3492151f9b04c33d0bae68456b861539e89f100000000000000000002d4d2203000000000000,3248
0000000000000000000022b9b9455019bf310cf9f655bbefcd42cda731267f9d,2139217,618252,3993973,917196,543162368,7a0c30aa7be042153843e280078d447b8c8592130ad0efb788573ffa0442c8ff,2025-10-01 07:45:39+00:00,2025-10-01,f9722f4c,1701fa38,03ccfe0d202f5669614254432f4d696e65642062792064696d6f6e6d696e696e67746f702f2cfabe6d6d02b2938dd369a28fcb8aff304b070671e7d82603cef6b555414c5a3e0b1f138d10000000000000001052e22f0a4abe190eebb5af6b3cb60000,310
00000000000000000000233872f87c5eeed5e9159ba65c7415fb8fb1481879f8,1656848,779042,3993974,918223,537010176,f3b3e8d94ea85b92d05616fa4e5a78f7046519af5bfa72d27d7b0b473ca6c4bf,2025-10-08 18:29:30+00:00,2025-10-01,c9495808,1701ddb4,03cf020e194d696e656420627920416e74506f6f6c20f9001301fc8d75ebfabe6d6dfea394ef99c5eb0fa0bb4b8f6c2d5fc864ed51992dbb8d5c72f8b5bd7bd035ee1000000000000000000070f0e33f010000000000,3046
000000000000000000011a6480b453cd0d6603ea6eb7afd46278093e7f35261e,1728668,755102,3993974,917563,536993792,39fc2b0839752167c52b4760cbd64a46d308886cb3e2b25599b1bbec8d2f077a,2025-10-04 02:42:23+00:00,2025-10-01,e6903191,1701ddb4,033b000e1a2f5669614254432f4d696e656420627920706f6f6c706f6c372f2cfabe6d6de395884b47fb5fc9c08837fc220bcd34120a93c38a5409405e25bb2870b2641410000000000000001089f13401c91aa9fe2857746e0933020000000000,2453
000000000000000000008abf6bb3366a79218a33576f0961d619ea802988d485,1514159,826606,3993977,917596,540344320,07dfde441feb779098e804607998da8348d541ef4cd2e4793aea802a3cc8e506,2025-10-04 07:57:05+00:00,2025-10-01,829b704c,1701ddb4,035c000e194d696e656420627920416e74506f6f6c20cb002b020e71df6dfabe6d6dd3ffeeb62ee3095c6cd7fcb190337d9f638dade7871cb5b780aabe0d8218c9b51000000000000000eae50000000000000001bf40,4052
0000000000000000000188e35f10bfa1aeff25c6b3c59eabc0cb8fc81979dab0,1671985,773998,3993979,917848,581672960,509c56236f48edd6b64b5422d852db72ca65be6ed00947c6cda2f7b0e8145b08,2025-10-06 01:45:24+00:00,2025-10-01,4a640737,1701ddb4,0358010e194d696e656420627920416e74506f6f6c20a30054058f5c4567fabe6d6d7b0657c92264afc38fd783440e58caa2ccb319198faf53c5e58cbc497c19999d10000000000000000000875d0000000000000000,6335
000000000000000000009a1ce7583834c64865d1a77808a7951a89ead5b4ba35,1597298,798894,3993980,917576,582410240,158ee1eb77c47b2a1986663db2d0579c3387aaf0b33bc9400996fc022fb64086,2025-10-04 04:15:40+00:00,2025-10-01,45787d8f,1701ddb4,0348000e3642323a203078373833633366303033663137326336416335414337303032313861333537643244363645653261327d002d03bf4291a6fabe6d6da355b463c13213ac936967efad3b1da0d1fa855300007beca9a0020000000000,3011
000000000000000000012d71abcbd3354cc48ba274bc0fc3ca1040074128481e,1482050,837310,3993980,917964,627326976,9d4f3ed0c7eeaa6e6a0eba77c2c73d732d4290aebdb45fa12f75c7b922e88a3f,2025-10-07 00:58:03+00:00,2025-10-01,f97c05ce,1701ddb4,03cc010e194d696e656420627920416e74506f6f6c20a300a304818ab32afabe6d6d85384ac43bed68be179a0a1860c80e4cb9c14da8135a96e28f1a2925bca6450b1000000000000000f0880000bae4000000000000,1871
00000000000000000000e24afa9efb885d489a8c4dde21d46016c24b8dc94cc5,1645101,782960,3993981,918050,801873920,9de135ba7bafa22c644ff5cd42128719b2f43c2721765f90d3692e852befd824,2025-10-07 14:51:11+00:00,2025-10-01,e11b8095,1701ddb4,0322020e194d696e656420627920416e74506f6f6c20cb003100ab7dad1cfabe6d6da519732c6aed7358ac345c2afe2e3c7bf5a2bf53479303d3cf9652b8b90c0f8f10000000000000000000e6bceb2b000000000000,3011
00000000000000000000316af39c8c061196ea2125f730acfc76f0137f1545b9,1621969,790671,3993982,919050,583761920,c3d57ebff635cf63bb7546f904b423ff0943ab3de55a4b3c170096ed43fa7c6b,2025-10-14 15:23:59+00:00,2025-10-01,bcca995c,1701ddb4,030a060e122f5669614254432f5472757374706f6f6c2f2cfabe6d6de1b5f57e036bb54e670153796d287f386e000845595d669acb5ab8a313fc86ce10000000000000001061fc0d072eded2c113ce444efb07000000000000,2411
00000000000000000000e46bec41f83a85191edfe2fff8c46da37302ef5d4ab7,1625161,789608,3993985,918804,537075712,2d8a07ad58e68e7d1da81dfe8073f9ed8709852d65aa089b61a1dafc186ba668,2025-10-13 03:24:30+00:00,2025-10-01,f293113e,1701ddb4,0314050e194d696e656420627920416e74506f6f6c20f9003100c7d13f77fabe6d6d95c602addf0ec13543ac8ce79505005f6403f672353d1f4cfd50bd95574633dd10000000000000008d760000220e010000000000,3997
000000000000000000005cf978ff3024780ca9a2af3f6093428b1e34585aa9d1,1589119,801622,3993985,918671,537174016,48184dbffff2a2f7911182225551863daa8f6872dc602a3839dc6623a1d6adb6,2025-10-12 04:09:17+00:00,2025-10-01,9c69e033,1701ddb4,038f040e3642323a203078373833633366303033663137326336416335414337303032313861333537643244363645653261327d002701d4d97b59fabe6d6d307cf4e656d29f47831ce95dab6e3701be1bc77b000098d7648d010000000000,3241
000000000000000000002b68e5b98a2abb2f0c6c06ca3b02ff8c271d3fb4c2da,1714894,759697,3993985,918343,549453824,9325765a81df48e5a735db5125ba0eba06ec255a1eed9b4fbac651d66021f58b,2025-10-09 18:51:03+00:00,2025-10-01,e7118b38,1701ddb4,0347030e1b4d696e656420627920416e74506f6f6c383035f9000201073e4ebefabe6d6d717c6bd86645b14fc938245d3b222c968ecf5659a49797f55d382ffdd5b5a86710000000000000000000003b5a9d010000000000,4003
000000000000000000006ab555d007889045182e6eba8d7f58c80afbd30b601d,1817248,725579,3993985,918335,693313536,6904ac73ae4254df7000a89a2672ed11de84ef09f1e425d7f0760edf32e2fddd,2025-10-09 17:26:46+00:00,2025-10-01,dc95a51,1701ddb4,033f030e192f5669614254432f4d696e656420627920697676613131312f2cfabe6d6dcd8bb2dc2da42eb88b3b9cbc667567197916b607f85b9804781e60a96b765540100000000000000010438ab80449eb001e4ec65fef595f000000000000,1841
000000000000000000014523d21c35b7e34826a5fba07d12b1991a62780ebfbb,1530123,821288,3993987,918032,540663808,6880559367951cf18b7eb923c9455db85c8303212f99d533ce44508263a45467,2025-10-07 11:32:47+00:00,2025-10-01,19ad15b3,1701ddb4,0310020e194d696e656420627920416e74506f6f6c20a3000a006489e4aafabe6d6d5d76648e6fb0f4a70b4ac962039b987127991786441aa4ca4be06c34e058cb4c10000000000000006c0d0100d07a020000000000,3961
0000000000000000000039162fa4bad783ae4bad13fb90fedda63dc8d4b88bd4,1560213,811258,3993987,917948,538673152,d3587c5b6ef8269da825a35de6fdccfefd2602c679fca77051edf69933ab08ae,2025-10-06 22:33:56+00:00,2025-10-01,c5346766,1701ddb4,03bc010e194d696e656420627920536563506f6f6ce60056004e00959501fabe6d6d84ec5488f8ba2eb4955c9a5e42df2519f3fbe0b4710117b75785fb2c2ee6dbb81000000000000000000084c3106b010000000000,4174
00000000000000000001b0ec2b9229e2839159a4911e7498bc7614f6845e2b58,1558440,811849,3993987,919306,768991232,9f05294dcecb4eb54f212b45184bdd4971f60ffde7d7e7ae28925372c2e8e2e7,2025-10-16 07:32:05+00:00,2025-10-01,67804495,1701eb21,030a070e194d696e656420627920416e74506f6f6c2044000d022950f7aafabe6d6dadcea472f45545ac1c96908ebdf78fd06352556847fcce1475be0b63f6f354ba100000000000000000007c57119d000000000000,2790
000000000000000000009033b1a01515ed5502375c5605c92a41de0f7301d4f3,1523032,823652,3993988,917413,537100288,2b0d2fd69b66b80c677bcaf41dfe07a0983318c24ad0785d50fd170f43504375,2025-10-02 20:12:36+00:00,2025-10-01,8106ba52,1701ddb4,03a5ff0d194d696e656420627920416e74506f6f6c20cb00e1020f84322dfabe6d6d8638506ab674349f243569f850922cf221d3236fc449361529fe6560e512009810000000000000000000d771d09d000000000000,2052
000000000000000000018017a2fd514b0107d2717a017d16579edc0447fd46e9,1603145,796948,3993989,919181,781434880,fe84d3122c6249f7fa2531bea748293f7fda5f4628c0818e413d7371226bb686,2025-10-15 10:27:06+00:00,2025-10-01,83cd2c56,1701ddb4,038d060e1a4d696e656420627920416e74506f6f6c204600080164ec5df101fabe6d6d573364e66a7497cc5ff464ec46dfcec731160ab472a4026a96b0f5570331a492100000000000000000002d43de00000000000000,7055
0000000000000000000145f20be98793b10e8872dbc963a168018c5ea7909fbb,1925265,689575,3993990,918095,840933376,8353ebb1fcd8f5d635e8757d1d72505f6a78d906fb7468c94f6e7627a7f5023a,2025-10-07 23:24:46+00:00,2025-10-01,40ebaac,1701ddb4,034f020e194d696e656420627920416e74506f6f6c20a3008d0063294eaffabe6d6dc7ba95dd6289366dda50520c3190a33f082499f1a65a49aded887b46334d40e7100000000000000000003c738e00000000000000,2154
0000000000000000000086e7c0cec19148cdbb823de385157a0fb31d94e0e91b,1745370,749540,3993990,917924,612278272,fe5b2b592af513ac8e144566358b727c9006ed001c70c7f6c7f9539a37e58cc4,2025-10-06 16:06:32+00:00,2025-10-01,9f6ec004,1701ddb4,03a4010e172f5669614254432f4d696e656420627920616c6761312f2cfabe6d6d1242e637e32dfad9b6c924074fa11dccbb0b6bb26e8af1ed32f0b45435a92220100000000000000010ea3b190503e05da09aec33d21800000000000000,2883
000000000000000000007a2f3de24f4c3b54a5297eb048a3c1359ac3e520907d,1532916,820358,3993990,917706,537223168,6030582345e33580f06791eabfe6524e653a076fb212de06ff1ce0e6e716fdf9,2025-10-05 03:22:00+00:00,2025-10-01,df48b95c,1701ddb4,03ca000e1b2f5669614254432f4d696e6564206279207073676c743570726f2f2cfabe6d6dba4db971985e2c2a41516a50bd5764ccb83ba3ed8e93424b63d7bb26bd892ae41000000000000000104fea1605555cf83cc60360f0c714030000000000,2467
0000000000000000000022851b952c59936c19a572babe0ea5387237d87566e6,1702147,763948,3993991,918755,537018368,77abf273f5c9b214c06e63d09e4294900a16ff3c6c66b717db89a9d8d2109535,2025-10-12 17:31:57+00:00,2025-10-01,17d34eaf,1701ddb4,03e3040e194d696e656420627920416e74506f6f6c20cb016e01f3e7ae1dfabe6d6dfa2246ba3353fc12ae481ed88d73419e8b89ab588ac32d4a112dd626ebc6cc2e10000000000000005c3b0000bc18000000000000,4827
00000000000000000000cc4eea7def1fd94876923e7ee2f8f5cd39653b5f21b4,1487201,835597,3993992,918246,613924864,ef38e6b7dace82c5cc9abf4963d867ae96939a1724ac364f8742ed2eb6ecc87f,2025-10-09 00:59:29+00:00,2025-10-01,8b4e68b2,1701ddb4,03e6020e172f5669614254432f4d696e65642062792031786875622f2cfabe6d6d6db7f707999d86e9eed04ed7a807800dcbb4fa8c0edcf6935dad7b77033febbb100000000000000010236eaa06f3f61699a6106f57dd80050000000000,3473
00000000000000000000462d33f27dd50d66c1068f488be3a08b2f3f985bddca,1614212,793260,3993992,917772,537157632,1af0a911f3f80c1be3d2aaf33b6dda13848610f897f5cbef8dc50d5302e007b5,2025-10-05 14:50:35+00:00,2025-10-01,40c1827f,1701ddb4,030c010e1b4d696e656420627920416e74506f6f6c393037f9013b00a54ee842fabe6d6d69c49371c7ea700efda34c35c894a3c23166573b28f7a6bcc2a53329817ee5d01000000000000000000016b1416e010000000000,3165
0000000000000000000114ae5a8f3593d5ce467f0e4bf2735703fc9ee543f2d0,1684740,769751,3993993,917779,536887296,993a744bc48cd56256068208a527b279472d58ce5a1d500c7d9b0a18dbd995ba,2025-10-05 16:06:29+00:00,2025-10-01,5a0ed82d,1701ddb4,0313010e1c4d696e656420627920416e74506f6f6c393539a3006102c07469fd01fabe6d6d1d21cb9315aa2437b9dc8df223bda699f829196a21fc3d974fa9d102034f8edc10000000000000000000072935ee000000000000,5599
00000000000000000000dedaefc89d881c8ab467f01aba7122c94daa71159e93,1625509,789495,3993994,917855,593018880,fc1219ca717456015d6b2155eb84f9523459567fecba22c87cdf1fca9c031858,2025-10-06 03:13:48+00:00,2025-10-01,ee39db84,1701ddb4,035f010e1c4d696e656420627920416e74506f6f6c31303233f9004203af1ad995fabe6d6d20a36895cfd2a7a183247cc7621912c8a239ab6f4ed851f799ab360ad08fbc491000000000000000000082152c99000000000000,4883
00000000000000000000f9f947aeecb05a2fdebc7d77f614c0fc6d7e530242f0,1641802,784065,3993997,917845,585793536,5f0b0323dc94230cc3354f9a7bdff1358c5281383d790211b4454a3b44f57940,2025-10-06 01:20:27+00:00,2025-10-01,6d96e23f,1701ddb4,0355010e192f5669614254432f4d696e6564206279206e6476326e65772f2cfabe6d6d4967e7466153c28e8f893f167489c187960220f9d7c003a7e667b4e7a738508d10000000000000001099f3ea0c85c809bf923080bee90d000000000000,3321
00000000000000000000a1edd700cb914f35dc41f918bd58a8f56d2714da7cf0,1598260,798579,3993997,917689,622411776,cc47fb3b3cece557b42629926f5cf300d0f783d6cca4f090bd386202f230a513,2025-10-05 00:27:24+00:00,2025-10-01,9735e296,1701ddb4,03b9000e1b4d696e656420627920416e74506f6f6c383035f9013a04709cb87bfabe6d6dc141b4654d295071778242b4a1a446f5dcbc56cc586b1d0b4283e8897703151310000000000000001f5f00004e51000000000000,5637
00000000000000000001d16eb92acc9604c16b3d6e9b5fb295f237bd716d5d7c,1700245,764584,3993997,917697,538083328,30a93617329a43cc60e432091eb9e0d1a9832b5386145d73bfd83ac940872842,2025-10-05 02:15:28+00:00,2025-10-01,3ac7083a,1701ddb4,03c1000e1b4d696e656420627920416e74506f6f6c393031cb00ac029741b2e3fabe6d6d83647b8a59b1e149bbf409c26bd3a360d0e53039d7241c2bfccbb3e6f7e51ddb10000000000000000000095556b0010000000000,3551
00000000000000000000725d5d43fc8d1884ee6b95c9f8273d803735d396c821,1718288,758570,3993998,919221,537608192,3e36a5c2308720f69dc8cfc4a9b5478e4032c0d4a908cc13b91b8e5b726e2206,2025-10-15 17:20:25+00:00,2025-10-01,f3bd1795,1701ddb4,03b5060e3642323a203078373833633366303033663137326336416335414337303032313861333537643244363645653261327d000f00f8bbd061fabe6d6dc3c9bf1bbe2984d6ebd326c4f757bcd1bfe79784f9e400009285000000000000,2510
000000000000000000002862a6e4f51f63db63ba12f7c4cf45de030f4eda3893,1723768,756744,3994000,917519,537403392,87695ba0175ef532d6265970738328f76243f9893279e87934d568c7b8524dd2,2025-10-03 15:31:12+00:00,2025-10-01,40fb6d13,1701ddb4,030f000e3642323a203078373833633366303033663137326336416335414337303032313861333537643244363645653261327d001200addd3988fabe6d6d4fb88606dbb3fc05cce32afee85e1e9d4ded4ac40000a3bc0fa5000000000000,3033
000000000000000000003b127f88a5eeee4e4ca06a6206074994c977f94f9f39,1619944,791353,3994003,917640,536985600,968108d6d14bae74508bf78deceaab8c01ba596bebd9cdb21039656cf76a136a,2025-10-04 17:02:10+00:00,2025-10-01,41c4478,1701ddb4,0388000e1c4d696e656420627920416e74506f6f6c31303233f9015c05d16214dffabe6d6d9c594e0cfd0579ce3e1f8715d65512f6ad91db990b902f83c8417482136def781000000000000000fb8f00005b301f0000000000,2894
000000000000000000015b1c046093066aa33e210dfa0ba05e643d5c26e5c99b,1616362,792547,3994003,917521,555622400,6182eb279a33f01e9399facf59c6f79b581e9a48a895aa28f693d4ce08561eae,2025-10-03 16:24:48+00:00,2025-10-01,3690cc08,1701ddb4,0311000e20202020204d696e656420627920536563706f6f6c202020202f003904c109989ffabe6d6dff12f20f1884b58e5259ac8766633ae6621ace3ea012249aed9cf34710f4cea210000000000000000000f935b3fa000000000000,3832
000000000000000000004c9a722d40f883e17c0aed7186d569128efdd3a564f1,1548775,815076,3994003,917299,706732032,d6fc3f853b86cc2512c9ec67b6c85cb9c49e41ddd32e7f3cb7ebdf41abb2a43b,2025-10-01 23:39:27+00:00,2025-10-01,15fc848d,1701ddb4,0333ff0d1b2f5669614254432f4d696e6564206279207465736c65766274632f2cfabe6d6d0fe745d827ac7384c39def8d03c3d815b9bab9dc83f60a4af3132895c74fbe46100000000000000010e8f2910a2c84b4c970dfc0dad75f0200,3870
000000000000000000014066dd091d78e3dbddc5495a8bec54f6028c724d32c9,1556790,812405,3994005,918454,644169728,9d05d2a29a8d44482d2d281f53783ec7bdefd545a67fa06b43f89003091af0b7,2025-10-10 14:26:29+00:00,2025-10-01,e4be9934,1701ddb4,03b6030e1b2f5669614254432f4d696e656420627920757374696c696d736b2f2cfabe6d6dc3a418ea02d0cf8e24d305c695a42494dbce017084a3c46cf53b0c1c08f667da100000000000000010909535012f3e30e97394a6550b00000000000000,4157
000000000000000000007b463e8f50a10241cedb6d2ab58fd8f8ea25d601607f,1522401,823868,3994005,918346,537255936,daf41ccb77ff62563cec0d6a0ce512ddb4701a6a9c7759d24cb48f3dda3da1e3,2025-10-09 19:19:17+00:00,2025-10-01,3ef8644d,1701ddb4,034a030e194d696e656420627920416e74506f6f6c20f90060021156a3d9fabe6d6de423dd7e1f2dff3a7608ba5eb94eb4b54fd8383340208361bf6a8f29f5e104a210000000000000005a840000b2fc000000000000,2991
0000000000000000000067cb0caa997cb44e67199dc2fde7182b5a6d1b5f4122,1509832,828058,3994006,918506,537157632,097512497c14f43c3cafc9d8c4213b3d67c6b6d4f34262bc0ba32a72571e7d6e,2025-10-11 01:32:00+00:00,2025-10-01,47811111,1701ddb4,03ea030e20202020204d696e656420627920536563706f6f6c202020202f001d02999ebf03fabe6d6dc6732ac3c2ddb19f7f0d4b6ba8f7cb294db0fd2a82a330215ff3f3fb01b5766f100000000000000009640000026e010000000000,2221
000000000000000000006450b3c4e6ca4ef5a5d7bf143cc3000568e5678c1ae2,1599178,798276,3994006,918251,738279424,3fbe828e34c767203a61f537dfc9198fe2bb4aa98538a53a71043ce509c02c76,2025-10-09 01:46:09+00:00,2025-10-01,b9eae24,1701ddb4,03eb020e20202020204d696e656420627920536563706f6f6c202020202f00330798b57f1cfabe6d6d74cdbf1dfe0ac38db96771a6c7166602ddd170908101f8c774264fa7e7d7885f10000000000000005fd70000d2b4010000000000,2978
00000000000000000000372e332af7fdbeeb10ea9ce6351a0986b0ec5d36083e,1143386,950207,3994007,917566,537305088,f63107d312e3a3cf95daf1560f54531772a215d875eae8204e417931f133be08,2025-10-04 02:47:41+00:00,2025-10-01,5058292b,1701ddb4,033e000e194d696e656420627920416e74506f6f6c20cb0027029fcbae2cfabe6d6d9376eb66b54c2b0ce77aa06df7277f7e668b631a4ab6e066c70d091445ae4cc910000000000000000000f3b2289c000000000000,423
000000000000000000006d944192f4dd736ef222f8d4ee3e58d6aabdb4a6fc85,1625553,789485,3994008,918802,536969216,72d17ea69078f144873db04d6d59cba86c8d30ae78474e9605ef6108694a55b0,2025-10-13 03:17:23+00:00,2025-10-01,a876c25f,1701ddb4,0312050e1b4d696e656420627920416e74506f6f6c393037f9014b01c546fcb7fabe6d6dd391b4078a97775531e8d1aeb145c35157932e7f5bd7ba7fa7f408b9b68e20ad1000000000000000000061a8e1321a0000000000,3568
000000000000000000002a9b36cf9c9f5948ea862e3fd3bb971f4837ccef40bd,1551215,814265,3994010,917887,538345472,bbd8b651e25e21ed0edf515109b2d8f4d6bc6f793a35dee57c3adab8317099cb,2025-10-06 09:27:46+00:00,2025-10-01,81209ab2,1701ddb4,037f010e1a4d696e656420627920416e74506f6f6c20a300a10634d8a76702fabe6d6d497a06ff4c75906486d72314a7336d3ed85297895c7933704ab2d2953edb67c110000000000000009f4b00001124040000000000,4294
00000000000000000000c21f58e0635e5c6cbef056d15adfae8742cedf680017,1337634,885459,3994011,918113,650256384,16ca8e1ef8071d43bbc928ce2ab94f19f725b798e19674c55dce66aa40f75bde,2025-10-08 02:23:07+00:00,2025-10-01,7362c66c,1701ddb4,0361020e20202020204d696e656420627920536563706f6f6c202020202f001f00a2f21eeafabe6d6d385aef95149b73a98131e4bb7ed553d63b13abd7ef81b97858500f14f15de7121000000000000000cbd00000a847010000000000,1896
000000000000000000001f20545f127ee600e843e343b53a4c7c24f65387b59d,1822894,723706,3994012,917708,805298176,86bb6cb65880478a538caf6d33f3983103f1633941abc004d844e6ce18062a4d,2025-10-05 03:34:39+00:00,2025-10-01,2347009a,1701ddb4,03cc000e184d696e656420627920536563506f6f6c2f004c04b394079cfabe6d6dbb186ac15016eb4a0a2ce7b9edcb50652edd7b3697aeb592d8786ed278659f9710000000000000000000b438ed69450000000000,3372
00000000000000000000a11d6b5c06404c9ee453c8ec875ae514fbc8445f68a2,1472717,840432,3994013,918225,616431616,49a89156cc65c60bc6cf34af33ad6fba20a434607d3dd26ba7903f9bd79ca7d4,2025-10-08 19:57:56+00:00,2025-10-01,4db7449e,1701ddb4,03d1020e194d696e656420627920416e74506f6f6c20a30004021c2e0597fabe6d6db10b9e5cb5156cecbfaa51528227f5240b61fe510943c8efd6b6baa0f0b7f0b71000000000000000ffde00001336040000000000,3554
0000000000000000000190ca6253d1fd0958f0ea87b6af949e4f1b613b35f8de,1635068,786315,3994013,917974,1021591552,924cba0d2960b5071cdf84f4c6354e8befd2968da24f70f7a4ec72aa134d8966,2025-10-07 02:29:00+00:00,2025-10-01,c8792311,1701ddb4,03d6010e20202020204d696e656420627920536563706f6f6c202020202f002800a210ada4fabe6d6dcd28e4a9c8d1ce363b0f804b51c9556a2f90d0f218c6b290968b28a82b18c96d10000000000000000000486d0400000000000000,5416
000000000000000000002edea05decf1f5a1254b997b8e71a603d7c8a35248e3,1446165,849283,3994014,918234,679698432,c78d0cf9da7148c996b26b324cd9fa049df4657df26169d2e61c5f00be740e8c,2025-10-08 21:45:56+00:00,2025-10-01,b6f33d4e,1701ddb4,03da020e1c2f5669614254432f4d696e656420627920616d6672616374616c762f2cfabe6d6dcd42876e20a0db8d8222db757d74e168f6d6a8c84c9f08f0898ab5d5d63e9ae1100000000000000010ec6adf05c38f66e3890b78742705000000000000,2685
000000000000000000017635ee01a24822fe458cbe87d15a24af219f63374c7d,1640640,784458,3994014,917451,829235200,da54f8c6e3ee0018124d20749864fc88165bcff21d1c3eb2bd8cb8aa743b61d2,2025-10-03 02:38:37+00:00,2025-10-01,b5a34219,1701ddb4,03cbff0d1c4d696e656420627920416e74506f6f6c393731a30041019992545c01fabe6d6d1f5f6383b1f121ff8c067a1dc9978c04a1e9ee6cd1736c20a69832c7abdc0be210000000000000001d5a000043e8000000000000,3792
00000000000000000001c7fd14c698c36fd004c985a31479f09c383ace1ad8e8,1778149,738622,3994015,918535,576143360,676feaf263daf3302a39a0c6a63df23c3ac1dbcbda56d5ddb157fdc645ef48eb,2025-10-11 07:19:36+00:00,2025-10-01,9a9868a9,1701ddb4,0307040e1a4d696e656420627920416e74506f6f6c204400080015ee904c01fabe6d6db8a02d860c4689df676d0b3892792022201c2a6d7188ae9fa15f508cd9ded7021000000000000000000017385900000000000000,5142
0000000000000000000198fef9d30d503f7654c308dd1b82df9844e60b8a2cb1,1690495,767840,3994015,918444,702210048,fd763490d7bd071b317e355d6932cf4cf716000a1c2e95be18a5c65b50906d03,2025-10-10 12:20:57+00:00,2025-10-01,7e19e140,1701ddb4,03ac030e194d696e656420627920416e74506f6f6c20cb0024027eb76e45fabe6d6d12fffc41359441dd58bb12641183196ba4183b30e53447e2fe08085d5954a917100000000000000000000ad2569f000000000000,3619
000000000000000000001d10ca986b3d854ebe2ab8a702aad0e0e113d7618369,1702894,763707,3994015,919309,599146496,483e51a2f837e172de810cad068ee3380dd1648992d869153bdbe2392834c033,2025-10-16 08:05:06+00:00,2025-10-01,41d26a21,1701eb21,030d070e194d696e656420627920416e74506f6f6c2044000800351f4f53fabe6d6d2dae5d443fe18dbd416105fbc7bf1d25341aeb521802a70d7f03f52122199ac8100000000000000000005b520000000000000002,3551
000000000000000000018c5fe92cbbca1f240fa7acd3a204eedb32a8892a4a07,1614558,793153,3994017,917730,981827584,8e3e8c57ccf40995742265ada2572a27e1e8a28fced4c85dfed9e660f2601c6f,2025-10-05 07:16:26+00:00,2025-10-01,84365812,1701ddb4,03e2000e192f5669614254432f4d696e656420627920746172617a32322f2cfabe6d6d503012450d4a118ff97776737bc5bc8b20c44468dabd76c364c8e2936e3d879b1000000000000000100a1071071e188f05b0eb94502200000000000000,3397
00000000000000000000a65b72f504691411562baae309970ecdf0a0f2dfdbc8,1775797,739407,3994018,918764,537583616,a2e117d001e266848163d41c4d0509f367d8ef6bc91b62e22053f3cb82591e7a,2025-10-12 19:33:28+00:00,2025-10-01,fb28bad6,1701ddb4,03ec040e1b4d696e656420627920416e74506f6f6c39373144003f011f5cce3efabe6d6d8e47166783e5c1df49715f07c3317cbc916b89eb5d02aaa06da94abe6efc1ef91000000000000000883200009d82020000000000,3152
00000000000000000001c3211c0ab2fb2ffd27216646c4b3e7dba34e3c38b8b8,1571713,807435,3994018,918323,537403392,6ccc49683e174d86770007c8dd7e1918ed9f53161ca8b787ff507f7848c45f3a,2025-10-09 15:57:04+00:00,2025-10-01,806d0762,1701ddb4,0333030e194d696e656420627920416e74506f6f6c20cb005c00c906734efabe6d6d1aae1ae357754674ae8866a38537e66fa9fcf2640869e69482974288e6f9d86b100000000000000000004fb10327010000000000,4255
00000000000000000000b3eb0ed63545ad28217dc07e996e8b91142991886459,1848255,715255,3994020,918576,538165248,5a1180c9144b3e13c91d8031d8f1cf65f762a6d9457394837e67f3dcae219043,2025-10-11 13:54:41+00:00,2025-10-01,761b6532,1701ddb4,0330040e1b4d696e656420627920416e74506f6f6c383330f9001101a338f59efabe6d6dfe946be0be452e92eda10691e4e52c99a03f941d565932b76c77e4d725d17ead1000000000000000000060dcf717000000000000,1998
000000000000000000002ba300bcf06c1d18fb1a330f2a8c83787f91f7f8e4ba,2069995,641343,3994024,918129,837328896,6f153b81a1d0cd1e9d49c78276ab46a3fd8fc3dde52d1fe7556c450041f9c0a5,2025-10-08 04:53:51+00:00,2025-10-01,359eb934,1701ddb4,0371020e194d696e656420627920416e74506f6f6c2046000603d8da7d93fabe6d6d29e0aa8a246ef4f350bb9c776139b86b9a6e59efebd0704fd67045c86a0cdce6100000000000000000003002e818000000000000,970
000000000000000000002c6b9f20badc6623cbb8fbad9c79a73eef9bba660f72,1817250,725592,3994026,919234,537362432,1cdf7fe5622c3c559eeefd5305bed4ecb971b9a732076f5bd352c1815bf551e7,2025-10-15 19:42:07+00:00,2025-10-01,9b555c7e,1701ddb4,03c2060e184d696e656420627920536563506f6f6cac0031022b692ce6fabe6d6d1b3d8dd601d954bfe5f033caf730d8ebe318f76cfe9d257785204f66fd5e989e100000000000000000008400ef85010000000000,3707
00000000000000000001a5d5b14315cbedc5058e2cebcd5b00695a4ec28b0799,1493344,833561,3994027,917391,871202816,264e6af5b3eadcf5c87aabc38386d456281d50d47fc764b9fae25379e2d79396,2025-10-02 15:58:21+00:00,2025-10-01,e89c4684,1701ddb4,038fff0d1b2f5669614254432f4d696e656420627920696c757861323032342f2cfabe6d6dac50f0f52d1a8ee221be7a9dd74ac11d13670633a650f611f34141b38552dcac10000000000000001044cded03d864dbcd00be43159333020000000000,3762
00000000000000000000058571c683e0c2fed468a791b664ded22e0940bd493a,1632008,787340,3994028,918165,536977408,6b6bc190e7c38830dd1f9eb14271ace2e70dd5d7c0cdead1aa94daf9bc5a974a,2025-10-08 09:55:38+00:00,2025-10-01,48f9d52e,1701ddb4,0395020e1b4d696e656420627920416e74506f6f6c393030cb01910144c715d0fabe6d6dac1c4d656a664f6252aeb95a0013cdf536812b77dbe350bf4a2cfa186c44bc6310000000000000004ba20000abfa000000000000,3855
00000000000000000000925511e890eb0c51d66493b01f1dad4b01313e9912bf,1615444,792862,3994030,918893,749322240,ad9d8920bddb4375bd28e72823d419d2e69d032d9295c06f4e78dde06909931b,2025-10-13 16:23:58+00:00,2025-10-01,8b0f3589,1701ddb4,036d050e194d696e656420627920416e74506f6f6c2044007e05de937a30fabe6d6da7c61c36dce1f23f2ada7716a07dcadf288423581af465b2fc6287e89b30b5181000000000000000a1a000000930000000000000,6278
0000000000000000000006ad621294ff6a6c4f43846e126a7b61ed2c312b09e3,1377037,872331,3994030,917294,863281152,ef4f9edd04ac7039a05c6c3570ea582f8c3d5593140292754c3df87a7a457b52,2025-10-01 22:57:14+00:00,2025-10-01,c6888d02,1701ddb4,032eff0d1c2f5669614254432f4d696e65642062792076617369616e737062752f2cfabe6d6d8834d94fc76e9b8accd27435be7530a0843104fab48d7df11c9fa625082ba24110000000000000001055bb3101e9ac1cf25c61c1bdb300000000000000,1395
000000000000000000000bd860d6307ab4f0d5d7d0e55a88b0ea6a05976cc284,1781483,737516,3994031,918306,664633344,587695b136148972afdfc35c1db2ddc5beda10577904f6e149d7923dd299c3be,2025-10-09 12:02:21+00:00,2025-10-01,4a5b5923,1701ddb4,0322030e194d696e656420627920416e74506f6f6c20440075047514a815fabe6d6dfee7b026b35708e152a74a349a1d84e0f3dbfe3631dcd19e3ad27a91b8ef04f8100000000000000000004793471f000000000000,1962
000000000000000000000bc62fe1fb7a7f42d3cd5778843679d01421f83ed314,1590273,801253,3994032,917862,563404800,94bbd28b1658e1b118f7a02093ad1d6bdbbd4ced2e45d18059560b5dd840bd6a,2025-10-06 04:51:44+00:00,2025-10-01,587ddb2b,1701ddb4,0366010e194d696e656420627920416e74506f6f6c20f901d803d2218275fabe6d6d8ed94eb56f935e3bc5640a5b60c6f883b1e623f28c609bbdeb9724e34d4e5563100000000000000000001cd3deab000000000000,5495
000000000000000000019aa8b3c51f4c85db6352d1b8a5e817015cffb99d32a8,1681951,770694,3994033,918500,605413376,6d797b4c3381597059ca32b8f919f27157cb05eb9b0872ec731ffaa1ff7a3959,2025-10-11 00:18:00+00:00,2025-10-01,62e9502c,1701ddb4,03e4030e1c2f5669614254432f4d696e656420627920736f647572616c7332312f2cfabe6d6dc703be698ea0caf3bafd33c94395b07dc242d9c62ea7d924d09db4d97b36afd110000000000000001079d52603437165ac5c1552ab7cc4000000000000,3089
00000000000000000000233999ba20e4ceca38e66901bd4fd03df2e5654c6eed,1723058,756992,3994034,919098,704512000,cf93401808c4b096483f3e0316b6e3afed53c803ac50a6bdfb3fb3f97700f358,2025-10-14 22:11:15+00:00,2025-10-01,34681a78,1701ddb4,033a060e194d696e656420627920416e74506f6f6c20cb0124035dc38a53fabe6d6d10391c0a6d0196d6c18a9046071e8f4a45fc9473d575ba690f2c8419b5c0bea810000000000000000000377f6ba0010000000000,3639
000000000000000000004c259444924a4b764351003b070236727bc5f1a20f65,1724657,756459,3994034,917930,788709376,cbb832d54984d02a412eda6c7330225b99e9123291f6322d439b67f6944b164c,2025-10-06 17:18:30+00:00,2025-10-01,a8c4a48,1701ddb4,03aa010e1b4d696e656420627920416e74506f6f6c383035f9002907dd31f54bfabe6d6dbda824ad12de6a6703addf7cc63acc17be6ab03bde21d85195a1c60d02ab7d19100000000000000069290000d322000000000000,3560
0000000000000000000038c2f001b740d34bdd7b93bc990f277044ca33380524,1615292,792914,3994034,919226,538181632,5e42e40d6c259476a3d586bd25e14ef3f92a4112c02348f9d265cdaef734edf9,2025-10-15 18:35:05+00:00,2025-10-01,6433c7c,1701ddb4,03ba060e1b4d696e656420627920416e74506f6f6c383035f9001905136f7449fabe6d6deef3b62150969d048e1dd891b9881790e8908d64c423a8467e6906478e81ea4e100000000000000050e9000037a8000000000000,4020
000000000000000000005c5482699929f331ec240dc0d595ac973eb0856dc485,1478275,838587,3994036,918514,654196736,83d9b113a6516920af664c8d01a9988415879b9d461371468ef6737e5af1985e,2025-10-11 03:00:16+00:00,2025-10-01,8a3aface,1701ddb4,03f2030e194d696e656420627920416e74506f6f6c2044007c07b92f6679fabe6d6d43c05c048adfb5dd18791a7d0433d5e439e6bca8346bf140d700b59fc2ab8135100000000000000000003b7968df000000000000,1942
00000000000000000000e00ed8923ffccce1cef78033ff039865fef3770b62f1,1802915,730374,3994037,918015,600170496,52dbb8a02a9c73cbad97ced348b84326ae75d80c01ae1cd296cd7e320932d716,2025-10-07 08:25:42+00:00,2025-10-01,d20e1313,1701ddb4,03ff010e194d696e656420627920416e74506f6f6c20a3002c0521a1c2c2fabe6d6d2757ab078098d539e5ff5ca3dd7411d6cb71b2fd0dd8ac1778b4857a4e98aaf3100000000000000000002f8aa99a000000000000,4016
000000000000000000013ab3b2c9039890731dbb8b9651e7e4dcd2d9289aa6f0,1617891,792049,3994038,918118,539787264,e7a0db9ee9766830376f7c96f35dcc06bb1efe5c3ba2c83ac95b5dabd7a47241,2025-10-08 03:22:20+00:00,2025-10-01,820e7675,1701ddb4,0366020e194d696e656420627920416e74506f6f6c20a3001d07b8204911fabe6d6d8ce6807a65d301c2647429acf6b571fb4dee8304a26599685b8a21e7f106fda510000000000000000000b57e000000000000000b,2731
00000000000000000001b62f5d8dbacc532b21099221aa298c38acda724d4d93,1651011,781009,3994038,917599,538353664,22807ee899184fd625d364b43e8bf40d740daf97ea7ea1351c2a99bbbc074c19,2025-10-04 08:28:18+00:00,2025-10-01,ef9e913a,1701ddb4,035f000e194d696e656420627920416e74506f6f6c20cb002702199c9156fabe6d6d39c5d89e8b70acb4a46098062395db96c5010ac01402327fb533daa666659366100000000000000072b20000a65d000000000000,2292
000000000000000000000a3c3145b99434ecef441bcfead9aa629f01b0fbc0df,1810854,727729,3994041,917334,765206528,5650097fac1ee7a805a5caaa9cb1a51b0a30295433131082f20d5fe415cfed76,2025-10-02 06:20:15+00:00,2025-10-01,cd0d1650,1701ddb4,0356ff0d194d696e656420627920416e74506f6f6c20cb015203e5d9157bfabe6d6d50f6c0fe7f782cdcb77ff61008a6b2c1f0bb892d82308ecc29ecec3d9f71a0dc100000000000000033e10000804b000000000000,1837
00000000000000000001d443011773e34f063914a102b55bfe7b2ee1029937af,1464312,843244,3994044,917656,584138752,7888aca243efa98a63c7aa04efb5902c33b94fdf3935bd8d8f38b140add34479,2025-10-04 21:03:58+00:00,2025-10-01,e928323c,1701ddb4,0398000e1b4d696e656420627920416e74506f6f6c383035f900290727daee57fabe6d6d9b43a1b2fada9ac8a098f490b76c6968bad827c1b4b97bf82f7362b7af23c8b310000000000000000000ea11455c000000000000,1903
00000000000000000000669d7ba09974354d97ed0da779ba9f7b5f6abed10d53,2178736,605103,3994045,918765,537198592,255968b54ce2f98c7b25ba3a37feb4637e48d8b0d5e41eb2cd5b8ebc07753e73,2025-10-12 19:35:21+00:00,2025-10-01,3705a0c0,1701ddb4,03ed040e1b4d696e656420627920416e74506f6f6c39353944006d02200a6278fabe6d6da9cebed5c14bd485936fa78fa170d895a6783ea9c85eb42dd741914c39ed852910000000000000000000ae3a2e60000000000000,2099
000000000000000000017c38ad0d5b0d1fa0a1470050d981549e54949708ed27,1596802,799081,3994045,917516,536879104,c58f68fc5685a6131023325db4a3f1ed843228200a1e85f16de4800a78a132e6,2025-10-03 15:02:27+00:00,2025-10-01,4677770,1701ddb4,030c000e1b4d696e656420627920416e74506f6f6c393036f900fd01a3968284fabe6d6d270886d8a04713d509e2cb6972654ad7e973bddfb00ea0c6701f7faa3ad206bd10000000000000000001049062ec2b0000000000,3648
000000000000000000002d2c05ed1c13c5ca2d7f8c5748b419507a93f1436a46,1593244,800267,3994045,917341,709812224,0f8521b80f8585a4aaae58d7d9a2969df87c73f2181c74b7d5a9440d207fd790,2025-10-02 08:23:43+00:00,2025-10-01,184d264f,1701ddb4,035dff0d1c4d696e656420627920416e74506f6f6c31303233f90037021200ae24fabe6d6d29ad06799d06b7e14ea953a446a842a620f8c3f7c40d5ed5f413009215eea39c100000000000000000005b3edf06000000000000,3864
000000000000000000015411d22737c7deecf02e8ef485afdcd9ebc7d800f949,1907190,695619,3994047,917471,906141696,db734350a6b03937ca01f032d78126c31bbc612a95e6ac700c14a4f3433d1863,2025-10-03 06:18:38+00:00,2025-10-01,7d414584,1701ddb4,03dfff0d20202020204d696e656420627920536563706f6f6c202020202f000a07e840c07ffabe6d6dfaf079b544f313bcc3a3187a28395938a820e5f1e8ac1ffaa0acc9a0b5f7de9b10000000000000000000c29d1a00000000000000,3271
0000000000000000000091e4a39f207261548a41b547b9cbf4d900e21db70b43,1622488,790520,3994048,918646,537280512,7b5c445d37d2ed74884f21eb3ebf08b94e1b7719721fe26d9558a4ec8831d60b,2025-10-12 00:06:48+00:00,2025-10-01,357d5c70,1701ddb4,0376040e1b4d696e656420627920416e74506f6f6c383239f9000f017e21dc68fabe6d6dfedd1b1de03eaad6dc5215cdf6b3f31fca351f67e5bd06e735dd9f6d110f658d100000000000000000005a2ea26e000000000000,6703
00000000000000000001120d874e54e96b70d4530696ce9bb46531a0153a420b,1630294,787919,3994051,918522,827924480,0095d286df3a38d01ed70e7ad92246504968d5bda4d1fb08c4a225bda439e9c3,2025-10-11 05:38:12+00:00,2025-10-01,b5f5806f,1701ddb4,03fa030e194d696e656420627920416e74506f6f6c20cb013801f1aa6e2efabe6d6d8c8588fedd61a5e40dab04dd81bbf50455c507c36448f3463b009c2da0e99fa810000000000000009675000000000000000e0496,2079
00000000000000000001873ab21a58354024cbce4722466fe22664b9afc1c46b,1611329,794241,3994052,918340,843120640,74ea23b3a202832d62fdf44690f6507cc225d7e9b7473861530bc83ce5b03823,2025-10-09 18:19:19+00:00,2025-10-01,d862444,1701ddb4,0344030e1c4d696e656420627920416e74506f6f6c31303233f9004203fbe4b289fabe6d6de84acd95f290376269ddce39ed7d59e09bbd7bd75d6f85564381643d992b4c22100000000000000000004b935403000000000000,3695
000000000000000000019fc5a4fc8cb3ee57cfb1e2f3341be00d34893cb9e4d1,1641659,784131,3994052,918068,537010176,d3240c49cca00f012d5448f8269d9b3f1e5f2227be61c21784c99a4c4d613674,2025-10-07 18:13:54+00:00,2025-10-01,2beb680,1701ddb4,0334020e194d696e656420627920416e74506f6f6c20cb016e01f3fd5feefabe6d6d48bc1328558d548efad0cc1848ff86420950d6859e5533a4d020e700b4092115100000000000000000007d002f6c000000000000,2530
00000000000000000000b6e643778be837383a5d141b20a1133d8517f10e9499,1547043,815670,3994053,917337,537075712,c2f655831a0c60cb3e2448fb12c1c909d4a0fff0023b0471b596fef70a445ac3,2025-10-02 07:07:01+00:00,2025-10-01,ddc8f751,1701ddb4,0359ff0d20202020204d696e656420627920536563706f6f6c202020202f000607f6931183fabe6d6d0a3cb65d5eb6cbeac660c857a5221b1a1dc9a22035bc4535e029a9d39c1e60fa100000000000000000000e1c105d010000000000,1866
00000000000000000001a2087aa40bc3c86dbafd05f4420a2652ea04c36fa75f,1627969,788695,3994054,918060,551256064,fb7ce2c2b29bfcf189272c279b7df5ca30db2d957f8af70dcdfc242d3ce73f8d,2025-10-07 16:44:01+00:00,2025-10-01,1ad0e013,1701ddb4,032c020e194d696e656420627920416e74506f6f6c20a3009200d3d77df9fabe6d6dd60acf75bd8e888e4d5072f8792790f8cdb2f1f8fd7b0196b04c06bf04c86c121000000000000000000039a500d9010000000000,3714
00000000000000000001a6a12f301a11165ad207637665c4f342b24fd8307449,1616398,792552,3994054,917269,872185856,a6caddcd9ca98aa5b30a84704f32a07fff025dc916e2c0e155c1d39aa7b8b960,2025-10-01 18:54:59+00:00,2025-10-01,3c24db00,1701fa38,0315ff0d21202020204d696e656420627920536563706f6f6c202020202f000002f0c7832f01fabe6d6d3d5f2aeacf898b9ac0374a03ad4a94ffe6d9f417d767f922751c21ff385361b410000000000000000000b9723900000000000000,2274
000000000000000000016f1d77c0ff53659e7dbc559cd56af65190b60e2e7aaf,1820673,724461,3994056,917295,672989184,625e080ea653ef54c692b99b6d433ff209bfe68bd4f52246bc0d1bc440eec2c1,2025-10-01 23:01:30+00:00,2025-10-01,db92002e,1701ddb4,032fff0d194d696e656420627920416e74506f6f6c209b001b0148f0ffb3fabe6d6d5e35826bc84d4fb6a21e08065c79bd4f9101eb82f5710db568a8401eb7d81d3a1000000000000000a04200008257000000000000,2791
00000000000000000000ddf31f14836db36da8cd8b2d3af3dca22e55d12352a8,1634119,786646,3994057,919076,598458368,d4e742ee255438ba7aa17e2515fbae31880efe028e61cf545b3032252ea8659f,2025-10-14 19:00:14+00:00,2025-10-01,1e76701f,1701ddb4,0324060e1b4d696e656420627920416e74506f6f6c393630cb011f0519735d4ffabe6d6d0e4b48f316b3e3b4393f617cf0c5b368c89af83e98e9ab5aeb9bb929d13d413310000000000000000000f1c23c28000000000000,3186
000000000000000000015de84aba8ad29bf07b2b1b6db2f527861bee53445f7f,1635304,786251,3994057,918574,621412352,ddda5f818a9acbd646d3bffcba199a2eaf55f3387aa25cd1326e83de6ca08ba6,2025-10-11 13:44:59+00:00,2025-10-01,51b50e82,1701ddb4,032e040e194d696e656420627920416e74506f6f6c20cb002e009fc157d7fabe6d6d417c1e673bad11db8bcb18743d3bc9416fc668ac763c522899479c29f5fc0c1a10000000000000000000fc4eeec3000000000000,3306
000000000000000000019c04729db4b408fe5ff8f117260b05915ffcc95ed9d8,1574714,806448,3994058,917168,537731072,21529a7592d0e4dc8ed18cc441fd48a4abbce347a778c6edf682aa0a85e9f4bc,2025-10-01 03:01:58+00:00,2025-10-01,2152f638,1701fa38,03b0fe0d1a4d696e656420627920416e74506f6f6c20cb0027029bf3e7b002fabe6d6d4628470d7fac71ad054edded0ff2fea46f06d9cccc0caecd22c3c4a3941ea4531000000000000000000064df6639000000000000,6180
00000000000000000000facf976a3a59866110a70590ca5797273a015dd1b6bb,1727841,755406,3994059,918077,728899584,ba01da8682bdfe05c34fdffcb87033147878be3888e3424b125e4583facab6cf,2025-10-07 19:54:44+00:00,2025-10-01,9e8745bf,1701ddb4,033d020e194d696e656420627920416e74506f6f6c20cb008600180c8dfbfabe6d6d4523903c3a3145f3996c1de95b725cac854af74a7185baed013064518d2c171d10000000000000000000b3750f02000000000000,1994
0000000000000000000108b2970e3a60997476ab48057ffc0e9128e313115891,1494622,833148,3994066,918005,537165824,efea67f0ab347ebbcada5c9e7db2644d11017f3c4635e8c184d4d5173d0e1d15,2025-10-07 07:02:43+00:00,2025-10-01,19b4111a,1701ddb4,03f5010e1b4d696e656420627920416e74506f6f6c383239f9000f0203f554f5fabe6d6df33a6df584f3d2ce56572c2ca90a2a9056a91d3350b2b35bb35139cf32adfe841000000000000000000011e39faa000000000000,3468
00000000000000000000f614876e55f33e73794337486a3e6ef0374c391a2769,1599677,798130,3994067,918913,600915968,c6227ef4e580a874953764c992891f7f4936f742a88351bd618f6cd3075fedc3,2025-10-13 20:11:01+00:00,2025-10-01,f2ffaca6,1701ddb4,0381050e194d696e656420627920416e74506f6f6c20440003002fc77ad6fabe6d6df4c9e678d8b2db45d53709046f81830374440b2f1b10453c88c46c66213d282b10000000000000000000a1a69b48000000000000,5813
00000000000000000000d687c55fc2ab09d65504449acf19af2dd2411249952b,1551554,814171,3994067,917777,537001984,1774492f0c55af935b4a9e917b01d31b77fd4ffc5a37cd0ad180fad7a8ba7d3e,2025-10-05 15:56:39+00:00,2025-10-01,e6a3b257,1701ddb4,0311010e194d696e656420627920416e74506f6f6c20a3008b01bcf023c9fabe6d6d59658694b2a572714706dd09df91d6ced9ca2eb470cfbd1f24f3613d8f4546b3100000000000000000001ff634af010000000000,3556
00000000000000000000bbafdb2812b58450b2c7c8ffd614cef76ab656991ff6,1770881,741062,3994067,917303,588046336,7b3ad231f12a1702d48b3cf5838a7ad378acd89dc1bf3966f80ac98948789ce2,2025-10-02 00:26:17+00:00,2025-10-01,72c1f214,1701ddb4,0337ff0d194d696e656420627920416e74506f6f6c20f90013036742ab87fabe6d6de2b626834498aa2f753cce0f990610e46b8c3a83e0568a1ae644b11e140c79b31000000000000000bc9f00005622000000000000,4572
00000000000000000000734d9c08a72a9c3ca753f31d3fa4a2158381c72215d9,1606105,795989,3994072,918880,662568960,90290942d560778607df740abd077cd607a50af8cdc37de4eb96446dfde33b4f,2025-10-13 15:09:27+00:00,2025-10-01,71120f55,1701ddb4,0360050e194d696e656420627920416e74506f6f6c2044000603c3ee2422fabe6d6dbf30668452a827be175e6f65551cd35383dec26ef51173722d05423fce1583a21000000000000000000013d757112d0100000000,3261
00000000000000000000673c5cabcf7c33e9ab35463b0141663ba7f3e08f0b84,1614012,793354,3994074,918042,575545344,ab413292d4f029687a279bd1ef9fad8e34b9d6d55b950017c7ea706864c7343d,2025-10-07 13:13:34+00:00,2025-10-01,aa03f934,1701ddb4,031a020e1a4d696e656420627920416e74506f6f6c20cb010502889576b702fabe6d6dd166c7f84a73e5f0dd371bdf908c4bf2f7b83a47bbfeca88eeae03c1dad000f010000000000000000000487c156f010000000000,3865
000000000000000000006a12e99913e3630b0e98373da2422a638e11064d9667,1664581,776498,3994075,918377,797433856,186c2603483acc480ae9eef8303472f7cf3eef2b89fd705228a2ffbd9fa37167,2025-10-10 01:41:41+00:00,2025-10-01,6f06f203,1701ddb4,0369030e194d696e656420627920416e74506f6f6c20440075049a1907a0fabe6d6d07e6ecb73e294da626b26a6376c25390908a76ab7edaf5357867e7875a0352d3100000000000000000007a8bd9c9560100000000,3792
00000000000000000000df251c723bb55b4099bb7e6019c6325ba2dfb79000fe,1784743,736444,3994075,917923,544849920,17424c61db4bfa76439250383fd1654861f7d8564fd8cd581aa8a12a5b9d46b2,2025-10-06 16:06:13+00:00,2025-10-01,c2175a55,1701ddb4,03a3010e184d696e656420627920536563506f6f6ce6006907c3582908fabe6d6d12385ed0a172fed858d7e54060149a7babbf4be4747562e7b2b7a6550d75a87e1000000000000000000028d58c52000000000000,3506
00000000000000000000013e7cc69e6f626e5bf4f7d2b9d3ee31ad34d0765d07,1629305,788257,3994076,918476,537436160,3da3872353bcd525cb40af11762ed0210a513707d2e0e0484ef6802848df9bae,2025-10-10 19:02:25+00:00,2025-10-01,d59f6c57,1701ddb4,03cc030e194d696e656420627920416e74506f6f6c20f90013020e4b7141fabe6d6d000f0158b1fb8267706395f31f5e05b239a3a95f96a345a98e9fec97893e144d1000000000000000000071b5015a000000000000,3261
00000000000000000000c3c9514e6e0e5d96392e691247275412d35d4aa3df60,1641296,784260,3994076,918200,537010176,fe4ca098451edf93b9b26e0d0aae05001c848a28e1309e78999a0610b01454e3,2025-10-08 15:08:11+00:00,2025-10-01,f44c121,1701ddb4,03b8020e194d696e656420627920416e74506f6f6c20f900dc04b48e37defabe6d6dc02d80f04bb93f215db90e28abc5a6501798a271d23cf615bc5c7b6b1077a6971000000000000000000031c151cb000000000000,3405
0000000000000000000139961cd766f544e58a7e8932fd8507d742c8e1683948,1616015,792687,3994076,918049,537493504,0c2e82d271e0b6afefef47f19f297e779cd58110d9b5db546579e8b38000e2f6,2025-10-07 14:49:07+00:00,2025-10-01,edbf01db,1701ddb4,0321020e194d696e656420627920416e74506f6f6c20cb003803aac16852fabe6d6ddc17f26532c205d4856f79bab4a7121a7cd27035541c6141cb5afa25731351251000000000000000d2d400007fdb000000000000,3591
00000000000000000000a7b26e21d9665d2b659ab80fb2ab1a7fea04f1d5dce2,1729835,754747,3994076,919208,536895488,ffb2e834a86945c6deafb3bb2fd227a2e80cdbb70a80705ac34a2876870a22c1,2025-10-15 15:30:24+00:00,2025-10-01,c0bb14b0,1701ddb4,03a8060e1c4d696e656420627920416e74506f6f6c31303233f9013601d1637e5dfabe6d6d39087ef8baff20f77a1ef8426ff5acb47f53d0415eca777c8cdff2fdec4672f61000000000000000de2d000068360a0000000000,3120
00000000000000000000a9cd680c47ac964227bf4e07093e165bfb9ddc18e9f0,1590951,801042,3994077,917894,838402048,8f6a86520c53b4b9c5dbe778c5f6dc7b24a717e4fc98852c7c2fe2a41981166c,2025-10-06 10:33:44+00:00,2025-10-01,a73a0312,1701ddb4,0386010e1c4d696e656420627920416e74506f6f6c31303233f90037024c707e66fabe6d6da57e01e6eaa16ef238930daad84e88d3c11dddcf7fb8420fe0eb55e2a59a198c1000000000000000e34100005c8c020000000000,3763
00000000000000000001337a9633a5f60b633569b168da270bd7b886417dfd9a,1529866,821404,3994078,918390,694493184,ea3d45368ab9545c2b0e542daa629fd3624a3025a0f9173fef9ff86c3245444f,2025-10-10 03:41:53+00:00,2025-10-01,2600ef08,1701ddb4,0376030e194d696e656420627920416e74506f6f6c2044008306c5152c51fabe6d6de23ed1fdeac30c45e48aa19eacf360327a440cde14471a20bd4ac7e6d9ecb3df1000000000000000000029e1007d170200000000,2216
00000000000000000001b534ab9657e261e5c39b4e2eda37094a70d5f44e2ad1,1627747,788777,3994078,917603,536985600,ede2d321efb580ceeb78c4f16c7c58e7fe31562a503e373ea8969d8c8e3a0332,2025-10-04 09:16:50+00:00,2025-10-01,46d54974,1701ddb4,0363000e184d696e656420627920536563506f6f6c2f006b042af71c69fabe6d6dbc07666369711c72f4bcf16cc7f5c0dfd9f8fcd1d5e2f9a7484974e607ae6be81000000000000000e3ad0000e0f4010000000000,3555
00000000000000000000d176768f09835dff4c46388c89e6a9e37c637dd37388,1550638,814481,3994081,918532,537346048,0df6338aeca347b05ccaf132733d91b54349aebe99c5e968e3df6e7f958f1239,2025-10-11 07:04:47+00:00,2025-10-01,41f3e95e,1701ddb4,0304040e1b4d696e656420627920416e74506f6f6c393031cb01870110a1f156fabe6d6d018c9acebae4d5f800e06011fda1cd887bed7f385417d0001918c802ae90f98510000000000000000000a81ba62e010000000000,2357
000000000000000000000989e60659edbb9c33b6b122f6dcacd88be60deda5aa,1639630,784817,3994081,918169,537337856,321e865a9976eeefadb2ab4cf91cecd3f2e60088e727828d4ab4aa83b9228aa0,2025-10-08 10:05:29+00:00,2025-10-01,e2d030c9,1701ddb4,0399020e194d696e656420627920416e74506f6f6c20cb015203484d7a20fabe6d6d971d2014b38a8ea2d16d03e9bf538cdc3c34b5c015d54b68ff2d3c2511f354891000000000000000bce20000ac37000000000000,6008
00000000000000000000a16e24c317b687ae14eae72b16538e3dabdb36f0cdc0,1564886,809732,3994082,918237,537403392,d53c0545ed5d8cb1180a906276d23501ddb20eb944dda442f63eb9c18a80d407,2025-10-08 22:01:44+00:00,2025-10-01,fb060f5a,1701ddb4,03dd020e194d696e656420627920416e74506f6f6c20f90013034874a7bffabe6d6d84daa81a1103b71584d6d02abde233757594bcaa009e10bc3a61944a759a2a581000000000000000870a0000ad8e000000000000,1604
00000000000000000001bc33ff038270d70869532d819935e5b1ef73c484f79a,1570527,807852,3994083,918091,537018368,3a99b812158b78c0505ed4f17b4ac2a73bd732031fefda3df01a93aa615964d9,2025-10-07 22:41:03+00:00,2025-10-01,8fcb4580,1701ddb4,034b020e1a4d696e656420627920416e74506f6f6c20cb01230153873a5d01fabe6d6d34abc73a4bc2c84f1b0c17a8b99a0057f3cc9b758c3f125bed9b71ebb78b9a08100000000000000000007e6017a0010000000000,3366
00000000000000000001016a2e97c1d9db7d91ad22fa9b0013990df5d694083e,1625979,789368,3994083,917479,537051136,f9bb7f54417e2afcf0b0ad491a20bcc4b828a1773054a04099a94b42ff11eba9,2025-10-03 08:11:46+00:00,2025-10-01,1ba23c30,1701ddb4,03e7ff0d194d696e656420627920416e74506f6f6c20cb00440110b5eed3fabe6d6d4312851b07aaed47a38e0d64ca0955e1abb079a53e3f19ab2c9275d285cc5d3e1000000000000000ca820000fc79000000000000,3807
00000000000000000000adeb9cc9a58331969a00553c61044a72e7d8d18ebc08,1686579,769168,3994083,919200,612204544,a453d62d17c329dd8ff4b84496fda45cb200525faf43529c4c26e86fa6667ff3,2025-10-15 13:24:28+00:00,2025-10-01,88c4c924,1701ddb4,03a0060e194d696e656420627920416e74506f6f6c20cb005c00a45ae95dfabe6d6dc3fbb43c7ab61b400f06cc43a4fe5723985e7f861c756b4e5086f3c31477e02a100000000000000000003234d64f000000000000,5081
000000000000000000010f178a5c83d7c450191cfb4d712d13a51906aa9f5bd5,1769738,741449,3994085,918507,809590784,68bf0a924e1c50fc7ed05c1748a2894718ce74a0edd3649af0849839744b6dd7,2025-10-11 01:37:33+00:00,2025-10-01,62a4707d,1701ddb4,03eb030e1b4d696e656420627920416e74506f6f6c39373144003f019b99ebfcfabe6d6de652e8da32d5ad2904f9d2c4985f210ff1d8ca9a1808c492a771042ee3194d3e1000000000000000000081f28348720000000000,2900
000000000000000000019e718e4f665fd345f3ab6f780ab7f801b35f8a1a3764,1719947,758046,3994085,918020,668475392,df5c1db1eb6fe382a0b37802272462c3a4d3e0b1ab16b51a416ede52a92c1ef3,2025-10-07 09:32:35+00:00,2025-10-01,89d48e8a,1701ddb4,0304020e20202020204d696e656420627920536563706f6f6c202020202f005f03398dd215fabe6d6d966aa5d9952bdc779eeab5caed0b841318ffc4d19566a49dedb98e3148bb2c3c100000000000000000005d628ce1000000000000,3672
00000000000000000000b9c3af41be9d1e971ab9ee7ccb9a662c8d071d1fc52a,1377795,872098,3994089,917439,537714688,7c3ca21e3d619c7f1c126a5dc5b712e1a0ede632cec4d547bab85c3b592191be,2025-10-03 00:43:49+00:00,2025-10-01,da322ccc,1701ddb4,03bfff0d194d696e656420627920416e74506f6f6c20cb002b027082d933fabe6d6d782ae52c785250c84da430425ce0ec04ed388da233196f2dfedfce01f8d547351000000000000000be200000b40f010000000000,2298
00000000000000000000d39fe27f2c483176941191b37aafdcc4b6cbbb137ee2,1675536,772852,3994092,917333,652263424,e7ef47b3e49e4c268cf275404d75fce02696a95de6f05904afced8c4c35d5fa8,2025-10-02 06:16:46+00:00,2025-10-01,fe8fb49f,1701ddb4,0355ff0d194d696e656420627920416e74506f6f6c20cb002402e49a2f75fabe6d6df9734422f769609eadeaf65e71bb255454c6f3b89af6e694e5c72bf45aef5ca51000000000000000845b00004430020000000000,3105
00000000000000000000787342eece717cb9cc387a8fa455ec3b4f8f5fe46233,1635842,786084,3994094,918152,609910784,54bee5210b80d95efcade854c273af763127fd4001794a782ed40d1bdb9a8289,2025-10-08 08:36:18+00:00,2025-10-01,d8ee594e,1701ddb4,0388020e194d696e656420627920416e74506f6f6c20a30002012868658afabe6d6d909479fcb07ea43c84c230a6af55c7e42aa28b2854b4fab08c0889ed197bb80a100000000000000000006cb64602000000000000,3289
000000000000000000010061ed4236f4e57546c9f0be9a191b1a0e1255c29c09,1664248,776616,3994096,918906,537165824,f962c8375210643e27138afd1da8ecd537a22a9d90dbf4e4e65f3e29ae3d4186,2025-10-13 19:29:12+00:00,2025-10-01,3c6298d7,1701ddb4,037a050e194d696e656420627920416e74506f6f6c204400570120d35782fabe6d6d61e34e14ae576932239dcce9b8e5b81a0c5dd1b85127a7a1fd4a7a81f0bdda3c10000000000000000000bcc92732020000000000,3656
00000000000000000000a2136e3025d27b29a62770443a84d23b08620a28e45c,1378876,871740,3994096,917458,537182208,48b2fdc5e28eb6c44edf497d3a3227a8e2dc3ce7493966943f079b8634ba15a1,2025-10-03 04:29:03+00:00,2025-10-01,54ed5298,1701ddb4,03d2ff0d1b4d696e656420627920416e74506f6f6c393731a3008600c10ff829fabe6d6dd7e41fe4b5fff35f019ba3a5cbbb5975cbc9d6d1bb8720f9a7a1e360cb37323f100000000000000000001d4aee49010000000000,1842
00000000000000000001ab9e088396b32e3c9b1c28ab7940be6ac0420a3b98ae,1607945,795384,3994097,918790,537444352,6457487c2c6e4613e960f7b894201c077a68d3a9bad516c30147cb7544ac7eb9,2025-10-13 00:21:39+00:00,2025-10-01,a8f85f77,1701ddb4,0306050e1b4d696e656420627920416e74506f6f6c383330f9001102866ccd24fabe6d6d639da6ade07497dc961f56cccdd6768ca6da8b7268dca47286824a6f5fabe51010000000000000000000afe11bbe020000000000,3580
000000000000000000009fc6d0448c503b45fc78d27081786ac52d935d0dcf04,1710941,761052,3994097,918188,537141248,6e377f2f9574081ed7e44c6daf9867d6a2e306c52f869cf9373f0eb851f074c8,2025-10-08 13:10:01+00:00,2025-10-01,6f795591,1701ddb4,03ac020e1a4d696e656420627920416e74506f6f6c20a30054058a4c3ea102fabe6d6de6a7c54fd15c79459fc3ae1b61f4e96daee1b5b0d8674d46a3ab781f19eda76c1000000000000000000090c5a9ff000000000000,2473
00000000000000000000f73d5a367e18f814ef29d6528dc6f8c81954f7cd996e,1655906,779398,3994100,919238,550453248,414b5f6866bf9da3a4b21c1fa3d018c0d9607ba97ae832b1032cab2bae2c779a,2025-10-15 20:28:19+00:00,2025-10-01,6d186,1701ddb4,03c6060e194d696e656420627920416e74506f6f6c20cb0152033bef0009fabe6d6d2a432a9df0352c62c2143e45670b10267d3560719e58f2d8eab03c33476a699d10000000000000000000f530414b010000000000,3485
0000000000000000000131c4b0cb58fecf5cc4a6058ef323a7e24666a7efb63c,2054088,646671,3994101,918131,559865856,d4939ac1d4064fc8a707f3319e13ff211a38a02c5463abd073315385c26301a9,2025-10-08 05:02:03+00:00,2025-10-01,28df1a53,1701ddb4,0373020e194d696e656420627920416e74506f6f6c20f9018902dbc94d8ffabe6d6d6e3ca8ef2d14675534b21bd089d2820da378825ada017633419c1c4c169136de10000000000000000000018a6123000000000000,1112
0000000000000000000130ed869f16fd317b4eafc12c3c8bf9c84632cca75dcd,1623906,790065,3994101,917838,760676352,b1e0e57f567f5163839c072ecb7a2d2ae59ac92c63dadca93949e58c6417f951,2025-10-06 00:13:59+00:00,2025-10-01,9905a368,1701ddb4,034e010e1b4d696e656420627920416e74506f6f6c393539a30061026ecb9424fabe6d6d7b20b06f469d7eaf8ca8146b3655b517107e662369f2b5354a4a8155ca0a5b8a100000000000000000010973c135000000000000,6222
000000000000000000018229fefc2e0330fe30f89241b69cc84f5239f44b0420,1634608,786498,3994102,918607,537657344,f9cff747651fd7bed483ac066f5c6cced0caf825ce033f3d5b8ef105eabe5ff8,2025-10-11 19:01:31+00:00,2025-10-01,1295b308,1701ddb4,034f040e194d696e656420627920416e74506f6f6c20cb01310010f48533fabe6d6d46f3dd7811f5347aa8235fdd1b9f1c8619c0ed3e711be82879a045bf2f15283e10000000000000000000055e0c44010000000000,3406
00000000000000000001910f10070bb875ef2565ae7a738a564d9e2f38bf9a04,1654634,779823,3994103,918860,874840064,8cd6a2957a5c61c4fec6917fc1739a14c3e1ab5948eed668b8ce752e1fde6c7e,2025-10-13 12:15:18+00:00,2025-10-01,e7154766,1701ddb4,034c050e1b4d696e656420627920416e74506f6f6c383036f9000a0385a559c8fabe6d6d1e5093a9c2bfedd86162b4745139d3f560a9dfaeb39fea60bb625244989fea0310000000000000008023010091bc000000000000,4908
000000000000000000013de5997eb64b72d29673b915431d33228de17e086f63,1707608,762165,3994103,917193,692142080,fa008d7cea2af3b1307d5f51cc677631c0c7f8ba9aa9c98d9a486520b81f6322,2025-10-01 07:23:30+00:00,2025-10-01,f9a21045,1701fa38,03c9fe0d1a4d696e656420627920416e74506f6f6c20cb002502f97c5a3302fabe6d6d26ed63ae63712ff6a1236eb6ce22bae5e4d8fd85dbffb4c94398a1f127fd47261000000000000000a47800006077010000000000,3167
0000000000000000000039965eb2291248a1d8d99079353f36d28ddac1dbcc50,1651896,780736,3994104,917392,537190400,0d7732b5925382abf27f989f721b9c3bbf6b2097bb227a890e5f8c5f902f1710,2025-10-02 16:11:09+00:00,2025-10-01,1f5dd862,1701ddb4,0390ff0d20202020204d696e656420627920536563706f6f6c202020202f000904b92af451fabe6d6d075ea03892a61921488ea2644b1e8cc0f022b6ba6e771c509a3697c479905b661000000000000000756f0000d1dc0d0000000000,3790
0000000000000000000103ff77b9d79b0564f3cb7907e07609f64cc635e94a9d,1759256,744950,3994106,919209,537436160,aa459a3bcc086bc8cf4dca9a3cd3927940547606d04cc4a24430344f7ab5c964,2025-10-15 15:35:08+00:00,2025-10-01,e9121631,1701ddb4,03a9060e1b4d696e656420627920416e74506f6f6c393030cb019101d314ed45fabe6d6de307e4029c94a0a7f953af228d11f8e6db0ea6a2f6918803bb555df24951f2321000000000000000000084bfa86d000000000000,2169
00000000000000000001a87f852354686bfd44ab523a321afcd583f2aa3091c2,1721553,757518,3994107,918593,780558336,ad596d1f45c508f14dfa1150546f0374fb5c250d71e3cd80eccc974e79cecf35,2025-10-11 16:33:24+00:00,2025-10-01,10fe7c01,1701ddb4,0341040e1b4d696e656420627920416e74506f6f6c393031cb01d904dbfb97a6fabe6d6d76a344397863acf5d6c20ae80ae0b5b80ce968a343bcfea545d1d095fb84d9c010000000000000000000b9c53900000000000000,3827
00000000000000000001056e8e5427658a0f7eb7c7e9ed822924744ef2f95876,1827435,722224,3994107,918527,537313280,4a6d3e5a2fa8d09f152149ab3ccb2f6ce1630d1866591a37644e77a1b27591cd,2025-10-11 06:09:13+00:00,2025-10-01,3d43e774,1701ddb4,03ff030e1b4d696e656420627920416e74506f6f6c383035f9002907fcc1dd27fabe6d6d52de752aad80b971623a8597b6788b4f3e13038bf0910f02115bc6d98aa58dc410000000000000004d9a0000a714000000000000,4174
00000000000000000001bf71f5f0022bcab60f7b5eacc04ad0a5e7e5b5224eaa,1639449,784887,3994110,918478,537198592,837e10ddf285fec7881390bc2a050d1374c484de3b0df4c6f4b44ea84be0e0e3,2025-10-10 19:20:48+00:00,2025-10-01,365f808a,1701ddb4,03ce030e20202020204d696e656420627920536563706f6f6c202020202f00060714de4d06fabe6d6d1f93c9da06bb9aa9769a13bbac4af32c2458957a18c9578ab19231c47726b3341000000000000000000019429c58010000000000,3502
000000000000000000019d2925384491d55dc94e77e4c70ad116cb1ee8f48a93,1566624,809163,3994113,917691,746233856,4cf6bb95ecba9fa6df7a5b8773cb4df19934aaf3926870aa2f7c04680cab341a,2025-10-05 00:55:36+00:00,2025-10-01,31501cc7,1701ddb4,03bb000e173c204f4345414e2e58595a203e0f4e6963654861736800071f921046ce905a0ef923b14cf00db80f5e98ff825402,3177
00000000000000000000024e5319810b9fc0f7c341d88711de099a8c9521e361,1612275,793946,3994113,919303,536895488,8d08f2d81795d72fee10ece9e60b2d7ec2f0cb3b8ab163ef44ed1c006caf38bf,2025-10-16 06:43:25+00:00,2025-10-01,324f5bf0,1701eb21,0307070e1c4d696e656420627920416e74506f6f6c39353944008f0117e93ec501fabe6d6dda51ff659a55c3b9b7b9767d1f1262f90d45fa924b8158b405c3ea5f686fe66310000000000000000000860caa3b000000000000,6750
00000000000000000000fe471df84d1b10d3a328185d74036c304d1de3495f97,1643006,783706,3994124,917692,915218432,8e33d2cd7b8d006f18bcc8cb8948916fd5d2df0321a1d80e0c82ec78ffd24548,2025-10-05 01:20:49+00:00,2025-10-01,4fe4457f,1701ddb4,03bc000e20202020204d696e656420627920536563706f6f6c202020202f00300583b79f1dfabe6d6d257f30b4bb149f1717fb8b5220dc973bfbeea26bb37ad3a76eb8d56bc262cac8100000000000000000000dcf0800000000000000,3232
000000000000000000003af87ea3fb261f46a101a8b74f912b4c167880c57b02,1602359,797534,3994961,917478,650846208,72805bc7ebfde42fb8afc20bac01d4a14bbdf2f2bda364945de261f6de2ca5c2,2025-10-03 08:06:05+00:00,2025-10-01,f8ecbf7e,1701ddb4,03e6ff0d04f083df687c204d415241204d61646520696e2055534120f09f87baf09f87b8207c763034fabe6d6db00c4812636c0996cd182e4b085f95556e1b5d534fb308c8aa15b70a0c86826801000000000000001324b10f9a0000653fa9ffffffff,3883
00000000000000000001943307dd3ffa84ead46301eaa2a9cca2333951c7db1f,1620540,791503,3995049,919246,632807424,a8f1c963d53f2f96c05a9e12ae003a98b1ba50f0b1b2910c91f3d31142ad157f,2025-10-15 22:14:15+00:00,2025-10-01,1d1077d2,1701ddb4,03ce060e04981cf0687c204d415241204d61646520696e2055534120f09f87baf09f87b8207c763034fabe6d6de0ac4ceb0ed98649eceb83ff4bc562da9ffd3fa6c7d5921532f0c34e668438a7010000000000000013f9bf11100000000000ffffffff,2859
00000000000000000000a0cd787f560c8ab8ff7cd2496958b56a4dc6de20a1cc,1566716,809446,3995054,917749,580567040,2e904d9ee5cd84c8e533d2e47768adf89a899e0acd00260ce2dcfc4e48d1a427,2025-10-05 10:45:27+00:00,2025-10-01,70dd485d,1701ddb4,03f5000e04494ce2687c204d415241204d61646520696e2055534120f09f87baf09f87b8207c763034fabe6d6df4e4c0d2670e1405c17614f43bda35d6af5a468b4d8263a1d84a6f49f58364d30100000000000000132aa1c0c30000aac338ffffffff,3265
00000000000000000001130991095158157776f4389eb8c07c0d9877c62487c2,1547433,815875,3995058,918491,713498624,80bb6c25207bd5daa3e8caebacbc5ab10c15f79aaed25653c2936ad02936106a,2025-10-10 22:48:30+00:00,2025-10-01,15677370,1701ddb4,03db030e043f8de9687c204d415241204d61646520696e2055534120f09f87baf09f87b8207c763034fabe6d6d287a02974e64db911e0ace906e0025420c8316169b3b0ccd13508fedfd9e36f501000000000000001380e98c9c00000dbc3affffffff,3622
000000000000000000016eb6c23609dc2395983db733d62257cd49d4ca47835a,1720778,758115,3995123,917512,659578880,48158761d9a987b1f270885c6ce43b4a96e4fc2b9af3464f88358326f4df72ea,2025-10-03 14:14:28+00:00,2025-10-01,d8e713dd,1701ddb4,0308000e04e5d9df687c204d415241204d61646520696e2055534120f09f87baf09f87b8207c763034fabe6d6db2d4f4dbb8e6248a7b2b126c0b78a57bb61a2db9c46c8411c2cc9d621e5eaa660100000000000000135a937c310000000000ffffffff,2131
000000000000000000009e37c5d720b9e9e9cf02728b67a049da5eeef4c9a764,3985739,3153,3995198,918610,546701312,d141d111e207e3fdd0bacbc0561fd062cc82fe98507849ff36ee7275f4d8f83a,2025-10-11 19:14:09+00:00,2025-10-01,661b6a22,1701ddb4,0352040e04f8acea687c204d415241204d61646520696e2055534120f09f87baf09f87b8207c763034fabe6d6d3f491d5f20acb86d0b3e3c1c7f8de2e1cb106d845fdb97271ea18227c42a47a0010000000000000013f56c089300007352e7ffffffff,19
0000000000000000000104b046011c4407b806c7791f5e58f04d8dfcdae69d22,1679476,771912,3995212,917795,545300480,bd846ae413a302effc72c7f55709d3fc8bf9e1a35a599815bd379aaeebda3828,2025-10-05 18:36:18+00:00,2025-10-01,91583f13,1701ddb4,0323010e04a3bae2687c204d415241204d61646520696e2055534120f09f87baf09f87b8207c763034fabe6d6de8e481ae18369e0e1edee107366eefb2b80a3eae2a027c7e3b0fcf4eceecf8cc01000000000000001351ee204200007e8625ffffffff,3433
00000000000000000000efe1a443fee59555a7d90d4198977606078ea37e88d0,1667012,776071,3995225,917394,625950720,64718eafc0e39546990284164ca03630e6fefd706cee8ab5d5a912c0d6c95f55,2025-10-02 16:25:04+00:00,2025-10-01,d1ceed11,1701ddb4,0392ff0d042aa7de687c204d415241204d61646520696e2055534120f09f87baf09f87b8207c763034fabe6d6dd5de9ad09ad0553ccdae5b9d7b3b1fecf404db9e8082382f40719bdf3a8db41a01000000000000001333e092950000000000ffffffff,3505
0000000000000000000186f65dfc2d7922d362362a35573389ed1992e19b30a6,1579000,805413,3995239,917957,666402816,add49a32b9edc87a782b79da6e7ee30cc4b2eb5ef2af53c4f2fdaafd7253bae2,2025-10-06 23:39:59+00:00,2025-10-01,793526ff,1701ddb4,03c5010e04fa52e4687c204d415241204d61646520696e2055534120f09f87baf09f87b8207c763034fabe6d6d012b7968e5cd136d6caff8a9685e7ae1433188fb39c14dd0ef77aadc32c0273a010000000000000013678432ac0000000000ffffffff,3722
000000000000000000004e57b431b3697b0e3fda6febc50ad131c4d51c730545,1600569,798224,3995241,919040,644218880,845fdc13c2e13f1272dc83f40d68dc19ce862c5b5be0ef58365449315eff50bf,2025-10-14 13:41:13+00:00,2025-10-01,fd16288d,1701ddb4,0300060e049552ee687c204d415241204d61646520696e2055534120f09f87baf09f87b8207c763034fabe6d6d1b79b1fc9471901b54a4bc9950c9e6ed21b01cef11bf606270b9312330c33720010000000000000013ba34be6f0000000000ffffffff,4095
00000000000000000000af6b5a1e4a21f99a32b9dc5f57cc402aa38fc1efa5a2,1578147,805703,3995256,917253,621404160,2f731717067d323e1f202fa9996256b74e870ae17e2024ce4d2fcdd9bf9df683,2025-10-01 16:37:31+00:00,2025-10-01,a2806788,1701fa38,0305ff0d04bf58dd687c204d415241204d61646520696e2055534120f09f87baf09f87b8207c763034fabe6d6d3090b31474f1f2510661af603dff6d9d584f429ed7023d065db1d69c153dee90010000000000000013542af4f30000000000ffffffff,3687
000000000000000000000da38417e32aabef88d7b0f6b92b0276e10ef75d90f6,1567929,809114,3995271,918486,575004672,24d90ba5471aecc9212b92bda07b22aa14e456c400978ee0f279f532ed9af9bd,2025-10-10 20:52:26+00:00,2025-10-01,6a6d1a16,1701ddb4,03d6030e040b72e9687c204d415241204d61646520696e2055534120f09f87baf09f87b8207c763034fabe6d6de4af2cbef21fdd0b311dd83d6d890c28682255f2f73cce5de459312763620339010000000000000013589344b300a6180000ffffffff,1553
00000000000000000000cb76e92bedb61d5a491864835e6e4abdbac8bd2b4329,1628620,789441,3996943,917265,567607296,3e516944c435ace617af63daf3e361529f5dbfb680e43059c87718654a6f3d4f,2025-10-01 18:19:27+00:00,2025-10-01,d7959d2f,1701fa38,0311ff0d048970dd687c204d415241204d61646520696e2055534120f09f87baf09f87b8207c763034137664fcc70000000000ffffffff,3777
00000000000000000001a856a32fa635842223c7ea14201f69e0646f542cb240,1618745,792749,3996992,918315,570523648,d22060a4bbcb42306d165543c0320b042d5f304ce3dc857f0e852587a1d33f82,2025-10-09 13:10:12+00:00,2025-10-01,c1cb8c55,1701ddb4,032b030e0432b4e7687c204d415241204d61646520696e2055534120f09f87baf09f87b8207c763034fabe6d6d6962884f252314403b8e8d8207efac21e2ca66d29f6d470fdb7dfa7ab220176f010000000000000013266da1a40000000000ffffffff,2212
00000000000000000000edb9470ed978dc86af69d712154564adbfb7192dbef2,1641498,785197,3997089,917796,636239872,02f9050be78d9f8520018fac94bc3d69870c6a93cf3a5d9215df9bb0d0e4d675,2025-10-05 18:47:42+00:00,2025-10-01,9032d5da,1701ddb4,0324010e040fbde2687c204d415241204d61646520696e2055534120f09f87baf09f87b8207c763034fabe6d6d00fa6c1dbf634d1c7120f969c5c18a2063bd70563893fe46e8a8a83ae7c51bfb0100000000000000123f1b08370000000000ffffffff,3032
000000000000000000003c746a61d4bc929d890d039952e7b95e7b1dcacc2588,1475941,840401,3997144,918769,600145920,4dcd852417d5568f5e764d5a3f25a1b4c5b5c99bbe7a4a044345a35be812914b,2025-10-12 20:17:35+00:00,2025-10-01,18e8f5f8,1701ddb4,03f1040e04d80cec687c204d415241204d61646520696e2055534120f09f87baf09f87b8207c763034fabe6d6db5448c7c18b7f0e11fe8f4e1f928ac9c7c155e84f56565b50d40bdf5e5a584ba0100000000000000118c4ed9270000000000ffffffff,2723
00000000000000000000d1c7acb6e248c806a3440f39205bd5f5baf3997522b0,1078981,972726,3997159,917567,576339968,f7b29233edfa99ff5dbedd78c62de979e1aa079ac81ee3ee112e6d7ad453e0be,2025-10-04 02:49:46+00:00,2025-10-01,6b70a582,1701ddb4,033f000e042f8be0687c204d415241204d61646520696e2055534120f09f87baf09f87b8207c763034fabe6d6d288bc9f407c2e6cda7d4599302ac82bfa2d500fbdb98cb4af31cdc896523c61a010000000000000013831d7c920000000000ffffffff,421
0000000000000000000015410ff679f52bbdb2e3c85aa080fc927547fd20d571,1595910,800427,3997191,917594,656097280,b8921d8e1d937ce2c53869a04a7f3a758f7c4396d3ec9391008336b61910ef4d,2025-10-04 07:13:38+00:00,2025-10-01,9a39a437,1701ddb4,035a000e0424c9e0687c204d415241204d61646520696e2055534120f09f87baf09f87b8207c763034fabe6d6d5c862dfc6065618766009e1edc91056793459ac2831390d3be33c32d6ed36efa010000000000000013b29317f30000130ef8ffffffff,3709
000000000000000000012cfc7e43e85a7ba5f40f00a3319ff75d60b1fba32ea2,1621437,791919,3997194,917261,573480960,455b90250cedb0f1567be009a3e5f216e31966968aaf2147b4c5eab753defd15,2025-10-01 17:39:31+00:00,2025-10-01,d8a4f82b,1701fa38,030dff0d045167dd687c204d415241204d61646520696e2055534120f09f87baf09f87b8207c763034fabe6d6d3b0d5a22fc555510a944ccd94c9ef1a535c984da0fe72d12c3e1597490b49289010000000000000012fd178a360000000000ffffffff,3077
000000000000000000002b44e0936c805be51248bd896e0daafe811bcdce7e79,1686759,770147,3997200,918330,605782016,d1c7022c1b64cc2774e19e981b38721f102cc7cc3f46e9ac7069f1e693ac5d17,2025-10-09 17:05:45+00:00,2025-10-01,5f3b6fae,1701ddb4,033a030e046cebe7687c204d415241204d61646520696e2055534120f09f87baf09f87b8207c763034fabe6d6d1073b33842df0049b7ca6152088038e16a20dd5336c11dd665ee4b46334b37a0010000000000000013a7b96786009d060100ffffffff,3049
00000000000000000000b510452552499b99273f6fc9c548d295f6f6742d71c3,1617715,793163,3997204,917645,595353600,bdcbcd12b062abe0f60451a81fafa053a766e048b553394c60a1a99ac589b2c7,2025-10-04 18:10:47+00:00,2025-10-01,81dfcce0,1701ddb4,038d000e04bb62e1687c204d415241204d61646520696e2055534120f09f87baf09f87b8207c763034fabe6d6d893b670e02ba91ca750d93d1b9c7da5f86cbe132b1b22f67df29747c47f59e190100000000000000137423de2e0000000000ffffffff,3799
000000000000000000013d0a865a66c231a5423088eda9b0d12aa888e0422126,1218288,926313,3997227,917798,626376704,bbf41634b32192576011705749c7bd6ff8096b0f92513b335dfc751c4c56fd15,2025-10-05 18:55:56+00:00,2025-10-01,b6f03740,1701ddb4,0326010e043cbfe2687c204d415241204d61646520696e2055534120f09f87baf09f87b8207c763034fabe6d6db9c84abf35cffd8877524dccc2537236f89dd0c710ed0048b148b75579c5854d010000000000000013146a653700b35d0000ffffffff,1120
00000000000000000000ea3027307dde47bc474326ba554a939920baab958c0a,1585852,803792,3997228,917423,555261952,a0c5db8975325a41a805f7fbf415f405579b6a2ee9c1611c982ddf45dd682c3d,2025-10-02 21:12:28+00:00,2025-10-01,6e40e15e,1701ddb4,03afff0d04beeade687c204d415241204d61646520696e2055534120f09f87baf09f87b8207c763034fabe6d6d3299f19e5e4570f08141dd730c96a2411706f321462f196c7065c67aeaa2ac79010000000000000012e496eff8000018a467ffffffff,3486
000000000000000000007da5095ae1226e76ecc93e06bf9d1fffc1685480f816,1609923,795773,3997242,917629,666107904,30ef4aec7395e3105f8367191e1953c6bec7afd0e48b187a30a259f5a593ba7b,2025-10-04 15:09:31+00:00,2025-10-01,874eb752,1701ddb4,037d000e048738e1687c204d415241204d61646520696e2055534120f09f87baf09f87b8207c763034fabe6d6d312b0ec79fac84e515368462e4d1402d6fd0e9a88d9b676bddecef5ebaaeeeef0100000000000000132aa1eb7d0000000000ffffffff,3675
00000000000000000000bc05d521937f762b2c2e62d1ab57780ea8009c35aa74,1586483,803598,3997277,918650,634535936,118d83990540e48af6b883b0288ee0515924d08f08cf9a5f119cc1f6862f81e1,2025-10-12 00:55:36+00:00,2025-10-01,8d69b318,1701ddb4,037a040e043afcea687c204d415241204d61646520696e2055534120f09f87baf09f87b8207c763034fabe6d6dd2fee087f9404894bf0b21bca382ddc8d72b4ee437aac3b63ba2ed5bb3cf146a010000000000000013379f64760000000000ffffffff,3077
000000000000000000014ca3e0993974111dd99f760d3f65d18fcc9c83b1d651,1467787,843396,3997975,918479,639787008,089cbb573418fd5e319520dcc195bb8fda9969693f209126b4d86c93c359e9e7,2025-10-10 19:28:13+00:00,2025-10-01,311b7d42,1701ddb4,03cf030e2cfabe6d6dc00918b124fc6bbd0227c7596bcb7689f80775399c83d0b622e7c7fed391fbf710000000f09f909f092f4632506f6f6c2f6400000000000000000000000000000000000000000000000000000000000000000000000500996e998f,2310
00000000000000000001174144ea6954fac263cc531cb4658f82e30dbddbb26b,1718604,759791,3997977,917262,821690368,df172f5ddd4ffda927c824710695da0fe4a2c69a6156c168c17d629faaa098fe,2025-10-01 17:49:09+00:00,2025-10-01,3d152a26,1701fa38,030eff0d2cfabe6d6d7e676bcc085c9f8a5b1dcbe7fe9432b21768d480c7b8be42c06870551fc6a8f710000000f09f909f092f4632506f6f6c2f73000000000000000000000000000000000000000000000000000000000000000000000005008aa95501,2821
000000000000000000018b63eacce5bba41513f429d1e0dca5fed5c1c498dfd9,1507202,830261,3997985,918982,785817600,900f2cfd1ecb0e62bbea3254707ba3f3380dc71f8634cf8b533ce8293fabf696,2025-10-14 06:33:55+00:00,2025-10-01,921db433,1701ddb4,03c6050e2cfabe6d6de50a43e860601965efa845533a31b7c83d0c54a12830da2bcb61f78b059cf24e10000000f09f909f092f4632506f6f6c2f7300000000000000000000000000000000000000000000000000000000000000000000000500d87a4d40,2807
0000000000000000000189b5e926fdcd81991bb5937b06624fae9742dd285870,1550679,815769,3997986,918617,558735360,b2c7cf8ea2b25d2f3f42a9a7f01f74417c0f7b31739b095913fd4d2ecb4b6af7,2025-10-11 20:43:37+00:00,2025-10-01,e763132,1701ddb4,0359040e2cfabe6d6d1898ec316def284b5c7580af164efa873b5a88664b44109229a661ed858a34c210000000f09f909f092f4632506f6f6c2f6700000000000000000000000000000000000000000000000000000000000000000000000500000e0200,3618
000000000000000000012316b66372cbf71272c88c9a324a828fd0d2eb960840,1516552,827154,3998014,917343,670179328,61b316ac1ff57773b4bbe4f29a0993e7784c111eae32538ca1840fca7aee42c2,2025-10-02 08:41:56+00:00,2025-10-01,6810a683,1701ddb4,035fff0d2cfabe6d6d63f0c09b639aa425ccf1e6948c274f7284b26b389a11299a94b8278b5bb9331c10000000f09f909f092f4632506f6f6c2f73000000000000000000000000000000000000000000000000000000000000000000000005000d22b868,2678
00000000000000000001b2b7f1f2c0b713f481e52599fa90ea2836429f3747eb,1446214,850600,3998014,917399,978747392,6da5453268e8de1099e9f1abfd61d6e82312aa89c365b9ea6c0bad6bb663ccbc,2025-10-02 17:19:04+00:00,2025-10-01,37077a92,1701ddb4,0397ff0d2cfabe6d6d2121f79c7f62af0a312a642e0614a5ef9933a3e587c5e7ad553d47eb21b3a8da10000000f09f909f092f4632506f6f6c2f65000000000000000000000000000000000000000000000000000000000000000000000005004bbd3200,2230
00000000000000000000a86ecf21c8586e5be6d405eaf54af19d19f525f0712f,1621755,792089,3998022,917475,543703040,8bdc648e9d2675dc933d703c9a8c3f0fd61ad9c39e2b54c2b64e3cefbc3170bc,2025-10-03 07:11:54+00:00,2025-10-01,faa7e9c0,1701ddb4,03e3ff0d2cfabe6d6de7cf8c0dcd91cd3c0950272fd441dec19bb77491057ef5ac1086c16ed7455a5110000000f09f909f092f4632506f6f6c2f6c0000000000000000000000000000000000000000000000000000000000000000000000050065a10000,1854
000000000000000000011d27321804b4defa958084dca33965a14a6ef809e721,1472135,841965,3998030,917296,537329664,39e21280d43855bc24d6f5c910e354ac6fb8e060012b7f33d51448f5dce5b303,2025-10-01 23:04:33+00:00,2025-10-01,4cafb17e,1701ddb4,0330ff0d2cfabe6d6d1640900489dfb74c63af51ef774c3cd42412de8d545154fc6681b3f02879bf9310000000f09f909f092f4632506f6f6c2f650000000000000000000000000000000000000000000000000000000000000000000000050026b6594c,1329
000000000000000000011246a047f2b16c6ea93b8e17b9489a038f4ae4364733,1667475,776852,3998031,917657,538501120,7905aed21bb8887de5c7149f584763120f10dc8f0db857cd64bc619014ca816e,2025-10-04 21:05:08+00:00,2025-10-01,e7c8601e,1701ddb4,0399000e2cfabe6d6df709f6243ad4d6cfc9380103105708179f51b423a2726161f6735c8f5b653cfc10000000f09f909f092f4632506f6f6c2f6b00000000000000000000000000000000000000000000000000000000000000000000000500d1700000,1913
000000000000000000003179a6284057416ddc975714ad20a74d25bcd272c27b,1575288,807588,3998052,917381,776880128,9758ccaa1484f3ac31fc7775b30faed8805a5450789f0b245e51b07e068b70a4,2025-10-02 13:42:02+00:00,2025-10-01,a1f485ce,1701ddb4,0385ff0d2cfabe6d6d1b020472c14317482ef4736ce52ded65f9ff9e1c5dd51ecbf0b75c4ad11838a210000000f09f909f092f4632506f6f6c2f62000000000000000000000000000000000000000000000000000000000000000000000005003b000000,3042
000000000000000000006fbdc2473c031155f533ba9c56e76f95fe7c8bb0da2b,1652078,781992,3998054,918773,697876480,250f970458101a54d3522b5306001a5d7fd19cae4515d0fe991f24e442bebca3,2025-10-12 21:09:00+00:00,2025-10-01,f9b4d665,1701ddb4,03f5040e2cfabe6d6d84b7f0746d35eb7552bf0fe55e88db7d6da96c5071a522c599138fc69b4aa9f810000000f09f909f092f4632506f6f6c2f6700000000000000000000000000000000000000000000000000000000000000000000000500de9c0100,3289
00000000000000000000b849780485db3c8659217b302465837ff488a6b39542,1708504,763184,3998056,918057,937410560,0c5758619372e48d6c031829950fb465d761ffd5967e99747c1bc43c99caa758,2025-10-07 15:49:29+00:00,2025-10-01,b7150124,1701ddb4,0329020e2cfabe6d6d40016779412de0ca2c0479e30cbb2c75367c36d90f0fa7017ce831ce77b6431410000000f09f909f092f4632506f6f6c2f6b0000000000000000000000000000000000000000000000000000000000000000000000050010000000,2692
00000000000000000000de685f52da9acf17335440cf8dd284ee43489deb12c3,1534933,821042,3998059,918450,777043968,fd5b996e2a446747b9c1185f9051dce5603fe3d20732173d999f9507b8a4e101,2025-10-10 13:19:39+00:00,2025-10-01,3801c70b,1701ddb4,03b2030e2cfabe6d6d38f7818efc89b75711a4543722d75cffea81def49bbc2b17d3b2f3111a14ef0110000000f09f909f092f4632506f6f6c2f65000000000000000000000000000000000000000000000000000000000000000000000005009c4c4800,3709
0000000000000000000183ae47a10ab2cd446ac90854fdd3e988fc2fc2376c2d,1459332,846245,3998067,918322,627892224,b3c56be684c55e61529a48f169518d6c3ddb884cc3bdcb876cd7625c8a75be92,2025-10-09 15:49:37+00:00,2025-10-01,981aef82,1701ddb4,0332030e2cfabe6d6d53f45321ee4423979f8f43f7f29bc5904601abf898c6ac83f4584a862424387010000000f09f909f0c2f6632706f6f6c2e6b7a2f630000000000000000000000000000000000000000000000000000000000000000050077ca0000,3906
000000000000000000002c3c92002cca89182c30e751998f152dcef8214ebc13,1524780,824429,3998067,918044,586989568,6fd9ed45a1edd97ffdb3517464d2a0adc736c9b76f15a5ae82cae239310ce91f,2025-10-07 13:41:15+00:00,2025-10-01,891a69cd,1701ddb4,031c020e2cfabe6d6dea5c0040a6daf1a164b0b8f3f4a5e88af19da84deb3d934904c97cbbc1bd582410000000f09f909f092f4632506f6f6c2f650000000000000000000000000000000000000000000000000000000000000000000000050006fdd0c6,3959
000000000000000000011fde1d0f2dfa05bab6751117e18d6131bd05a05da01e,1622525,791855,3998090,918485,549339136,09c0bfcc8c4df39493ab7c90b9e1196b447e45b2d75ab2a06b0b9f93685cbb62,2025-10-10 20:51:13+00:00,2025-10-01,e68571c2,1701ddb4,03d5030e2cfabe6d6dba8844b791530ea36ecb545057f5429b807e743fa6011c7f0239e1d15c5366a110000000f09f909f092f4632506f6f6c2f650000000000000000000000000000000000000000000000000000000000000000000000050003b126d2,2874
00000000000000000001035e9078656b8ad8a8721492f1c555f77ef6b14ecd2f,1616006,794028,3998090,918075,1053892608,86c28af211b76ff1dc73116a629094e1c52409b192de3b10145ba9ffd498970b,2025-10-07 19:42:07+00:00,2025-10-01,4d1526d6,1701ddb4,033b020e2cfabe6d6d07bf5b45d69a6428e011756011818bebc993e55efeaefad4fc5e53e043b42da110000000f09f909f092f4632506f6f6c2f650000000000000000000000000000000000000000000000000000000000000000000000050022126a00,4335
000000000000000000016d403237459d90879d0413f8e78d3ec0607d1b2a486e,1676899,773738,3998113,917317,858284032,f1349b40f0e19e83cd8db06964d0d5a0e3d0840dc71d881ef9af501c0409c25a,2025-10-02 02:43:35+00:00,2025-10-01,1ab55154,1701ddb4,0345ff0d2cfabe6d6dd375848145d6ee430b071f226052999d743d8986e966e5640d7e2b5ba921732b10000000f09f909f092f4632506f6f6c2f670000000000000000000000000000000000000000000000000000000000000000000000050097020000,3173
00000000000000000000f3e4ff6104970a25bda7e3f86e429d9bfb132142f96d,1769129,742996,3998117,918228,549453824,ed877c3d62dc5100d371abfaebd31701d962c693e9e20bd0de7b2a8d54de277e,2025-10-08 20:25:54+00:00,2025-10-01,f6b7402f,1701ddb4,03d4020e2cfabe6d6d8102984b51efdeed358a869dea8b3a9f9a2414b1677e79a34fdb1094e75b34ed10000000f09f909f092f4632506f6f6c2f6200000000000000000000000000000000000000000000000000000000000000000000000500d8890100,3712
00000000000000000000bc9e4620a66eb5a1b79aec91b0e77e4f453469d10448,1683343,771592,3998119,918329,537862144,bf7cfe347c174680dc397909cba30cdfae2a2fd56615cef4362604ca14aa993f,2025-10-09 16:53:40+00:00,2025-10-01,367aa65a,1701ddb4,0339030e2cfabe6d6d264b75b81f84d7a051fdd46c13504c497b13f0f886905ae8f48ecde34f4f933810000000f09f909f092f4632506f6f6c2f62000000000000000000000000000000000000000000000000000000000000000000000005000bf50000,3170
000000000000000000009929913296554a8ff1de73843de0ba11481889dd574e,1605843,797427,3998124,918172,560676864,914dea5f83918558422f93896368de509be4b03fa7bcb40f3644ff71ac843666,2025-10-08 10:43:45+00:00,2025-10-01,28585414,1701ddb4,039c020e2cfabe6d6d9b3c06252d8b6c1e38c548c6792f90ddf764f6fb98946f9d13c368b03872345610000000f09f909f092f4632506f6f6c2f73000000000000000000000000000000000000000000000000000000000000000000000005004e5f0100,3650
00000000000000000001050575ada756ddeb5f42ff262af2eb0ee462c1194dda,1596704,800475,3998129,917821,706887680,ea9db6b10a3f276e4085922f50ccab6c87c0a68895b25b2dfb9b42ffb780115f,2025-10-05 22:04:47+00:00,2025-10-01,d7c11828,1701ddb4,033d010e2cfabe6d6d9cbffc7e71015656af971e1a605469341515192384def7aed506ae2f5e56dfc810000000f09f909f092f4632506f6f6c2f640000000000000000000000000000000000000000000000000000000000000000000000050071327300,2920
000000000000000000009f7906af6149b37b3f92397f908e13457d6ff52530b3,1625625,790835,3998130,917934,614637568,4289a257eba36b22b9034fd5866739d8f3ff7b62781aacf2067aff8cde3a4331,2025-10-06 17:50:04+00:00,2025-10-01,e64a8099,1701ddb4,03ae010e2cfabe6d6d93184786cbe922545f4997eeb64c3186336eab021b199dd884d274a9a59941e110000000f09f909f092f4632506f6f6c2f6c0000000000000000000000000000000000000000000000000000000000000000000000050014fd0000,3844
00000000000000000001a54602824c4c5c1020ad423a12d9ce523fb52dee3d16,1574977,807721,3998140,918505,611860480,0007128fddaa200ca4aa4e96d0834d0561f0b0facaa4551060f82cbc86e22d29,2025-10-11 01:20:06+00:00,2025-10-01,f2c76859,1701ddb4,03e9030e2cfabe6d6d16c60c26f78c7fdb6e00e6be066572f7c51af3efe457fa4e87968f3cb782780010000000f09f909f092f4632506f6f6c2f6b00000000000000000000000000000000000000000000000000000000000000000000000500531b0000,1530
000000000000000000003e2cea3272852a02574067459619c69d2e08aa2309f0,1696519,767208,3998143,917562,723501056,3588250c8a1a87d7597f32d72493f3d72d3f52a81b3eb5a57fa02c19c1c234e4,2025-10-04 02:30:41+00:00,2025-10-01,39532ac6,1701ddb4,033a000e2cfabe6d6d4abb2f9c0f7b5d3beaed96a98039dbdc9f3dd318859c57f7564c56ef97e4fb9a10000000f09f909f092f4632506f6f6c2f670000000000000000000000000000000000000000000000000000000000000000000000050006000000,3789
000000000000000000009cc1c197de47aee5334e3549acff9f5099735c4d0e6d,1584077,804689,3998144,918903,851009536,bfbdbb2d59fe406acf912ce772c17e9788b6071189c766e270e7c8cbf986ae59,2025-10-13 19:07:37+00:00,2025-10-01,57db6da0,1701ddb4,0377050e2cfabe6d6d9d710d8fcda20a46675666009343ce71a975ffa7f685e17d3136daf969b7c31810000000f09f909f092f4632506f6f6c2f6400000000000000000000000000000000000000000000000000000000000000000000000500e8fc2e00,3523
00000000000000000001b6a6f8be7edb9a605692dc957837d0febd68b616438c,1757429,746910,3998159,918511,747864064,79b4f17357a38ab0f1cef0586a73f84f4fb4b719beff9aea477c714d6cbeb438,2025-10-11 02:24:44+00:00,2025-10-01,4c4b101c,1701ddb4,03ef030e2cfabe6d6d581984dfb06660f01d5e63d5127092411c1e0dcc77c8eb4dbff4f671911fa6a210000000f09f909f092f4632506f6f6c2f670000000000000000000000000000000000000000000000000000000000000000000000050000000000,3150
00000000000000000000a5f29061c62b708c64b7dfe5395a2aff5884bc9e1195,1679295,772957,3998166,918495,637034496,797878fb8d3fe070a3abc5c7215b9b1f6f5642e5b333c19aa2a2f07b12a66056,2025-10-10 23:28:04+00:00,2025-10-01,777fb12e,1701ddb4,03df030e2cfabe6d6df176339fac191df73292f204185772d7e14a77f40d68e179bd0fc4e1ba8b48d010000000f09f909f0c2f6632706f6f6c2e6b7a2f63000000000000000000000000000000000000000000000000000000000000000005001b000000,3130
0000000000000000000171af1141edea768031ef5e73468882b9ec46f6e181a7,1532510,821886,3998168,918074,799539200,5b6026442f191d6a04380c9c45651b1f48cb3347660e7e22d1c2becca05cc66a,2025-10-07 19:25:26+00:00,2025-10-01,186c12c,1701ddb4,033a020e2cfabe6d6db1554c12f9addcc7e35f5856bdf87b45d1493cf9f06b5b3c4fcb64c75595c53710000000f09f909f092f4632506f6f6c2f730000000000000000000000000000000000000000000000000000000000000000000000050036fcd968,3837
000000000000000000005ba794d57e4042c30a0eedc1b3aef73912722e6a1288,1636850,787107,3998171,918412,538968064,ee0e19e607c6a9d26d38ec15a6bba883def0b031847dd3b59712655bb985a161,2025-10-10 07:07:04+00:00,2025-10-01,b1d1db79,1701ddb4,038c030e2cfabe6d6d36c4f48e41ae3f54acce454396d67091d351c0bbc7eb4e4c2ce01ceb3ed7e6f610000000f09f909f092f4632506f6f6c2f670000000000000000000000000000000000000000000000000000000000000000000000050011230200,2753
00000000000000000000cee3128dd7b81efb2f4e775dd63dd3c9d0edc8a354ce,1636415,787256,3998183,918134,567975936,3bdea471e5452e37aef2e7a39fff3ae0179c921b1d6de2f649645e2843e36230,2025-10-08 05:50:00+00:00,2025-10-01,6db0b995,1701ddb4,0376020e2cfabe6d6de46b92f4530ce3ef19449e78f980d652ab454f6fb805efc713cf40b45e8b444610000000f09f909f092f4632506f6f6c2f6200000000000000000000000000000000000000000000000000000000000000000000000500871b0000,3573
00000000000000000001707014fb634d4c3b44790f8e51da2fd89816d704d74c,1476249,840645,3998184,917953,834740224,46efc3190411e67286b0cee710943c5270e2f09d16a5ba28d769c9406ac262cc,2025-10-06 22:53:05+00:00,2025-10-01,5b3da65d,1701ddb4,03c1010e2cfabe6d6d0bd048978ae1cfccc0fa940828787584317221179817e7c45d56edcd9ecef16a10000000f09f909f092f4632506f6f6c2f6c000000000000000000000000000000000000000000000000000000000000000000000005002d045b80,3176
00000000000000000000a6367ee58ef5d0eebf79e94bee34e935f55bc82a984a,1590571,802540,3998191,918779,537411584,976be61d4abf9091840cda951c8982a01c71358bcc2dcd9753f7fa838e768523,2025-10-12 22:46:35+00:00,2025-10-01,97c12664,1701ddb4,03fb040e2cfabe6d6d864dfb169ac2e2b48330dae8befc48c88ad6fcaeb3e0cd56969ddba27d0a53ca10000000f09f909f092f4632506f6f6c2f6b00000000000000000000000000000000000000000000000000000000000000000000000500fa2a0000,2609
00000000000000000000733cde345fb6e99ef1b6f411e49cf0b86063ef42d7b4,1586180,804004,3998192,917513,542269440,bc5afca49e234fbae634a637a87de8f580df2bf82b058e4ecacd8d4bda31a550,2025-10-03 14:33:22+00:00,2025-10-01,3682cbd3,1701ddb4,0309000e2cfabe6d6d3cf7faa4d67573eb68fca2dd2443de15bd1e03a5b8f378d32aa465721fd9c68b10000000f09f909f092f4632506f6f6c2f620000000000000000000000000000000000000000000000000000000000000000000000050032d20100,4207
000000000000000000006441360df62ea7ccf2a8185e7ca7d22e462a1d96956a,1568890,809769,3998197,918059,595976192,3cf07008c21a5adcd4469aa48edfcb42c3c9d6ec923bb37d0eac81b155c94b4b,2025-10-07 16:38:55+00:00,2025-10-01,d6923e0b,1701ddb4,032b020e2cfabe6d6d307dd4e76c61f6986169b1de20362e86b73bd548d274d032f13e4a0955e8f4cc10000000f09f909f0c2f6632706f6f6c2e6b7a2f63000000000000000000000000000000000000000000000000000000000000000005004a6b0200,4013
00000000000000000000588844a5157684d920df5e6e9b3ff31888171b18c0af,1603422,798260,3998202,919140,749150208,ea30b4157e72fedf3bdfeb352cebd56ebe385575b47d9e4e425f25f22f4bead4,2025-10-15 05:52:08+00:00,2025-10-01,9b00f6d6,1701ddb4,0364060e2cfabe6d6d9b29a05e31cb2a41ee15011a02084068d64a97b68500b97b9bdec24e1f0db14910000000f09f909f092f4632506f6f6c2f670000000000000000000000000000000000000000000000000000000000000000000000050016820400,3760
00000000000000000001714cf2d76e2aa4320ce535b8e8dc84563a9b9c7667a4,1404428,864595,3998213,918851,536993792,d61dd60c4ccffe8f80389e158d0a10c7019c0576a0b1fc1af5ac5a87302b071e,2025-10-13 11:14:49+00:00,2025-10-01,41feab5b,1701ddb4,0343050e2cfabe6d6d31b10469b6260695d38b4c3f824d1e3dd8135ad53b991266d9f1b2785dd7992110000000f09f909f092f4632506f6f6c2f64000000000000000000000000000000000000000000000000000000000000000000000005003f3d1a24,1915
00000000000000000001a2791cf13cbdf948eb444e6c95e7e65b33c412b36ca9,1601381,798944,3998213,917232,639967232,6299a40bff604ace534a142837638bbf8a0a3eb9ec6b6ea3100ef77da6f85b0c,2025-10-01 12:12:27+00:00,2025-10-01,d58935ea,1701fa38,03f0fe0d2cfabe6d6dd06105c294140f133263dfa680af1381e97d825c46e4312eea503a02937e9b4e10000000f09f909f092f4632506f6f6c2f6500000000000000000000000000000000000000000000000000000000000000000000000500dfd23200,3951
0000000000000000000015bad95294a07a4e3f14ed0307fbfabdc304fb0a42f0,1737968,753419,3998225,918845,742703104,5a8b3eb04cdc3692429c9b0d2134888e7b9a30c64a9a1b8a40dca41c627ab5d6,2025-10-13 10:30:17+00:00,2025-10-01,437ddc3a,1701ddb4,033d050e2cfabe6d6de57d696865af4172b97242b38f7b0823499f1cc95120e535250f39786abf1e5d10000000f09f909f092f4632506f6f6c2f7300000000000000000000000000000000000000000000000000000000000000000000000500263c8566,2760
0000000000000000000061bedf83ef7528fb61909cfdccc902e7759c2bf2920b,1574813,807805,3998228,917963,537190400,ea28abe661a85f261e3d520b5ebac4ebd0655a6f707276ed120a6ee5a35c4468,2025-10-07 00:47:27+00:00,2025-10-01,4943e54c,1701ddb4,03cb010e2cfabe6d6d2bb607e4dcee5cc1028d0ac41c761730bb4f54664b2a8895de3313851eb459f610000000f09f909f092f4632506f6f6c2f670000000000000000000000000000000000000000000000000000000000000000000000050097b00c00,3298
000000000000000000018c2a1858c738fb07db77c6cb94b23e5d5af86c3cb14b,1849979,716090,3998249,917658,537280512,7036c493da0bfd2e7e690046b95f1a34b57c3af9c124dd901c94a3f0ff647cb2,2025-10-04 21:09:25+00:00,2025-10-01,2b0f221f,1701ddb4,039a000e2cfabe6d6d78a827ed5b5cfc07f2182bda409b0d8962fb28a1e733ea4184fd5698a8ef400b10000000f09f909f092f4632506f6f6c2f6b00000000000000000000000000000000000000000000000000000000000000000000000500186d0000,2491
00000000000000000001318c6c0d39c5d7a338cb3be72266b863acf54310ad7d,1614114,794715,3998259,919081,671801344,fa8c0f9d7f884ca7ca3659a31e2888250050c68b48973ed17ba6453f6d02292e,2025-10-14 19:52:02+00:00,2025-10-01,d108ac47,1701ddb4,0329060e2cfabe6d6dac3ca57a78b0e85613eaab66d63b49fd46a11997b8aa9e777581168c80a8a47b10000000f09f909f092f4632506f6f6c2f730000000000000000000000000000000000000000000000000000000000000000000000050066660264,3979
00000000000000000000125a30beeb5b7a51001b1239cf75e2eb49b1b1ea1cf9,1744686,751191,3998259,918579,536993792,fe5b201150cd10387ae7fc68315528fb499591555f9bc99904792060f0ba2410,2025-10-11 14:37:54+00:00,2025-10-01,c3efb6e3,1701ddb4,0333040e2cfabe6d6d7cd8adb15f92a9edd1f8c2ed825bbcb91e21c99c1c057729a5c71f888df0500f10000000f09f909f092f4632506f6f6c2f640000000000000000000000000000000000000000000000000000000000000000000000050000b19adb,2624
00000000000000000000afce1c7673f3c382542aa490520fa4beb29712598b13,1721734,758842,3998260,917937,537395200,ff1baec9923116c69376983a616e4fd63271d1f629c43819e0fae4bf5c650f3d,2025-10-06 17:57:47+00:00,2025-10-01,18f6a17b,1701ddb4,03b1010e2cfabe6d6d6ea41f4a731a2354946f7aea5c9feb8f1e48e8a15879116865fc4f90557a636f10000000f09f909f092f4632506f6f6c2f6b000000000000000000000000000000000000000000000000000000000000000000000005002f0e0000,3251
00000000000000000000a9f6bb718bec632afe95973972cd4c8353e55954870c,1454449,847940,3998269,917898,537698304,8dd41f454a7a18e941e47796149f256e6e808062dbecd374874831fbe325c5b1,2025-10-06 11:20:54+00:00,2025-10-01,1984082e,1701ddb4,038a010e2cfabe6d6d5adb5d9370fa6c63e3f0f1ee4d0a1c06fbbb1300ca760dff03fb0a95ec575a3910000000f09f909f092f4632506f6f6c2f63000000000000000000000000000000000000000000000000000000000000000000000005009d530a00,2447
0000000000000000000007744656ef2320b64641154e42d4e664a35d0c74a00d,1719294,759660,3998274,918474,687554560,39daa4c0b5672ffc2894eeeab1ec3c403ed40877984e51de4a29226d1c8185ef,2025-10-10 18:35:24+00:00,2025-10-01,6b9b885f,1701ddb4,03ca030e2cfabe6d6d4d40e307837a0842bc1bd906bcb0aefea30a66c212077d7a144162bd8f03f0ff10000000f09f909f092f4632506f6f6c2f7300000000000000000000000000000000000000000000000000000000000000000000000500d2e8063c,4216
0000000000000000000156257bae48a0c9ed761394a34190700d33b65aff3a0c,1744246,751345,3998281,918342,656498688,c39d114e85875117d2d351d8e2eb0fcb8badd4a776719cc26635513334a8985d,2025-10-09 18:43:05+00:00,2025-10-01,219c4039,1701ddb4,0346030e2cfabe6d6da329b627da4f8a0fe1a2903776da1bab2b4e3835a3a8057823ef2df71cbe6e1110000000f09f909f092f4632506f6f6c2f73000000000000000000000000000000000000000000000000000000000000000000000005007554bf68,3566
000000000000000000015d077722d91ccd2d553e005f3489fa36630ad6e68e3b,1625541,790915,3998286,919032,536985600,efd152e163a82ad030c7a1d5cc92d57f0e2f3b27e653c161517b9c0849a472e0,2025-10-14 12:35:18+00:00,2025-10-01,ae0de09b,1701ddb4,03f8050e2cfabe6d6da1fafe682b16d355c594ffa113c592dc9dd58cd8470f7ad1d1bb6142e903aa1910000000f09f909f092f4632506f6f6c2f73000000000000000000000000000000000000000000000000000000000000000000000005005e346000,4440
0000000000000000000187be2e67e4e189a79ceade6419a4a2ac5d3f80427c81,1526382,823968,3998286,918470,545865728,8211967e019c429b710c28e388691af8df551130b3fb141cff18545ecd57d28f,2025-10-10 17:32:52+00:00,2025-10-01,4d77685f,1701ddb4,03c6030e2cfabe6d6d5dda834ab4e0c52d29ee3fec4cc112d0c5426dce6cb7bc9fe615b88a2562757310000000f09f909f0c2f6632706f6f6c2e6b7a2f630000000000000000000000000000000000000000000000000000000000000000050018040300,3570
00000000000000000001034f81bd3283cade80dc395ad767148a874237b5d35a,1488652,836545,3998287,918078,537395200,5eb964e5343b5aeff1cde5dd7deb81283f07963ca861fe03c1d4876a8f59bbaa,2025-10-07 20:41:24+00:00,2025-10-01,19a88f2c,1701ddb4,033e020e2cfabe6d6d38795577d1ca9250a963f99e086e270f6cf03dffe3018d4e2cbefd47b5ddb2c910000000f09f909f092f4632506f6f6c2f6b0000000000000000000000000000000000000000000000000000000000000000000000050010480000,3772
0000000000000000000094755af39170b82ac36e5313ca72dc94569eb57f453f,1736416,753957,3998287,917332,547356672,dfffac3b933c7a24ee20a27edf65cea2935c84735b9b411d29008c437fae4002,2025-10-02 05:51:26+00:00,2025-10-01,3c6c1086,1701ddb4,0354ff0d2cfabe6d6dec23293de33f032cfb76ce2faad573152a750fdfd7411f1f7ba077b70394e9f010000000f09f909f092f4632506f6f6c2f65000000000000000000000000000000000000000000000000000000000000000000000005000011bfa6,2951
00000000000000000000af420b7d712e42fb7f1dcb3ac910795b8e8da09b6743,1550642,815882,3998288,918193,803815424,e0d2b780c0ec36b6eae41987dbb0ca6846c19c164c49a89c009b70045a8e9a92,2025-10-08 14:04:21+00:00,2025-10-01,213b984b,1701ddb4,03b1020e2cfabe6d6dc214133fdd1e74c99390fcdc0d0e164cb90601dfe77b18a72fa00ec9048cdea110000000f09f909f092f4632506f6f6c2f6600000000000000000000000000000000000000000000000000000000000000000000000500c8020000,3784
0000000000000000000154953016bf00d74c0213c833b945590fc4eb7f2451d9,1540409,819294,3998291,918243,815185920,971de0da6de1669d10fdfabf89401000443da416c44cb9d3b124876eef27e69f,2025-10-08 23:47:03+00:00,2025-10-01,b418c50a,1701ddb4,03e3020e2cfabe6d6dfa8ce3b28dcf7fe11a50576983d4968faa17cd3d3a47994ada51ab0a8a994ce710000000f09f909f092f4632506f6f6c2f6400000000000000000000000000000000000000000000000000000000000000000000000500ae709200,2738
0000000000000000000078e6a1d1a9e1396dd71c33fd1b6a5c7b8f7b2bd2b8c9,1579749,806181,3998292,918262,733839360,e37643c647e2a39bd3b01a44bf12b7fca7c12a15a0fc80b7a8077cd52f0765d8,2025-10-09 05:13:04+00:00,2025-10-01,1e90211a,1701ddb4,03f6020e2cfabe6d6dd66068da6e3ca1951c7f76d6a2d9e18f04cd637a487cdd7000453131d1304fea10000000f09f909f092f4632506f6f6c2f6700000000000000000000000000000000000000000000000000000000000000000000000500d1050000,3285
000000000000000000007ffc26a98c72b468a5b8735b39acddd3e1877474fddd,1636804,787164,3998296,917885,893976576,aeb736e415f5a4858c9645d482ecb2f05cf54c56ebebfa4a8ed016503da6e2f5,2025-10-06 08:31:59+00:00,2025-10-01,75152051,1701ddb4,037d010e2cfabe6d6dcbe48b43005b0e9227b8736c5802e31d1400abd5536922b51c51b7832a1ba27110000000f09f909f092f4632506f6f6c2f73000000000000000000000000000000000000000000000000000000000000000000000005007af54681,2996
00000000000000000001979b4fcad0670060f96b194e118a6e28d50a96c995a7,1612837,795153,3998296,917621,749387776,f1a82159f47a6efd6efa4d2d5d6c9d26f9cfa2d4fcdab2e882c2d7e05a1f6477,2025-10-04 13:32:15+00:00,2025-10-01,527bc4f5,1701ddb4,0375000e2cfabe6d6d968580983480319f05c87745e30dda2ec08a341e4f92463295c45c8c251f2f8410000000f09f909f092f4632506f6f6c2f620000000000000000000000000000000000000000000000000000000000000000000000050048000000,3962
000000000000000000001acdef19794b99bb7807a735497797618fdfe336a63e,1687199,770366,3998297,918612,797564928,40be731259d40485eb635dea920e2e700bf721d39aff8a75c9e818dece5ce6f4,2025-10-11 19:38:37+00:00,2025-10-01,70269138,1701ddb4,0354040e2cfabe6d6d5a00c05746e90e40816782ad69c6c32d2d3f370aa524da55c75e980b2a9abae410000000f09f909f092f4632506f6f6c2f6b000000000000000000000000000000000000000000000000000000000000000000000005001b000000,3144
000000000000000000001e754e9e2483935231e2d963d86d9f57a6ba08ad1fec,1687328,770325,3998303,918108,551550976,16a7a5c680b86ed483973730eb80d1da140556861351ad83b8ca66d343ecb7a3,2025-10-08 01:39:35+00:00,2025-10-01,da955a60,1701ddb4,035c020e2cfabe6d6d27481590853dbe9dc2853c9c30126436c2c3c04f52465e582ea0e83f9157a50d10000000f09f909f092f4632506f6f6c2f73000000000000000000000000000000000000000000000000000000000000000000000005000fb728aa,2912
00000000000000000000deaa5741cd972fcf97530327c46cc86855261e2c769f,1549948,816119,3998305,917939,918077440,6479c3afaedf7a6342be5255c3c0682141156b54a2f153998321ace5902adabb,2025-10-06 18:42:21+00:00,2025-10-01,b7c4317a,1701ddb4,03b3010e2cfabe6d6d252858ff55d7b83c7e7ad6be388af6cd3b07cefee44299d072dc1d8b7ab23c1a10000000f09f909f092f4632506f6f6c2f620000000000000000000000000000000000000000000000000000000000000000000000050026000000,3635
0000000000000000000120e8a7131b0f19d0e49f25126ea49140960b8c3f26c2,1593594,801571,3998307,917625,538361856,2e117152a96a22cebea2448f6ce4bf964b6270c72019263654f467e8cdc46e4c,2025-10-04 14:18:01+00:00,2025-10-01,65a41b8c,1701ddb4,0379000e2cfabe6d6dc654970031db2d7d52f3a437518fe3940a66317bdcd6e81034bc9172bd6bb54e10000000f09f909f092f4632506f6f6c2f64000000000000000000000000000000000000000000000000000000000000000000000005001921e478,3139
0000000000000000000066b3266a3f232834011a38567d7189a67ac8624684ac,1318529,893262,3998315,917414,542908416,3bee0b939c4764552ab76d0be82e2c1d4b12c0a6c0b2a6692e9679689ddfb294,2025-10-02 20:18:42+00:00,2025-10-01,4f8856de,1701ddb4,03a6ff0d2cfabe6d6d47dc5421080e806cb2b3252bba3cd48cda04498a9883a802d7d8bb185f8d59cb10000000f09f909f092f4632506f6f6c2f7300000000000000000000000000000000000000000000000000000000000000000000000500eed50000,1847
000000000000000000007df6f882beb0edd72bd9d32ba39485623310ee448032,1563902,811472,3998318,918418,541065216,a6340990c2dd38bee0f14c88f43581ba6671b6883a521dd1a27f7cd339b64aec,2025-10-10 08:03:31+00:00,2025-10-01,14f406f,1701ddb4,0392030e2cfabe6d6d237b8b17b04b743304be4ffe9013efe570adb69860b3c8b118c7e00597835b9a10000000f09f909f092f4632506f6f6c2f670000000000000000000000000000000000000000000000000000000000000000000000050079e94103,2337
000000000000000000009fbe4dcf80ce868569514cf04ba669d8e51a364cd210,1508713,829869,3998320,918224,607453184,1d041b6270c88b91b1f38637b2fee9a637645decdc5d01d0bd5155412e476ca4,2025-10-08 19:09:34+00:00,2025-10-01,2f34d472,1701ddb4,03d0020e2cfabe6d6db93e1fa96794a5c6f9da7ef3d806b54096b5bb0369dd1177ae9b1aae29b682c310000000f09f909f092f4632506f6f6c2f660000000000000000000000000000000000000000000000000000000000000000000000050000000000,3778
000000000000000000002710ef7345b954ad9ccd07802407240930373b54e592,1559944,812794,3998326,917200,541065216,69ab17ee16ffa1fb37b369745000fa77bc00a7296d7d98d03ca560d7c81a6dcc,2025-10-01 08:39:53+00:00,2025-10-01,9254792d,1701fa38,03d0fe0d2cfabe6d6dafbd27a7dd2a6375e3a9feefade0b4a0962f6f387caca72333beffc45fc284f310000000f09f909f092f4632506f6f6c2f6c00000000000000000000000000000000000000000000000000000000000000000000000500e0920100,4170
00000000000000000001275c7a0e111f554af072b36362b602af6eef0a48965e,1574531,807932,3998327,917400,537001984,1d04afd327500504d39331ec2b3838c50a3584eebab5e23fd852ddbd2440f03b,2025-10-02 17:30:26+00:00,2025-10-01,195bc80e,1701ddb4,0398ff0d2cfabe6d6db592dcc57a89b34f7a8bcdda628e42d78a92d1b90a8f2f50c9170d6175598df110000000f09f909f092f4632506f6f6c2f650000000000000000000000000000000000000000000000000000000000000000000000050033bc244c,3533
000000000000000000003f96042e8bd23c5e6ce2fd0c17d6bc02c31e4cf764c2,1590592,802579,3998329,918471,538968064,9eed007d18f20cb90b4616ca29c614f0a1946f3082f650920097f6ebf6d03408,2025-10-10 17:44:41+00:00,2025-10-01,74c6201b,1701ddb4,03c7030e2cfabe6d6def193cefe2b49b2fbfa8ea94a9798c35cb03946ff4e55db9a290f7497bfe32d910000000f09f909f092f4632506f6f6c2f6700000000000000000000000000000000000000000000000000000000000000000000000500d4bd3206,4274
000000000000000000008c6ae2840158baa00ea0716e1a9c72c4ec4df13991e9,1604800,797843,3998329,917397,555229184,bc55f51437a233aba60a3f1ab4d54a77586162c06a5bef91c723b4a99242a5ba,2025-10-02 17:12:23+00:00,2025-10-01,3adcc41d,1701ddb4,0395ff0d2cfabe6d6dfa0c4102e240a29dd202f99f4d519c6470620b99d69eb967d5f89485f7cf552110000000f09f909f092f4632506f6f6c2f730000000000000000000000000000000000000000000000000000000000000000000000050091190264,4141
0000000000000000000035f343d083b6d10f86e5a91fac3e65eae28266627cd0,1520849,825827,3998330,917546,707502080,0dd061fe305938cb69be8739c9ed70ba97785356e93460f691bf4ccb5a76c403,2025-10-03 22:24:17+00:00,2025-10-01,df20a3b,1701ddb4,032a000e2cfabe6d6d551442857f19f2477458e12ad3aaff3401da4ecedddc38af5ae926238c0ec17710000000f09f909f092f4632506f6f6c2f6c00000000000000000000000000000000000000000000000000000000000000000000000500183ec261,4107
0000000000000000000004d61fa9f14c162b02634ca3db0d94f275dc3c3e34d6,1475893,840813,3998332,917528,798007296,5b57c637bbe74f7d242ffd7c3443ef7038195f2ee1c4478e66ba7ab49973c778,2025-10-03 18:54:06+00:00,2025-10-01,7740ed12,1701ddb4,0318000e2cfabe6d6d1c51ef1768a1f0299a1f594da574d66643e7a4d56b4346d204401f7192e0f6ea10000000f09f909f092f4632506f6f6c2f6500000000000000000000000000000000000000000000000000000000000000000000000500019b7744,3518
000000000000000000003c4ea128f5a27e35513eeb038e2ed080273d93d45111,1610816,795840,3998336,917328,828817408,67980d7facf38015cf05eadf4f18dded0aa67d1c25c9e748a6ca54bcbfda1a33,2025-10-02 04:59:13+00:00,2025-10-01,915ad100,1701ddb4,0350ff0d2cfabe6d6de5064a7cf3a8553c9fad657bccd3dd4967fe4ad7887134f6063a14f3de846e3c10000000f09f909f092f4632506f6f6c2f6500000000000000000000000000000000000000000000000000000000000000000000000500020daf5d,3220
00000000000000000001594e65f1ff81d66c910248451e441468520729520e45,1777518,740273,3998337,917484,578920448,35a63bd890ce476af17b9a5fe646b10096ddc2bf53a8ca20860d639c967cac61,2025-10-03 09:25:41+00:00,2025-10-01,62aa4926,1701ddb4,03ecff0d2cfabe6d6d109d3b515420420e00a993a6b9ed518bd7e5d38f01cd3a88fc27dac98fddaf7510000000f09f909f092f4632506f6f6c2f6700000000000000000000000000000000000000000000000000000000000000000000000500fa010000,2853
000000000000000000011c8c33f4c8dfe5a66661ff3396e39085931eff1c9d1d,1736028,754103,3998337,919193,650412032,a4cd8f30d3beb1ab03390aeef241c9ae720dcb7a0a2a73b2730f36116935b2ab,2025-10-15 12:24:35+00:00,2025-10-01,42135e7a,1701ddb4,0399060e2cfabe6d6d402158fae2b757abbef45aef8f933c7d4fb4d40bef0cd79c8a1ca5c5454610c010000000f09f909f092f4632506f6f6c2f670000000000000000000000000000000000000000000000000000000000000000000000050092290100,3054
00000000000000000000bd890aadac2fcaaac8ed1c97c834d6e3d3cc2e4782ad,1496939,833802,3998345,917268,1048051712,b9438766c4cdbd064a5477050dfd2cb0791be2860c00e77d186ac19b91f6b5aa,2025-10-01 18:49:47+00:00,2025-10-01,1aadd7e2,1701fa38,0314ff0d2cfabe6d6dbd6594c43942fa2eda54734c20ab605f72d2c0dcf740332bc2409d833187f08310000000f09f909f092f4632506f6f6c2f650000000000000000000000000000000000000000000000000000000000000000000000050072a23800,2946
00000000000000000001d94d4e6ae1b582d4d0af874eee09924ba0440605a8fa,1569901,809482,3998347,917729,710746112,d020242b963907ed814ee97cb52746b3c9026787df3d3af4b920f0723969eaec,2025-10-05 07:05:45+00:00,2025-10-01,68903421,1701ddb4,03e1000e2cfabe6d6d2d687c85d06b0e6e280ba01117261a819db9a9775fd68bd84e90f9da97d3961c10000000f09f909f092f4632506f6f6c2f6600000000000000000000000000000000000000000000000000000000000000000000000500e36f0200,3225
0000000000000000000188ecb1ab33d58ebd18ec8f457f7afb6e36575cf08493,1588535,803271,3998348,918742,677879808,10cde9399ee2ecae6e430d623127ba6a9606f7d4288e938711d810f89cf74340,2025-10-12 15:16:41+00:00,2025-10-01,67453823,1701ddb4,03d6040e2cfabe6d6d948fed8e6a3a3f5234f82a89a4867f25f03ff01d8edbf445655b06d1888474d410000000f09f909f092f4632506f6f6c2f650000000000000000000000000000000000000000000000000000000000000000000000050034ee0a00,3281
000000000000000000011e97af12fd09e3b49b85358764e64f81320f810bfa8e,1737750,753534,3998352,917256,697008128,41716988ac7095ec0fb1ef811c9427a1cdfdbce359b858d9cafd16a5a9edc8ad,2025-10-01 16:55:58+00:00,2025-10-01,7dd5c86e,1701fa38,0308ff0d2cfabe6d6dc3a53d5c3fb6d64a51cddb7ccd848ca80cc9487ebe2c82f9f0744624f9ce162210000000f09f909f0c2f6632706f6f6c2e6b7a2f6300000000000000000000000000000000000000000000000000000000000000000500b21f0000,2701
00000000000000000000d5af4ea83c1e9598b850e24ab6e8719f4107ebc58177,1505939,830805,3998354,918461,536944640,129ef51173af7eedbcde4b717651477e5a82e79c18de9ecca9dae94b5c8252a4,2025-10-10 15:53:09+00:00,2025-10-01,b37beb78,1701ddb4,03bd030e2cfabe6d6d580585f8b09030b5b28e9c9d54d11615b27fbf50524bb69538605b4bbaff7b0410000000f09f909f092f4632506f6f6c2f6c00000000000000000000000000000000000000000000000000000000000000000000000500d0b77e2e,3773
000000000000000000001ac2bccd68e0525d0aaa47cfaab6cb5009edb8cdc988,1563533,811607,3998354,917347,545161216,5f7d336391921260d715cfe09ff00576654eb6b1172892acc10e1a865092f6a6,2025-10-02 09:29:12+00:00,2025-10-01,a88f106d,1701ddb4,0363ff0d2cfabe6d6d8141f793603717cb97c2ec7dcaa89d6375b741dbcd518073c28d88882a3e73c510000000f09f909f092f4632506f6f6c2f6c0000000000000000000000000000000000000000000000000000000000000000000000050010e01700,2439
000000000000000000008d222b2b2e79cc215633a71819dda7a49f35e760875f,1435602,854251,3998355,918239,631791616,06dd585953eaea596829ec4e2bd2c34246aaaa0f870c3b6940f7bd28d1dfa00b,2025-10-08 23:24:23+00:00,2025-10-01,bd8f1841,1701ddb4,03df020e2cfabe6d6d5308331cab030dca2682725da07b581fa296a093117c657d8fe8727eb7e7780210000000f09f909f092f4632506f6f6c2f730000000000000000000000000000000000000000000000000000000000000000000000050004596e02,3700
00000000000000000000f27c99464df3f684ef0c9f9c27912c4edf357fff76be,1453468,848296,3998356,917435,616030208,abd360360191b7a98ce14bcf354224e4ee05de4e8c737fb2c14993b44f9eb625,2025-10-02 23:55:43+00:00,2025-10-01,f7e70a4d,1701ddb4,03bbff0d2cfabe6d6db243ff43c260409f9e65c5fb17b8a4da86371290aa56e230b4bd67852af6f97e10000000f09f909f0c2f6632706f6f6c2e6b7a2f63000000000000000000000000000000000000000000000000000000000000000005005b090200,3647
000000000000000000006c8a4eb852c4260d881a829096559c7157a9688a8ffb,1472558,841933,3998357,918799,833765376,bbbaa0ca22479078ca8e21e74eb8d800fa0ad56d471371c008607bcbef449f05,2025-10-13 02:58:36+00:00,2025-10-01,146d5294,1701ddb4,030f050e2cfabe6d6d4eecd004736806011baafb2a9814a892a6214a6bac2bbeb4e476cf8acae5575d10000000f09f909f0c2f6632706f6f6c2e6b7a2f6300000000000000000000000000000000000000000000000000000000000000000500fc357a38,1976
00000000000000000000eb2af8b76e952b9da026c4dc74da66ba4891b19d3bee,1698752,766535,3998357,918525,972218368,5b41fac093c4d5de140fe2ed2a7e5fd0a9926093f2e3e659385bfe2277058c49,2025-10-11 06:05:55+00:00,2025-10-01,212637b2,1701ddb4,03fd030e2cfabe6d6d88d43b3e42bcd21efbd6ec67353d59ec5ed402d6899cd536e6e01778fe1e5f5910000000f09f909f092f4632506f6f6c2f640000000000000000000000000000000000000000000000000000000000000000000000050006192000,2649
000000000000000000012007a4f616c96605a3105b37965be398174d966fad01,12634,6998,33628,918759,536870912,60ed121e368024fefdef2c36986d2354ca88f4ab9867fe683bb5a2150caceef8,2025-10-12 17:41:18+00:00,2025-10-01,afc98312,1701ddb4,03e7040e2cfabe6d6d22c0ef1e9f08bcbb0b04cf442542bd1acd2377375c7c03bf2cfb9d51e75b83ab10000000f09f909f092f4632506f6f6c2f6b0000000000000000000000000000000000000000000000000000000000000000000000050041060000,37
000000000000000000011d492b127679f5a28cdea525bc830789bfcb807cfdc5,23814,12191,60387,917788,536870912,afe3301ec4718cee9deccb1b85685d858c6f03ce1de2246ac9eb3ade60c069d5,2025-10-05 17:22:40+00:00,2025-10-01,871decbe,1701ddb4,031c010e2cfabe6d6d9a63b16b5bfe9e86ab57a852bcd4e16ba8623340e2a5efceb870bd3c80d64ddb10000000f09f909f092f4632506f6f6c2f670000000000000000000000000000000000000000000000000000000000000000000000050094310800,63
00000000000000000001120cb858700f05f4e05f53689f291b50505493c3aa71,214726,114528,558310,917782,536870912,a70fc4dcba88ad6ed6542fc8e68658d01d60a48b4ac36c397d55ead123cb23e4,2025-10-05 16:21:55+00:00,2025-10-01,5452185b,1701ddb4,0316010e2cfabe6d6d431c901d4b520ed8f2d7bac01182155d5e1f99a1e65256abe07a59a697fc442c10000000f09f909f092f4632506f6f6c2f6b00000000000000000000000000000000000000000000000000000000000000000000000500ad2f0000,608
000000000000000000007f787969899a9666b0628706e880a7c59bb89f5f570a,293397,139964,713289,919155,536870912,b126edad7955d422e385cda9c1cb0e1f629d54ef5f02bf42669b9f0fa3a9d151,2025-10-15 07:30:11+00:00,2025-10-01,11434401,1701ddb4,0373060e2cfabe6d6d8708cf271bd9b8c4cd93e1a6b59e3eeb3938e16b21e52109d31a96004e6a4a3410000000f09f909f092f4632506f6f6c2f64000000000000000000000000000000000000000000000000000000000000000000000005007d2e6615,634
000000000000000000014fd9719ece372b403614318c79e701a8f0909664f038,403679,189058,970853,917769,536870912,30ca90fd053791b83f0a564463ab798df04da41828b7db2b7ce96848682ccb44,2025-10-05 14:23:54+00:00,2025-10-01,4b0d794a,1701ddb4,0309010e082f5669614254432f2cfabe6d6d86b08f29128c74ca5477b5c33a70ae7944a6d32e721c1f69d6923a222c6c79e71000000000000000108b177c0563644be263c0e046bc4d0c0000000000,853
000000000000000000001300156a45a4263f937bed6b9a4b02421642c3bb4a5e,475229,191918,1050983,919241,536870912,df0273afeb3568e0756c404a1f6269a66a90c0e1f6e7ebccb84c12bda03e0edc,2025-10-15 20:51:59+00:00,2025-10-01,623e3a5c,1701ddb4,03c9060e2cfabe6d6dadf75d6c73d1355d42e2772ef7297752cf3ed1bd37fcfda30e6227ac67c099b310000000f09f909f092f4632506f6f6c2f610000000000000000000000000000000000000000000000000000000000000000000000050077c01f00,460
00000000000000000000ebc76764b960290cf65d4d65f11d7e14a2e413341ef9,438301,225298,1114195,919080,536870912,b59c3f0d2e4b1c132ad5fd9aff163c24fcdb1d044945a6d3eac9dfdf7616b371,2025-10-14 19:29:59+00:00,2025-10-01,5189ba61,1701ddb4,0328060e162f5669614254432f4d696e6564206279206a7262662f2cfabe6d6d2f886d61eb0ce3037df70dbfb8db6d3d21eb66f0a5aff852aa272af8e619e48310000000000000001278e7491eb6046fa05866020d475b5302000000000000,1114
00000000000000000000a5ac460f51a0fd9266b3cd65c0583181205648f0c47e,489082,235769,1196389,918393,536870912,e88751fe5b84a135eb9d250e2870c3a16fe6e49ff11cddb1e1ead80e064dc0b3,2025-10-10 04:11:20+00:00,2025-10-01,5d4b7638,1701ddb4,0379030e1a2f5669614254432f4d696e6564206279206d6d6f75736532382f2cfabe6d6d55515d46a27c78f592786a065baad41285bea8985f94247b762180ede544ae99100000000000000010038b68004168bad655f7d75c6311000000000000,1206
00000000000000000001197bfd06c6673d62c1c05254f443af318fe6b5a22d84,532855,278058,1367029,917672,536870912,b6d7eacc48478421834fdb5f431fae8f9be0e7ba1e4ce0bbe3b76ddf0a59d611,2025-10-04 22:45:16+00:00,2025-10-01,3e00ac2f,1701ddb4,03a8000e2cfabe6d6dea5b8f66410afc342f2969762a242447c32b57f3ec2e1185740325443696c53610000000f09f909f092f4632506f6f6c2f6700000000000000000000000000000000000000000000000000000000000000000000000500d3689b00,1148
00000000000000000001134db0a81585bb951a89f3c0e8d0e83d36412803634f,550998,281614,1395840,918130,536870912,cccd3f3ff3942b436a09cf95cecac27e8ab09bd876fc4a02fd25a6128c588268,2025-10-08 05:00:08+00:00,2025-10-01,3a006c5,1701ddb4,0372020e2cfabe6d6d8078e0f0f2aae081b592460cae0f4dbf9fc24777e43e243aeb8e546eb742d20110000000f09f909f092f4632506f6f6c2f67000000000000000000000000000000000000000000000000000000000000000000000005001a260000,989
00000000000000000001643518093ce013385fbd4ef505d084803da4e3378f95,488576,305471,1404989,918667,536870912,13768910c3e820e6189ad4b3d250c3e59ac715c43c2c523a91869599cebde020,2025-10-12 03:09:44+00:00,2025-10-01,5ccf25bc,1701ddb4,038b040e2cfabe6d6d8a42b875c05a72a5689e66d6cf78017291d9f3596f5bb86921ca7bf88e356f7110000000f09f909f092f4632506f6f6c2f7300000000000000000000000000000000000000000000000000000000000000000000000500e2860000,969
00000000000000000000dd1e53d84ee00d8825c596987f9dcc0932379fbfe913,815547,342705,1843662,917309,536870912,76dd2e200d637e10dbfd18914a8eb839d64850c21a8e16d2a7a6f7ff33b7fe80,2025-10-02 01:14:47+00:00,2025-10-01,4ae35329,1701ddb4,033dff0d2cfabe6d6dceb57f965f535b8221cbeb94d4e271f856882d539e384fb16483317b2839130310000000f09f909f092f4632506f6f6c2f6c000000000000000000000000000000000000000000000000000000000000000000000005001d420000,1270
000000000000000000010c2ca22eaa25fba0008f8f00903fdee947b14db59e51,740123,386620,1899983,918787,536870912,8291a792d6e53f9a885d6e4fdb478e925cb11132025d5d085313f465ebe2a39f,2025-10-12 23:28:44+00:00,2025-10-01,16209a0d,1701ddb4,0303050e1a2f5669614254432f4d696e6564206279207365726765796c692f2cfabe6d6dc18e8f262e4b70f56c22b46d78184ae978070ca93cdea5525f1b08cd2a55dea5100000000000000010ac9e1f0c1bf8c34e2122a76c0ff6170000000000,1498
00000000000000000001cb5e28e76e862c3543144b7db86a315443c6a75b9d4a,743137,415897,1990828,919013,536870912,681a160b98263e65d2838b58ec738f54333102f5bd32dcf5c0cd38d9fe8dc22f,2025-10-14 10:21:29+00:00,2025-10-01,ca95e508,1701ddb4,03e5050e2cfabe6d6d5a384fec212804a5e9a4bb103d9222887c91aecf610e1b2eea8386b14877cbdd10000000f09f909f092f4632506f6f6c2f640000000000000000000000000000000000000000000000000000000000000000000000050006632999,1790
0000000000000000000114f71ece60bda64b7f2671d678cf74fdf4d42fb4dddd,910970,432218,2207624,917699,536870912,7db408707e9efe0c7d4d37a1076e79bc874b0b671f5d2794a66db7751fbb86ed,2025-10-05 02:35:51+00:00,2025-10-01,784b4308,1701ddb4,03c3000e2cfabe6d6da82a6f0e5525786c3292ca70ebc1d123a81887dbf9ef328e541dd7c1507577e410000000f09f909f092f4632506f6f6c2f6500000000000000000000000000000000000000000000000000000000000000000000000500315e952a,1804
00000000000000000000f3b7aa7e65349f6d91a533db754b519f3781752d8d4f,1099413,504165,2611908,917608,536870912,21e85369cd0055723c5ad24e82dc1d349fc821aaf9e860bd7d50311e4892586e,2025-10-04 09:56:15+00:00,2025-10-01,837f48e6,1701ddb4,0368000e2cfabe6d6d13c0afffd65d70cb5402a4c14c51a1c511d9a830ae014df764e6e8fe341ceea410000000f09f909f092f4632506f6f6c2f6200000000000000000000000000000000000000000000000000000000000000000000000500e1480100,1860
00000000000000000001c6ea3ad423ea5be2e1c62c417c49dc285957ff468a6b,1321933,678215,3356578,917695,536870912,eeaf5a723cc2ca2f03d23620f05a1b491d6b244b9c90ad909ff95a4d62651758,2025-10-05 01:52:31+00:00,2025-10-01,82df7efd,1701ddb4,03bf000e2cfabe6d6d97916fb4b803fb74041c5a9e56b087348e813cfed8eaad12d529d11ae8f880b410000000f09f909f092f4632506f6f6c2f620000000000000000000000000000000000000000000000000000000000000000000000050028600a02,2626
000000000000000000015fb48d671035832d31e2644f4998203bf703f5f25793,1320893,684021,3372956,918426,536870912,019ee3cfae6520781c702dbed722b278f49a62b27c8740306e222f998707426a,2025-10-10 09:10:00+00:00,2025-10-01,50b30a,1701ddb4,039a030e2cfabe6d6d727881b235bceae52f9b7d47ef800e0e651424fcedfdf0c47ddd56aa411c472c10000000f09f909f092f4632506f6f6c2f6c0000000000000000000000000000000000000000000000000000000000000000000000050094d3dd97,2824
00000000000000000000b1ab5d77793deb148de6c1c3cd7af0199375eef68806,1388448,693959,3470325,918014,536870912,b358f6e55dd841f772a7862b3a243ac1152ec3598fd70b662bc94abe0c4eb388,2025-10-07 08:18:41+00:00,2025-10-01,22989378,1701ddb4,03fe010e2cfabe6d6d783451af8bb9fa1185a11228456b905bdc2bf3687ab64b1d0d63cc924ca830ef10000000f09f909f092f4632506f6f6c2f6b00000000000000000000000000000000000000000000000000000000000000000000000500ad040000,2642
00000000000000000001a11809c47c60fccaca3c386f417d2c3409cddb149114,1403165,691700,3478265,917984,536870912,7b0d75b9136dcf1457b1a5f021a9fdc4255f073c225e652a94da446d9efea632,2025-10-07 03:52:12+00:00,2025-10-01,177891d,1701ddb4,03e0010e192f5669614254432f4d696e656420627920636869613330302f2cfabe6d6da33a5e3ead4ed72a322c44421e824edc833ac05cff842460f612088ee117be881000000000000000103a762f0a4abe190eebdd17ad43080000,2322
0000000000000000000084c21a703607dfd20a34a3482c683020e705a47d94d4,1464280,722302,3631186,919058,536870912,bcea3987deeabab27e9068a01dd681937ec0a9294ca2408cfd3aef935e54c937,2025-10-14 16:26:51+00:00,2025-10-01,4e4a4311,1701ddb4,0312060e182f5669614254432f4d696e6564206279206161363531352f2cfabe6d6d6939bf9347d53036a07beaa424582db83e312fefa1f4a157aa4b6c8ee2d466b8100000000000000010433427039cef5d51d0309b07fb252e0000000000,3389
0000000000000000000183ac6560d5b5b653568f0ba147387e3e24f3644208c6,1508236,772661,3826219,917229,536870912,99da7c3317e0106add51236a61ea82be7447ea93c8c55da6907a96b29c7e7efb,2025-10-01 11:36:19+00:00,2025-10-01,440e1877,1701fa38,03edfe0d2cfabe6d6d97401bd1972b66c6ac9f8568f7e0b6b1487dbc67f6d96ff860d19112225878cd10000000f09f909f092f4632506f6f6c2f65000000000000000000000000000000000000000000000000000000000000000000000005006fa5a437,2973
00000000000000000000ded924e66cd2d2098c55b272dee2e65c34fb0d2bb06b,1653835,756294,3922717,918215,536870912,83455f47abe466ed217aa5205645edb50bbfd1050011255030d30a7da9b87ad0,2025-10-08 17:19:54+00:00,2025-10-01,7a2c9d73,1701ddb4,03c7020e2cfabe6d6d6a4ff1c8ec2b7e3cea8b498092841e632c258315b42735efbe84de30fe4bba2910000000f09f909f092f4632506f6f6c2f7300000000000000000000000000000000000000000000000000000000000000000000000500171dd200,3200
000000000000000000002b852523d4b587000ff7ffe290a99dc822d31fb2e733,1640134,779303,3978043,918153,536870912,93d8db2f9031ed7049bf0b486c01bc2519f395b22ed2646286624d2cee402e56,2025-10-08 08:46:51+00:00,2025-10-01,170a228b,1701ddb4,0389020e1e3c204f4345414e2e58595a203e0f4a75737420466f72204b727970746f0007159210428e905a0ef934b08cf1695f893a0000000000,3390
0000000000000000000088d43501b5306b5bccdee5ae28a42f3d55cbe4e47d59,1607896,794958,3992770,919186,536870912,92fde672b3f3c9a1a5c766869c8ef4619a5273cce019cfc9baaeb37680f49b97,2025-10-15 11:07:22+00:00,2025-10-01,fa40208,1701ddb4,0392060e04527fef68537069646572506f6f6c2f37382ff0e6970f60423663773d7f0100000000,3934
0000000000000000000031acf255c7ae3797f415a0e6ceb11c6d4abcfb5b85b4,1710209,760873,3992828,919164,536870912,020e9e0fe8ef70a5fb96d90491587e385f332ad00961879a44ee6faf234abbef,2025-10-15 08:40:52+00:00,2025-10-01,79f0020d,1701ddb4,037c060e04c45cef68537069646572506f6f6c2f37382fec7f77855f553108feb1050200000000,3458
000000000000000000005f11bf4ff0f0cb8457da09a6074b15df733e01080f38,1587869,801698,3992963,918757,536870912,24d6085b508d7ec5b994ecea557adbd84fb7634ee2311d74c4021eeac34b547b,2025-10-12 17:36:43+00:00,2025-10-01,25151e69,1701ddb4,03e5040e042be7eb682f466f756e6472792055534120506f6f6c202364726f70676f6c642ffabe6d6d4cc601698b22b6dc624df6fb927913d230458dfd5ff914aaaf9d63da5b7f020e010000000000000069830fb30000575c5ce70e00,5032
0000000000000000000020674495a982621d7a2dd446254823b82f2c4188385f,1619069,791324,3993041,917861,536870912,e050b4c72919b053ef5253f7a257b7b63fac48e16d52be289a53786f4ab61c35,2025-10-06 04:42:50+00:00,2025-10-01,48bd8441,1701ddb4,0365010e0f2f736c7573682fcb00e901cef2a36dfabe6d6dc9e6b8c1740746cde81c59fe090392a39192976e8cdcd07ff0258d0abd15cf3710000000000000000000c7554200935700000000,5520
00000000000000000000b0c1b2fdd7e913d351bdebb443795571cd9c10cd1a4d,1687974,768362,3993060,919054,536870912,5277f7d9972ee471e797a6aaf60de1795e4d59597dbf61e9cddb93fe07ddb99b,2025-10-14 16:04:52+00:00,2025-10-01,31207ae8,1701ddb4,030e060e1d506f7765726564206279204c75786f722054656368e5003807dabba118fabe6d6de5e6d6448d5847f40b146443e09ededa542efe192b4fb99750fb6adf4f483b1910000000000000000000be4200cf642600000000,3867
000000000000000000000410136605fb8206a79078442fbfc293fb9f39dc8e7b,1616642,792236,3993350,917434,536870912,993b82f293a7a6745b9342976cb3a127f1bfad68c9706035df53bb158abcbf9d,2025-10-02 23:27:32+00:00,2025-10-01,d15fcd2c,1701ddb4,03baff0d0f2f736c7573682f6500060454f4e0bcfabe6d6dbb1d3f8381bc591b9bc6135b55a91d730dfaeafea643d98da4a16a3cae90cfd110000000000000000000c2715800005ed4000000,3095
00000000000000000000ea0b8a76c6a3f3113b39e7e584ee11f447e626504876,1527615,821916,3993363,919253,536870912,26d1ef6252f5f8f756fb8f752ea64727673b40c1f58d18d07cb0d1a0fd50d96f,2025-10-15 23:34:27+00:00,2025-10-01,3ff02645,1701ddb4,03d5060e04832ff0682f466f756e6472792055534120506f6f6c202364726f70676f6c642ffabe6d6d961e2d269f9f0e2a1d06db99e16ad395a6274f29cac219b4d1f02a34caf24d6d0100000000000000510ced614c0e000000000000,3510
00000000000000000000e70146a5b4e99cbf2661fb6fd8d0aac03d6c065bba1c,1564181,809736,3993389,918936,536870912,0d32874dc3712b1f411b2470597adf924b0aea78dbc504c41b53663cad8ec54a,2025-10-13 22:58:30+00:00,2025-10-01,1cdc33f6,1701ddb4,0398050e0e627463636f6df900e0036ba61750fabe6d6d3e0c46a438f55e046e79f6c84c0e124aa343f2de2d31de470356fd9706218d911000000000000000fd6400005a6a000000000000,3701
0000000000000000000101f586ff3e525d5cbae152c4b310880b0fec3938bbd5,1587967,801817,3993418,917159,536870912,f3da7775749c58adbcf3736d0fc8a8a768e39d9d3c953c37784b3f913c0bd696,2025-10-01 01:30:09+00:00,2025-10-01,96a73f69,1701fa38,03a7fe0d042184dc682f466f756e6472792055534120506f6f6c202364726f70676f6c642ffabe6d6d23a03b1b5728eb64b1079bf0c576626a40547a6e56e3f20c0107b514bc06fdc701000000000000002515bf1200000d2f1f540000,4501
000000000000000000000ecfcd7e25a27613c85f754dd04aef55b22f59eccc49,1649372,781354,3993434,919286,536870912,1e4232369935a6e3ed06713da85933b0762f397f29d99fd1c176035a646c57bd,2025-10-16 04:20:19+00:00,2025-10-01,43d3efdc,1701ddb4,03f6060e1d506f7765726564206279204c75786f722054656368e5001007e4b8c3d8fabe6d6d0c5cbd7fbc907f71f41750134256c1290d6884d31edcee195cc3f6def56bee6910000000000000000000dcf2004d500000000000,6344
000000000000000000010319680de075a44e87c96deace442b8a60447f763e53,1553230,813408,3993454,917173,536870912,e94d0bec9e6dd21b925d73380f3fc3be508b29ef4e3d2702ccc839fec1170522,2025-10-01 03:44:48+00:00,2025-10-01,ab31969d,1701fa38,03b5fe0d142f756c74696d75732f3738336500dc01ab4509cdfabe6d6d43bbc42b223c97eb23c6869931a4a47f8b4e86abc5164dd498ef3b6ccfe6b9e81000000000000000523d0000f89f0f0000000000,5907
000000000000000000015fae6018b3553ffbed558c9170b1eb00d0b212088cfa,1654289,779773,3993608,917719,536870912,e52c6bf2e88e63466be75b3c336c3f5d33bb871c889bd0199f089cf900947472,2025-10-05 05:27:04+00:00,2025-10-01,9c8a9483,1701ddb4,03d7000e04c401e268537069646572506f6f6c2f343233372ffabe6d6d11c18d628f691d8bde387790216311a12c831398c50a1cd821d35185d59d46ba0800000022935a6ba2cfe4fb0d05e01309f7000000000000,5894
00000000000000000000ae036ad1e6b2aeb59e8a86c333bdf304b8df31e0a387,1165594,942674,3993616,918983,536870912,42b2c194f0a4987ee9a3beab1a6823a344596116ecd4f4d6ce7785554111090b,2025-10-14 06:38:30+00:00,2025-10-01,a7ae6cf6,1701ddb4,03c7050e04e4efed682f466f756e6472792055534120506f6f6c202364726f70676f6c642ffabe6d6da9fcd98ae7fe9c3d6e70d7a35c10416e9f6ca0da80c6d67f64d9c2728dbadeb801000000000000007cfd28ed892f000000000000,888
00000000000000000000b7b9425ecc828f8228659903f499f2e6bd4870f1d8ba,1609142,794833,3993641,917908,536870912,daa91ec29dcfdfc6a36ef7e4d4264d2095b2cb8e099f47080c2f6beb86ad174e,2025-10-06 12:34:24+00:00,2025-10-01,a707049d,1701ddb4,0394010e1062696e616e63652f6500120076b8c81afabe6d6d862f577e9014de954760e6b5166d695308c8a664dd4134a3b947595fa9a8853c100000000000000000005248b471330000000000,6244
00000000000000000001b5d8884919ac35693c1ce31f04d9e5f4294e539e082f,1488714,834976,3993642,917754,536870912,fc0680f529aa34739979c75081c443d87d594e0c9da504867bd5120894f04565,2025-10-05 11:49:08+00:00,2025-10-01,f00aeeef,1701ddb4,03fa000e04735ae268537069646572506f6f6c2f313536332ffabe6d6d283ab1e9646e5c396325a9f55dcab337c743602a4002098ee447b07a0824731a10000000a8b153a6b8e53bf181003c7c6f23190100000000,2432
000000000000000000008f202fb255184e14525f50f34c77b6033f44a76987a4,1641086,784189,3993653,918289,536870912,816872d9848d0089deea1cdf8a943706dfccbe26db1cb50aa2c73195ed9a4de6,2025-10-09 08:56:16+00:00,2025-10-01,9633665b,1701ddb4,0311030e1362696e616e63652f393935cb002a0032882d33fabe6d6d08a7393e0d5840d25e867207917d721e08bc170f4fe7b37f06626be25e15522d1000000000000000000096046b1f000000000000,6233
00000000000000000001aa2c21cd43155e4cdcd6f1d5c53ec4bb7aa935ba73ff,1542235,817148,3993679,918466,536870912,d9e20b419368d40950e5b53509a99f5583586e5305e1173cb7b9daa7d82aba6d,2025-10-10 16:21:15+00:00,2025-10-01,35939aa3,1701ddb4,03c2030e047b32e9682f466f756e6472792055534120506f6f6c202364726f70676f6c642ffabe6d6d54127087d95b2ea15c99baf3cecf057e7a8b08e1746799d954be2fd2f8cfde8601000000000000009896f110000009b3998a0000,3146
00000000000000000000d580d0381ab9d54ba67e48003d2d9b1c37281325b7fe,1609960,794579,3993697,919203,536870912,4be8754f00f0d1954b026225f3179df7753ab70a949517bee516bad5d45967b8,2025-10-15 14:46:13+00:00,2025-10-01,2b216176,1701ddb4,03a3060e142f756c74696d75732f37383765003d03c1966e93fabe6d6dc26f252c52766efbf7b455710def85910c4736ba7e18cd0417cc65b1f16540b910000000000000000000cec063580c0000000000,3794
0000000000000000000089c3bfc7a62564cdc7df299c6d76ac68fc15874a9e5f,1702573,763718,3993727,917509,536870912,4227dbb0c026edb624e1c0b46135d59d5f935a901d82ff63efab76a7172fe3c7,2025-10-03 13:50:13+00:00,2025-10-01,ee9d8830,1701ddb4,0305000e0495d4df682f466f756e6472792055534120506f6f6c202364726f70676f6c642ffabe6d6d3812b8f4f3e941c7d666e22931ca1580d5e52fed20d9fc413427d5f5fc1a75aa0100000000000000916e0c050000013d6be21900,4072
00000000000000000001792427470b7ceeb94bcdd054d4a41c4095e5915a5f1c,1613386,793458,3993760,918141,536870912,069a038fe00121eb21374f0f00c17b49a51f7372bc75e244f689bfbd8b09b26b,2025-10-08 07:23:04+00:00,2025-10-01,9c652e17,1701ddb4,037d020e046511e668537069646572506f6f6c2f3338302ffabe6d6d6d0a73c3e0609a87953a7d43cb631e878d403e55c5cedd53b24f36160a4a111308000000f7c6b0ff63f262991a02487fe538010000000000,3915
00000000000000000001b79ad0bd015ffe91167fcb49b61cac299def0fc88774,1640922,784283,3993771,918962,536870912,580f423e7d5c6238d831a2225737e78691ff083db248f5065fd980a8f2a09e78,2025-10-14 03:53:22+00:00,2025-10-01,fff8b49,1701ddb4,03b2050e0434c8ed68537069646572506f6f6c2f3132392ffabe6d6d18480ac943cede54eeaa75bccb7f3bf45977cd29d75fdb19045db9b0dfa395b8100000004969bf4b83978dfc7d03fe64ee11e30000000000,3175
000000000000000000008a5e08d3bba8bc2d5e2a8b249a6b895845f56b0506ea,1639226,784851,3993779,918269,536870912,b3300790b03f73cf033c44beb0d607292a5796451cf4879e91dfa45121a23b10,2025-10-09 06:31:43+00:00,2025-10-01,aeb324d8,1701ddb4,03fd020e1062696e616e63652f6500c003fec95538fabe6d6deede452c50c908d26c5f404707ee99b1a38c47ad86989d4fa37f5b968be29f1c10000000000000000000dc8340e80f0000000000,3849
00000000000000000000f1a58b06019d07e9cc542d7c1746035a3e638929162a,1740396,751128,3993780,918837,536870912,5e8829dfb29d041462fd089586194e3905268bf5733cb61c6f824a5909f1ed4e,2025-10-13 08:43:59+00:00,2025-10-01,aa516c63,1701ddb4,0335050e1e506f7765726564206279204c75786f722054656368e5000e053a132d3301fabe6d6d3618ab965f7c031b9b94110986910fda1c54b0535489ce9e06b20c8bd5e0197d10000000000000000000ad1900c3036200000000,4315
0000000000000000000098ba229cbd72a206ab04db07bd839cc921264f7d8a81,1827611,722060,3993791,918533,536870912,86d6971cb571b54ba98fa10fc3affe9f7a7064523b8b65bf4d54714610e6e8bf,2025-10-11 07:07:15+00:00,2025-10-01,8b5eaa71,1701ddb4,0305040e1d506f7765726564206279204c75786f722054656368e5001403117fecfdfabe6d6d6251abe510aa1612dca93462d2ffd251bfdb20228699cb92c028cb141e52d8791000000000000000000033ec00f5140000000000,4876
0000000000000000000006be3c08f8f8ce64f0a868734d979d72424a0a418c11,1614539,793085,3993794,919060,536870912,d9c309095527d2400c4d7310b3ca2b9a5637a1be224541eea6fbd4f7cf3e94a6,2025-10-14 17:02:07+00:00,2025-10-01,2cef4ce3,1701ddb4,0314060e1d506f7765726564206279204c75786f722054656368e5002201ef34faaffabe6d6d38acecfc949f718bd19214b37c5497344280f7db2dc8b340ecc0f93d3b7ed962100000000000000000005e5e008ab50000000000,3235
000000000000000000003b6f590cffab3095a2435af38d6e53ae764facf04bf3,1838836,718323,3993805,918480,536870912,630aa24d34f0b22a7ddbfd5cc6a1c325cb37c82584da3bca68d232e42cc86a7e,2025-10-10 19:29:29+00:00,2025-10-01,2bf6f4bd,1701ddb4,03d0030e082f5669614254432f2cfabe6d6df2b77114219090f3b70afb4c21033e336f2d02c8def83b35bd3013d0cb746ea8100000000000000010d69adc05dc00080aab1d40e193b0000000000000,3011
00000000000000000001bf7773e38cbd568145bd62fd435449ffe40912b76a50,1571724,807373,3993843,917250,536870912,05c0556094dfd41b5d83617b2525f6cfd604ea6fc45ebe575bd1bc0de72f9ce3,2025-10-01 15:37:35+00:00,2025-10-01,2b481306,1701fa38,0302ff0d194d696e656420627920416e74506f6f6c208e000604aa216946fabe6d6df6bdf90c399aa41f45ca864fd132745146423e4481295ad12f734862481842e2100000000000000051c30000201e000000000000,3740
000000000000000000017f3c3da85250f1141258780a384c20d007d13210fdbf,1584802,803016,3993850,918417,536870912,aa9b8c1c2defab0aece575722ea67697369f5546d54e0e89573bd9688c168df0,2025-10-10 07:58:52+00:00,2025-10-01,457cfb95,1701ddb4,0391030e1a4d696e656420627920416e74506f6f6c20cb00e10220f5b85501fabe6d6db3eb96ed9f3724cf8024ae9049c23ef836df40fc462b94b48664088fcb04488b1000000000000000000090ed341b000000000000,4143
000000000000000000002388381378607b8acd0572f27a576f3cce4b3c80e378,1799139,731579,3993876,918139,536870912,0e96fa5d17d054d56039956c9d1c2fa3fe03378cac866eaca14e3dd3bfb9b2ec,2025-10-08 07:04:21+00:00,2025-10-01,32031705,1701ddb4,037b020e1162696e616e63652fcb00730307866fd901fabe6d6d61a0d5d77d7a4680daa484b5dfceb3856a7087e08120d72bf8e5d884e4a9cf8310000000000000000000a62e4c30200100000000,2789
00000000000000000000e3158ae6c865745e8a2f5a7ccb489d388f767d859a8b,1690223,767886,3993881,917951,536870912,fd2a5207042c3a0ec8fdbb60abfbed1aee42a71030e2579f0620cf7152ecac55,2025-10-06 22:39:13+00:00,2025-10-01,ad3077d,1701ddb4,03bf010e04fc44e468537069646572506f6f6c2f3131312ffabe6d6d0291904fa871e02e7495c594c420e3a6d234d401a6aad28d78cc174f5f7c78d4100000004969bf4b3b06e4387f003af2ef4f300000000000,3265
000000000000000000017db1b0f5725afb177b314d707403fd6a5af2f3442553,1634003,786630,3993893,918966,536870912,53e2d22d2189f68ccc749dc24e88b79175dd93f8fa54da6cdc8333f5a4ed29fd,2025-10-14 03:58:27+00:00,2025-10-01,94b20183,1701ddb4,03b6050e20202020204d696e656420627920536563706f6f6c202020202f003904d6f186f3fabe6d6dd716599458e6712df870377fa0eec7a234b921d799a09f03da6961c404612cd710000000000000000000e39d1c21500000000000,4334
000000000000000000017ceaf9e0e9c10544edbf9fd130d8318f5065318c898d,1668693,775075,3993918,917660,536870912,c8097a247b5d89de649b0559401bf2d0104d52068bc0040b5e7176dca35ce810,2025-10-04 21:34:23+00:00,2025-10-01,ecceb9d1,1701ddb4,039c000e1062696e616e63652f6500700131785ba8fabe6d6da08dda53abf3825d039549849aa38dddec81a9ef5b51e6a2fed5dff1a5d5a65c1000000000000000000016bbfc5f830000000000,3152
00000000000000000000c37a978e5509885f9240a8c143e28ef9acbb7519ae33,1575559,806125,3993934,917833,536870912,38cde17a4d324f2961fd9df55b108afaec5261e457906ef9f4b2b2bd0131cda3,2025-10-05 23:28:08+00:00,2025-10-01,c7d0ab27,1701ddb4,0349010e194d696e656420627920416e74506f6f6c20cb002e005e67192afabe6d6df08c7d0f7aa90f73a127ca799109f8b667d870c81e2623b9a81a2979bb4e543e1000000000000000000095151b8c040000000000,6904
00000000000000000000b1f8f73a1d906804a8c755262feed2f1bd9481536b53,1706544,762464,3993936,917263,536870912,592cff5b32a4dc2ba2c3b15c1c97bbf83605ecdb2767214ba02f9137b0b918dd,2025-10-01 17:55:25+00:00,2025-10-01,a60e7a67,1701fa38,030fff0d172f5669614254432f4d696e6564206279206861756e742f2cfabe6d6d9a48a069e2c9b4be78d3a7e718b4e66c31774a15169e7e282dfb8533b91c92b410000000000000001012b671071e188f05b0bfe60ac02e130000000000,2259
000000000000000000012dfd351d22f77d63ac07d208e038f205b7f8a0735910,1605729,796076,3993957,917736,536870912,f605cd35a7ecb120739428572e8ea551c387521639817dc9fea06aee29ad86fa,2025-10-05 08:53:40+00:00,2025-10-01,abfbfce1,1701ddb4,03e8000e192f5669614254432f4d696e656420627920616c6a617a61662f2cfabe6d6d606363cf8fe61de0392d9a2b027c97e472bb544613edb284d0c8555c3f258092100000000000000010bd116d079bdc12cfe3a81de58b32000000000000,3813
000000000000000000010637662c0fc925058731bfc86bf1c16efabb4225e286,1694102,766627,3993983,917938,536870912,b0b0fb48a1c51be19eeb08fe5957d66af47439c39e9bfe9164e814473a9141f0,2025-10-06 18:05:45+00:00,2025-10-01,b0e6624c,1701ddb4,03b2010e1a2f5669614254432f4d696e656420627920616d6972303735372f2cfabe6d6db996a8c62676dcf12ad1f97f643b9ec2cf78134a7e15433e85a0dcdc09b35e4d100000000000000010b03414052dce05aa6e605a88285f1a0000000000,2610
000000000000000000009a165cede029ca08477f6dcc69928de224b4a7045832,1575966,806010,3993996,917642,536870912,e10bfc755f390e1bfc30646b1eb242bbf4ef413d143b99e9eb8de6724dd9b6df,2025-10-04 17:27:47+00:00,2025-10-01,517230b8,1701ddb4,038a000e1b2f5669614254432f4d696e6564206279206d6f6e6579353536362f2cfabe6d6db1a4c5623b682cad95bcb8ce07a9d9b7fa9a31ae30fb31796b91c8f84a13bec810000000000000001008df1a056b4223bac5ab305e3400000000000000,2646
000000000000000000010bb8bf9f59bb07bee042d3f3bdde935f4f75a9890a3d,1488743,835111,3994076,918781,536870912,19471d678355043c047eb33a43b3f29a1f94418470098f16c52bcefdfc102e5d,2025-10-12 23:00:57+00:00,2025-10-01,6489c27c,1701ddb4,03fd040e194d696e656420627920416e74506f6f6c20cb0086006990cd06fabe6d6df531c5fd28c27229eb3dd4bc947a4618a24c6da5e05215fc26368a38f2ec02a610000000000000000000939b260e010000000000,2439
00000000000000000001817acbff2b28ec79220503093b150ad7f9787b420315,1734658,753143,3994087,919196,536870912,a31561d11bc3030c70c4fffa0a2d3756da96f766ed525161afbfcde845e0b8a2,2025-10-15 12:53:06+00:00,2025-10-01,74033821,1701ddb4,039c060e194d696e656420627920416e74506f6f6c20440062049921f2dafabe6d6da43664240b1deab5325963d5cc339983aa27db84f6f918e74324e2e643e1c43610000000000000000000db065af0020000000000,2867
00000000000000000001167973820b62a31452b44ca61de3fea73a6913c42da9,1574219,807948,3998063,918047,536870912,9e0a033371a1368ebefda7a5beac487520c98ca89dd152d54c1849159c29521d,2025-10-07 14:08:40+00:00,2025-10-01,36e7162e,1701ddb4,031f020e2cfabe6d6dc26127d6085f5d7bee8c321ab64c327c58cddc782b823904373e7cab7660003610000000f09f909f092f4632506f6f6c2f67000000000000000000000000000000000000000000000000000000000000000000000005001c250100,1921
000000000000000000017f98e8a6a08a5f604ef4a214194b368bd184e1181494,1646375,783912,3998111,919296,536870912,8983a3f1cb14dee5363f30a14e8ccdae2cc77b1cc5a12fc6d6c2e3b9eeb39fcc,2025-10-16 06:05:46+00:00,2025-10-01,6d7acb31,1701eb21,0300070e2cfabe6d6d06f03b3e0b8b6d9cdf7aa41bc88402e07e7637fe08ef13e08a102f8aae56a33510000000f09f909f092f4632506f6f6c2f6200000000000000000000000000000000000000000000000000000000000000000000000500a81cb001,3463
00000000000000000000b4da6a0f116532162540b2fa97bde529122e6b589234,1811263,728967,3998164,918051,536870912,0c226ba39ed93949163593a866e965f1ea3ff6892a52c2bd2693f9079fcd658f,2025-10-07 14:54:27+00:00,2025-10-01,39f6023a,1701ddb4,0323020e2cfabe6d6dc42a256cde12c06ed5247f16781fb5f58c412dbbf6472b7644ee7731587d17b010000000f09f909f092f4632506f6f6c2f61000000000000000000000000000000000000000000000000000000000000000000000005009c554600,1508
0000000000000000000192b71cc33e9ffa4ddaf59215171213ef0c157ea3a822,1658961,779759,3998238,917945,536870912,72fea62e1cbad7d230235ecce205e7fcee68dd9c5588d2e47271839fadc09738,2025-10-06 20:25:03+00:00,2025-10-01,1a11018d,1701ddb4,03b9010e2cfabe6d6d775f2dd4f8742e8fe5a9b32e0f0aed93692f2902ecbec37f8ef455834712f8de10000000f09f909f092f4632506f6f6c2f6b000000000000000000000000000000000000000000000000000000000000000000000005005f710000,4231
00000000000000000000efce5778fe7a2f9d21209fce95a00216df5b840d164f,1530563,822590,3998333,918082,536870912,de826253d2974d43dc4318586b1f5987c3a47232d0b78ea47e3fa58a2442b903,2025-10-07 21:15:29+00:00,2025-10-01,3a6590d5,1701ddb4,0342020e2cfabe6d6ddea5bf81da2dd123eebd2268cfadd97b1ad4722b3a5964eb9879605d48e3db9e10000000f09f909f092f4632506f6f6c2f6c00000000000000000000000000000000000000000000000000000000000000000000000500cc3f0000,3133
00000000000000000000cde078cfc22a1e18126b69e539cce7d2d4f4397e8275,1595102,801083,3998351,918991,536870912,26deea867e9736b29efff76c2938123dfdee0d29de130e4efe5da8cf6c7ffecb,2025-10-14 07:42:24+00:00,2025-10-01,5e478043,1701ddb4,03cf050e2cfabe6d6d3a930cfd83fee8068d6f857ac287fd0ceac1c1bf2af141d3aeb022b22a61b7df10000000f09f909f092f4632506f6f6c2f73000000000000000000000000000000000000000000000000000000000000000000000005007410c311,3420
0000000000000000000060eddca091bf0f6113d2bdcb1615e4686c459cd18037,1641377,785659,3998354,917933,536870912,ecfb0bd60b38e6ce0e2a471def6f24ffbeb304858f66a3d4893323460df05c05,2025-10-06 17:42:39+00:00,2025-10-01,95d170b3,1701ddb4,03ad010e2cfabe6d6d06948954c602fcbf502bba8c5a0811e48bb5393e8c65dec2a241b6f2b9d6162110000000f09f909f092f4632506f6f6c2f67000000000000000000000000000000000000000000000000000000000000000000000005007e582501,3469
00000000000000000001688bfad39af3cca638ac11c3abf1c3e8f0e9a99b20dd,34537,19794,93919,917298,536903680,ee84f5ff8e41680f5948fd3bd05a977d2be41f9239dfeb288d91f09be08a0d51,2025-10-01 23:11:46+00:00,2025-10-01,9181b412,1701ddb4,0332ff0d2cfabe6d6d68e575b17ed787d2724eb6700aed889dd5f88b6bb81c2f017a72ae4c77c2e6eb10000000f09f909f092f4632506f6f6c2f6b0000000000000000000000000000000000000000000000000000000000000000000000050027660000,85
000000000000000000008e77c11aea63dbfa50283ab719c7a4629329ef64b722,277587,158441,752910,918636,536903680,508f21dde68ead4075018ab077a7394dd67c732a39edb923c2835a1daa46f1ed,2025-10-11 22:42:29+00:00,2025-10-01,aef46026,1701ddb4,036c040e1c2f5669614254432f4d696e6564206279206665726d6572323032322f2cfabe6d6d2a20e152f84b4de78dad0ff25c9ff6e6667699f9cec8cbbb99f0e2ed4579038e10000000000000001098b74306612e26901cbb24a27322020000000000,688
0000000000000000000198ce7d561485efc53cd3654ef99f7fe35fe182a1a7dd,928473,351169,1981980,918875,536903680,721987266fad278cc8cab91d8c44cdf37215ba67aa70410e901a1b512b355a5a,2025-10-13 13:55:54+00:00,2025-10-01,94832b36,1701ddb4,035b050e2cfabe6d6da7ff9c69088a7117fad41daf7e1a9ebf214d15ac32913167d03cdf0662d6971d10000000f09f909f092f4632506f6f6c2f6400000000000000000000000000000000000000000000000000000000000000000000000500980c701d,1619
00000000000000000000ec63f0baf76a947d749229c76d62af8c6a4571e967c0,1663840,776508,3993364,918451,536903680,373c0b11b4426dc6b57cdc25ffc438c381d4e1be8f1ccdde117b3f2f7393d12a,2025-10-10 13:31:38+00:00,2025-10-01,5557abb6,1701ddb4,03b3030e04b60ae9682f466f756e6472792055534120506f6f6c202364726f70676f6c642ffabe6d6d3abc8c56aa73d47917a83d114b33e737b4a0e84d75ab2d323fa250d573da5d9a01000000000000008332386a3c15000000000000,3704
00000000000000000000dd66c67ab75fe5c902920de0da4dd4eed52e19a00172,1644574,783008,3993598,918396,536903680,7845b4a6ca5ce215c79073268bc107b0b7da65fe409d05cfa77cb9159008febc,2025-10-10 04:25:05+00:00,2025-10-01,26f87d20,1701ddb4,037c030e194d696e656420627920416e74506f6f6c208e001206d467b3c0fabe6d6d825a851240de91f47b2542dd7cfbb54de5cb43b320821518e51be9536b73a5dc100000000000000015ca00007b10000000000000,5111
000000000000000000018cc3b67c0f7e157c1bff14919efd8e425ab94069005a,1536878,818915,3993623,918135,536903680,0fdf1a3d4ad1f64d3d063d67cea54e35998b39e355d688bb96554ec6cd98d0cb,2025-10-08 06:26:01+00:00,2025-10-01,8df11b2c,1701ddb4,0377020e1b4d696e6564206279204c75786f722054656368e500a807f9c1d605fabe6d6d2cf6aa192ecd9007987da3a31c6862942121245bd8f6564a5bf33a554e49b8b110000000000000000000c4450098190000000000,3317
00000000000000000000b3c79f83a56946e145c4ee5b4d922ff09d7b9dcdcf94,1877710,705314,3993652,918743,536903680,64fa53e4f2f292a4362a210e36b62ed2be33f16cf87c7a78e1c91dcffc66be7d,2025-10-12 15:18:33+00:00,2025-10-01,d09bdfb,1701ddb4,03d7040e1b4d696e6564206279204c75786f722054656368e500a807c41b3156fabe6d6db55057af14e3f3a5a4ff727a36e988243b365604981b27e143427905322a159410000000000000000000acfe00ad050000000000,2482
000000000000000000014a452b4e713729f692585b0f14cdfdbb696d4233a5c9,1646088,782555,3993753,917310,536903680,3b9b29dbaa9228d1858754548faef2c9c3bf270ee28ae158f42fc096734ba96f,2025-10-02 01:36:23+00:00,2025-10-01,80569c90,1701ddb4,033eff0d1c4d696e656420627920416e74506f6f6c3935399b001d0080545e1d01fabe6d6d0170d131e0f716ab36dd984f8f687d8a5d9734856e9a8260bd9121b55aeb2899100000000000000000003c18180c020000000000,3319
0000000000000000000142c5ae2c4e45a901ded161e45b7d67bd574e415a387f,1741288,750832,3993784,918569,536903680,456d4c8e278cf041f348741b4f406fa2b226b5489fe8213d0f8456c83ab450e7,2025-10-11 12:56:46+00:00,2025-10-01,eb6af3cf,1701ddb4,0329040e1b4d696e656420627920416e74506f6f6c3936358e0044068e8304f4fabe6d6d3d23266cf53bdacc5cc0b6601bf704f71eaec62150f9e48cfe25cb47df9320e11000000000000000000078d6efeb000000000000,4322
000000000000000000012dfabef2f21ba2626c6f9960cd41d8e723fd3f379b5c,1678469,771788,3993833,917632,536903680,a9fb549ffcde5f7db898f69d9b4a52a792797d7707c7918cffed459d75fc95d8,2025-10-04 15:17:21+00:00,2025-10-01,e80991a7,1701ddb4,0380000e049c3ae168537069646572506f6f6c2f313239392ffabe6d6d133d40a72b8bc9e2c5ecdcb244a0412ee2701e7e5bde9af0e2383de3c8c364300800000022935a6b39b4116a0e05140c9466010000000000,4287
000000000000000000015df3ef7693b5e2dbaa6afc1fc782f83031167dcd7d4c,1614079,793270,3993889,917551,536903680,8e76f35be520a028cf3ffb3c872464a61a9fd10a99c66f1a02254230139a1def,2025-10-03 23:00:40+00:00,2025-10-01,e02581f,1701ddb4,032f000e192f5669614254432f4d696e6564206279206d72626f6765792f2cfabe6d6d1e97e3d6a6798dac3499f852a142b3bedbe3a7ec3a1166ab6fefad37cb6ccd9f100000000000000010a5242d0a95847d901d65f2c286b11f00,4305
000000000000000000009ba5d9e065e48676d5dcb2acbf8a5addfc53c948458d,205822,89623,474691,918718,536928256,84ebb19f5bb68e293439980a26737f94f28f2dbd53720246f37fbba07fd9aa51,2025-10-12 10:20:21+00:00,2025-10-01,1dfbc56b,1701ddb4,03be040e1b2f5669614254432f4d696e65642062792070726f7370657269732f2cfabe6d6dd900ea1a3b5c67e6ae75e0b41b63454a02e330dc1c208e96a64fb05ba7f26eef1000000000000000107efabe0215e363f715beecfb8f16000000000000,482
00000000000000000000e70aa82466a6f0356ab23851dcf6d216555cc4fa28da,261192,107318,583146,918870,536928256,d7bb31979d8ea167f5a3f8e49ce8e95e844822376705ea1bf777d0c97baf16c9,2025-10-13 13:16:15+00:00,2025-10-01,65de6d85,1701ddb4,0356050e2cfabe6d6d95f7034a077ef718c3e597cdb09497f6259497cd4d6e909798175307ccf5690710000000f09f909f092f4632506f6f6c2f6700000000000000000000000000000000000000000000000000000000000000000000000500114e0000,397
0000000000000000000018315eae6dedfbe8c077071f2abbf5cfa9630a2eca57,337815,169060,844995,919104,536928256,e378d056d83c14c02aa27866ce187af97980cf32e1c2ba247d1cee79bc4b0f6d,2025-10-14 23:00:59+00:00,2025-10-01,afbc542c,1701ddb4,0340060e172f5669614254432f4d696e656420627920617a6135352f2cfabe6d6d573cd2b7341c2f87a627ac50f8024a1a52f95812b597925b10531b42b7b6bb8f1000000000000000107204960181c916d1d78ea114e363070000000000,689
00000000000000000000f93ef1e3ba49493ad2b39eb42f7316502d9fee094b9b,531000,256029,1299087,917825,536928256,c4d2fd619a51e4dfb7cf4d6078c45ee2c348567aa608f9b6470d13f880a014a0,2025-10-05 22:18:49+00:00,2025-10-01,a39a262d,1701ddb4,0341010e2cfabe6d6d45c6855bb4e2b29815f1f870fce530e6a55363becebe4f08961776fbb2dd996410000000f09f909f092f4632506f6f6c2f610000000000000000000000000000000000000000000000000000000000000000000000050056f53900,1015
0000000000000000000133f159e806a619d6e0c4cc8ae4ea31f7110558c4ac99,590704,289942,1460530,918721,536928256,4f2c8da27428c991061307d5bae588e89134fdc870d880c3782c572ff5f7bc81,2025-10-12 10:39:33+00:00,2025-10-01,77bec3e8,1701ddb4,03c1040e2cfabe6d6d31f1f21a0d50a5c14897010244e277d0e99c796cf7bfc03348ba2f64746fa71e10000000f09f909f092f4632506f6f6c2f7300000000000000000000000000000000000000000000000000000000000000000000000500c0060000,1438
000000000000000000010fa5bf8de1bff433e934e03ed671186592c8c3560f6e,670524,319282,1628370,918512,536928256,a3451954337d825f27cc9407c2f1b9c50f5dc789802327635d01507a905b9e26,2025-10-11 02:25:50+00:00,2025-10-01,4cade7ba,1701ddb4,03f0030e2cfabe6d6d32f4abc93a57428c3c1d65de1d5a70594deff280572bd7209936188a1f80f8ab10000000f09f909f092f4632506f6f6c2f6b000000000000000000000000000000000000000000000000000000000000000000000005009d1b0000,1392
00000000000000000001a11664b510e10fec08e8df96b068d6880106a2e1d18d,789927,353932,1851723,918834,536928256,91df66700d21b7207a9f8f31207ba4eaeb3d1bbc8ab56746ccab50856b60f5ff,2025-10-13 08:18:11+00:00,2025-10-01,3a42ec9d,1701ddb4,0332050e2cfabe6d6d376b1c4f3d4b793dfc98e6720c1fc7befdd716e6c0f6722dc28d70a5b71e53c010000000f09f909f092f4632506f6f6c2f6c00000000000000000000000000000000000000000000000000000000000000000000000500f7070000,1596
00000000000000000000f91692f15816af57aa599509f0f635fd97fe9ed689b6,791377,411267,2025178,917627,536928256,2020a37882f09fb5f22595400fdc1f30d30c0d006537ba3a7f5ca97375a433b1,2025-10-04 14:31:07+00:00,2025-10-01,172262be,1701ddb4,037b000e2cfabe6d6dabe1d90c3964aa5e94fc365e62551d2bf5afde9246e80433daa1e7eebad8cfa910000000f09f909f092f4632506f6f6c2f6c00000000000000000000000000000000000000000000000000000000000000000000000500804df503,1476
000000000000000000016cb5bc8e036eab4c1b3858118028746cc14dd2f90a63,844536,425047,2119677,917814,536928256,951a0579c70d7d8e04855f436f8f676cae3fb9d312238ba70dd4268412f8d354,2025-10-05 20:50:13+00:00,2025-10-01,a200091,1701ddb4,0336010e2cfabe6d6d564cbc7f7b5195f30921af6f95787a8d296516aee7b09ff734dc5acb17f686a710000000f09f909f092f4632506f6f6c2f64000000000000000000000000000000000000000000000000000000000000000000000005001862054d,1996
0000000000000000000179d6121aa675b14141ffebe679ed425d31e2b2a5777d,1191966,421847,2457507,918795,536928256,088211760477e4299f9c2ac160e8897e13db5a617f1cb4ae91f35f9fdf3b298a,2025-10-13 01:31:40+00:00,2025-10-01,791cd922,1701ddb4,030b050e2cfabe6d6d2de0295f5f82ad4abd21fd60a09b5fc156575bfc057f202e78787479ef4044f410000000f09f909f092f4632506f6f6c2f6400000000000000000000000000000000000000000000000000000000000000000000000500066a612f,1692
00000000000000000000bd22a67d5c1371bf11775e7c3d66f13e1e4a22aebd47,1381546,403956,2593414,917425,536928256,7fccb2cecbf36e33060ec2868f09630cc2810d21496e8a488a327347d09b86b2,2025-10-02 21:20:39+00:00,2025-10-01,780d36d8,1701ddb4,03b1ff0d2cfabe6d6d9b2d631d8535db2c937613575b25f36988db935903ee435566772f650702a08610000000f09f909f092f4632506f6f6c2f67000000000000000000000000000000000000000000000000000000000000000000000005003b370000,1230
0000000000000000000073d08b189a747ae0d2ac6536d17b1a181235c0f5464a,1284170,637515,3196715,917178,536928256,dc05703dbffa9410468383c4580b631520cf06d48ddf5418f88f1bc70fed6e3e,2025-10-01 04:55:29+00:00,2025-10-01,7797492d,1701fa38,03bafe0d182f5669614254432f4d696e6564206279207067323032352f2cfabe6d6deecb9dfea8af50650e61d465e31882601cda69ff7b543e15320e5a69bcf82fc7100000000000000010e2d9c20240bfde9875df0a6b298e000000000000,2347
0000000000000000000027fc282d464884d14c1519c8138f2543b19b6ef891f6,1583207,803196,3992795,919273,536928256,b8ca1b9be7d97f55f2d902e04c06e63bedf924e77d73713ee3e8cbd756527a2a,2025-10-16 02:57:57+00:00,2025-10-01,1567b936,1701ddb4,03e9060e04465ff068537069646572506f6f6c2f3436312f0a0290de5d560a167f57000000000000,6496
00000000000000000001a10dfde3a46fee586441cae518e71d95e468b1f420df,1696732,765442,3993058,918209,536928256,77083056a5534c1d9574ef2ae28d20697055b7beca730720a000beb3719c65e1,2025-10-08 16:17:08+00:00,2025-10-01,6a7cb69f,1701ddb4,03c1020e04268de668537069646572506f6f6c2f36332f81c3718f5f07ce3cb456cc0000000000,2497
000000000000000000008367f30a4a7174ba376d87578bac5fc4926f814dd18e,1733241,753308,3993165,919258,536928256,98b44be2e25ebe86cbac34f0b3026de66465d4dda65b1475e78fec174ada4f6c,2025-10-16 00:22:31+00:00,2025-10-01,ddc2da2e,1701ddb4,03da060e04673af068537069646572506f6f6c2f3232332f617a56da5b555dd4ae590f0000000000,4110
000000000000000000014d6f7327e4561ca97bbd62197e99ee1771b774121028,2016592,658931,3993385,918524,536928256,64280d68d727aa81bee262cfb56d1dcd6a375f15e2aacd32991b84e96c14f4da,2025-10-11 05:53:27+00:00,2025-10-01,58c2d54,1701ddb4,03fc030e04d3f0e9682f466f756e6472792055534120506f6f6c202364726f70676f6c642ffabe6d6d43cc081e65a3074a41f87e92bac951c8554552407385993d5749783f0c9152c60100000000000000762245d2000020b985020000,1951
00000000000000000000c4d9543471d90af0507d0dcd1e9ee72a8413d9d21eaa,1434956,852817,3993407,917895,536928256,2aeecc31fea1c94df387b3ace41c7d5934bf89907e2ba9c6a9d40e2bd7c40ea5,2025-10-06 10:42:18+00:00,2025-10-01,e77c71a4,1701ddb4,0387010e040a9de3682f466f756e6472792055534120506f6f6c202364726f70676f6c642ffabe6d6dae38293cbd014f0376ec381fcac1f78cd838531cfed06420e53cf268203748250100000000000000886a66705738010000000000,3184
000000000000000000014946d2081d02f449223c37cdc0ff7bc75144d14bd529,1811479,727316,3993427,917756,536928256,09bb3fc9d39669c938d823715189fe5dbf697f067b60e24945da986755ff5dd6,2025-10-05 11:50:34+00:00,2025-10-01,e3c8e6ca,1701ddb4,03fc000e048a5be2682f466f756e6472792055534120506f6f6c202364726f70676f6c642ffabe6d6db5118ef12f5a67c6e2d5c77709777a1e619db9f0592893e9c9e93897aa201dc6010000000000000093860bd5a76a000000000000,5257
0000000000000000000075579c1080d8e216a50e32ace534a978d1944ab084b2,1487260,835408,3993484,918767,536928256,c31e0b3d2853ac94a5fe4fad7caadd370fad2450f7bddcb3f49887f19b974e6b,2025-10-12 19:53:43+00:00,2025-10-01,5ac208fa,1701ddb4,03ef040e044707ec682f466f756e6472792055534120506f6f6c202364726f70676f6c642ffabe6d6d8e6775a42b75cff11e24872a5075fcc8c9a43863a99d10bcc9a8ec6ac2dea2bf010000000000000078c1013f0c69000000000000,2525
000000000000000000006d8548d2fdf831a689e22b8ae4ce711ba88bdfe31a52,1610151,794454,3993513,917234,536928256,08190bb08f40b5332bcccce16b8d4fb3f5152f8dcb262b5bba48d5484c4b09cf,2025-10-01 12:42:45+00:00,2025-10-01,c479e83,1701fa38,03f2fe0d04c221dd682f466f756e6472792055534120506f6f6c202364726f70676f6c642ffabe6d6de41f69c3171f84b57e6f7f012f65b535a7a500df14d06d5e9c952b83370569cf0100000000000000882ea2e0072e000000000000,3987
00000000000000000000524b3fa1f09fcfeeda1a238200f55d86ebd0954ed74d,1702543,763672,3993559,918877,536928256,d0da340c0d382c7cf99923d3ea8c21e80ee6b04f496a6e306962e6fa4d5c7ff9,2025-10-13 14:15:37+00:00,2025-10-01,beb98a34,1701ddb4,035d050e1d506f7765726564206279204c75786f722054656368e5009a06afa950c6fabe6d6d1546d50ba6c67191f6d29e521efc7c8f2312d50b4abdfc2c19e028612d6d73a91000000000000000000111e800502a0000000000,3971
000000000000000000013c409e291d1bb12273ed39e73aab43cdb3890bc5da34,1625196,789457,3993567,919182,536928256,2ee626a46523e7ca3fbaf2b313a9915c10707c397049b003672cc58ee003fedb,2025-10-15 10:32:27+00:00,2025-10-01,7b8c9a28,1701ddb4,038e060e044f78ef68537069646572506f6f6c2f383831382ffabe6d6d6ba0002f1d83d4cb010b0e54971eb0c28d7e0dd0b4a133e69e6b1b787230d18108000000e13017eb3df30bec230cf7a9dc9d000000000000,5788
0000000000000000000043f2532c9e5d09b80ff0483127e07dc8869b77bf3091,1641007,784190,3993577,918394,536928256,19c66fd774caf6cf32e67b392249611d4470d6416b5025cb6663eecf43f7416d,2025-10-10 04:15:29+00:00,2025-10-01,c982aa08,1701ddb4,037a030e1462696e616e63652f393935cb00b902d1138d9c01fabe6d6d13bd58dad45659b7990c35e0b8289bfba2e4a5874cd05c222ba53096101ddd55100000000000000026ae0000884a000000000000,3791
00000000000000000001b2f6f6bb8406adcf560f1c03992381684e71253afbf5,1933676,686643,3993605,918548,536928256,470ee25e19082e02683543f8678309959f7a8a04da31defce2baf22e05cefe5d,2025-10-11 08:24:55+00:00,2025-10-01,6c1f7edc,1701ddb4,0314040e046014ea68537069646572506f6f6c2f3631332ffabe6d6d56f91997a89b87a642af2b1a6032ac1413a2a1dd8673e78776e047f2f0552a24100000004969bf4bdf04c0927905e498a400000000000000,2513
00000000000000000000ed953b13a59de3083ac2ec847e4f2ac6fdf424a16337,1504372,829759,3993649,918582,536928256,e77fc25549ef9620afbc12661d4fbdf5f12faa1d01333bcbc2e241dedebfc269,2025-10-11 14:55:33+00:00,2025-10-01,9b355c30,1701ddb4,0336040e04e86fea68537069646572506f6f6c2f3631332ffabe6d6d63fc72505bee0bd2134ce2551cae4549c7d39f327c9cbe3dc48a502ee9235b4f100000004969bf4b56f0d39c7a09f1e45f6a000000000000,2907
0000000000000000000166f9c9aa6e07a5ff61282ab4a59bf25b346b064d5856,1883626,703347,3993667,917223,536928256,6224b005c18ea80c98d39667581aa92dac9a31a8124a0d65833e964da5dadcaf,2025-10-01 10:40:26+00:00,2025-10-01,4fa4de88,1701fa38,03e7fe0d1b4d696e656420627920416e74506f6f6c383433f90017013fdcf24ffabe6d6d056e1d390328e82ef01ca9a2594da85bcf5eb6911f9cf40a758f70fcb87de83710000000000000000000e8be2507000000000000,2950
000000000000000000013c1fe1c5e4ebfcfe40f883422a137b6f351418e05540,1760839,744282,3993685,917270,536928256,bd9765695bcd037a8104d9ef28780789c8b1d8ea98b81ba286d3a88308163474,2025-10-01 19:02:19+00:00,2025-10-01,90e1bd3c,1701fa38,0316ff0d04ca79dd68537069646572506f6f6c2f3135392ffabe6d6d4d30f0b93a303ecd35da940e30e5f98b4e6c2b58506d00bf941f36d68a8cd75f10000000a8b153a69dd788da7a11496880a7660000000000,4270
000000000000000000016d7b1d76cadd9947921184ba03ea0e4db276222bbf69,1472553,840388,3993717,917520,536928256,402c282b48ccc7e02a663c1cf29707cc39b81f251786a8deeb1f6c13cffa3a42,2025-10-03 16:12:34+00:00,2025-10-01,3923d1dd,1701ddb4,0310000e04fff5df68537069646572506f6f6c2f383838392ffabe6d6dc1977dfc02da662d1fbc2622a0f5b65e768fe405980aa517f730dcca368cb0820800000022935a6b945d55922a34391da0e7030000000000,3695
0000000000000000000116a9a07887fd071089f954a81b937be17b610cd7518e,1657381,778780,3993721,917577,536928256,01ef3e087bd3cb17ca67ddce226469a256a1413b5f129564ccd2160709e1e591,2025-10-04 04:23:12+00:00,2025-10-01,3e4e14be,1701ddb4,0349000e182f5669614254432f4d696e656420627920616d656274632f2cfabe6d6d8f377a39a1b386eadde6391b7d59d1a119a91ca158944ef79aaaf8e62d90246610000000000000001035d01605555cf83cc62f98682902000000000000,3382
000000000000000000014564267191d64ee9a261a5e285bce815eadf85fb057c,1601864,797287,3993725,918058,536928256,352ba73b63a518c21e71f3db33e43686dc674568a21ad393be18f282b20e3701,2025-10-07 16:10:01+00:00,2025-10-01,1d07210d,1701ddb4,032a020e194d696e656420627920416e74506f6f6c208e000d07c7a3bfa0fabe6d6df89110f27cfb245e4fe624278da7cdcf6922047fb6255132707ea71441559edb100000000000000000010f249e03000000000000,3791
00000000000000000000c52a0c8b810784cc0e53fb2a29cee940901111716277,1562185,810533,3993784,917274,536928256,0bd3c596834634e5d5ce86b4fef26e72ce9f10aa8afd9c3c8075a7047a24d8f9,2025-10-01 19:23:24+00:00,2025-10-01,a3d59ab1,1701fa38,031aff0d049c7fdd68537069646572506f6f6c2f3536392ffabe6d6dfdf1c8252c6b90b378f1dcab28dd25d0b52f8255025048ad1d5fd1e50902b0f508000000ded8aa2112aa7d9527345dc9a6bc760000000000,5267
00000000000000000000becb405cdf2361c60379f170152ac2b0be348152c2fb,1675103,772896,3993791,919015,536928256,0fc9447521df836ffbe5c55032f37fafe69c36c0eea3829b5212be36e4a667fb,2025-10-14 10:27:01+00:00,2025-10-01,e6f07f8b,1701ddb4,03e7050e1062696e616e63652f65004604612c4891fabe6d6d07e68a4d73dbf335c3e803cc10897bc956d40776681f42ab8b5c78c478c847ea10000000000000000000129cc936180000000000,5559
000000000000000000011b5f1db5b75619bdb5f5313149da45f73aa14d25de98,1628294,788514,3993836,918227,536928256,6140ba46318a7098b146e82bb84c0e10ce4bc01c3d1ea5529d8eb661e539e26f,2025-10-08 20:25:40+00:00,2025-10-01,8b2041e8,1701ddb4,03d3020e184d696e656420627920536563506f6f6c2f004c0426148a66fabe6d6d8d9e18b1e22b772ee82c2a6a5bb16fe39ee010d1f5390216ef858c48e430a21f10000000000000000000214ff037000000000000,3371
000000000000000000019e2e912e64a5159eb670ea2d17eb90fb500727973297,1723639,756741,3993862,917410,536928256,dcef262d256327d428f8b064aed9d732572b4d72c2b8b35c4b59a148a837615a,2025-10-02 19:43:14+00:00,2025-10-01,73e4d5fb,1701ddb4,03a2ff0d1c2f5669614254432f4d696e6564206279206d696e696e67726963682f2cfabe6d6d40fc97dbc7e29d78fb120e0303e0eb4cafba580c075663280777f1ec46694bc01000000000000000101c082c0a3069c5f4f632c8b992250000,3061
000000000000000000001427376066bd4b16cb7d88ad92b8fde842316c76eb05,1670489,774460,3993869,918235,536928256,e295d4f35898157565b54f6de6bda8a268f78bddf769ca40744f02ed04585e7e,2025-10-08 21:55:41+00:00,2025-10-01,2b81d6f8,1701ddb4,03db020e1462696e616e63652f313030396500d30346404a3ffabe6d6d2cd5c49e08ea1725cd2bf06e28601e0d84cb168f8e988e22ca7586e8d36f0e3810000000000000008dd200008268000000000000,3495
00000000000000000001d79d428b028f73a16c968751e51309c1ed3848b704a0,1663929,776654,3993891,917346,536928256,3807fd36c72feef24762e4e12588b5c910dd52006a614294af3ba0642d4f1160,2025-10-02 09:28:45+00:00,2025-10-01,54b13f5e,1701ddb4,0362ff0d1c4d696e656420627920416e74506f6f6c383035f9000201292f9bba01fabe6d6d76bd11be01c99ab4757e476d2fa21b58432fd3787aee177de0466abf02f8cafd10000000000000000000275a0507000000000000,3838
0000000000000000000141e65b62e244fe33abc17ac6d4c2df2a99a581b94e69,1709660,761411,3993893,917292,536928256,bf6089f427a73b84d3b1969680c96a13262973e00ddca90983b9bf316ff1cfcb,2025-10-01 22:53:41+00:00,2025-10-01,1784cf30,1701ddb4,032cff0d082f5669614254432f2cfabe6d6d481db5cb465fac57a730c52ea2fbc675dbce4386d404639ed736e348ccc262ca1000000000000000103494170515325e059755a9f56936940100000000,2968
00000000000000000001d0875a91d9105fce1cbe88455dc64652b637201cbc23,1969953,674649,3993900,918680,536928256,cec723133436d5a9c27a5fcf3be66c9647691eb77a9c3847b412deeb7e571120,2025-10-12 05:50:25+00:00,2025-10-01,b7b3f29c,1701ddb4,0398040e1362696e616e63652f383232f9015505f807cc6ffabe6d6d5ee6648f61d1b97300b556ba19fb4eeda9b434517c1d9bf8819e8c38a905f0901000000000000000000003119c6c140000000000,3373
00000000000000000000154f385f396a20f169db9c7b50189e9b87ac1ce2f884,1616617,792434,3993919,917375,536928256,3476756732e91fd97f7f3cf1e1fbd9e38ee31793512407a0be3b91c68f5d45a9,2025-10-02 12:53:14+00:00,2025-10-01,1964e088,1701ddb4,037fff0d1a2f5669614254432f4d696e6564206279206b616977656939362f2cfabe6d6d151b43fe4189bc2b40925f9e332d1d391566c4a0e0392c83ed9011e603edbb491000000000000000107cfbc20240bfde98766b8c513a39000000000000,3180
0000000000000000000090375b168c26ee1c9e5bda6b293d10f31edfc7e3de59,1492267,833888,3993931,917911,536928256,ccba5e9ea00bab50c28795923e1f2b2ff3757ff0169af6ca03e00c7424dbc844,2025-10-06 13:10:03+00:00,2025-10-01,fa54a9be,1701ddb4,0397010e1062696e616e63652fcb00590481fafc45fabe6d6d0f9bf882d11f519c7182f80bef9084b5f697a482433a0530e0d5473f0ca6e45b10000000000000000000691ee3e4970100000000,2913
00000000000000000000ebfd58a3c7f0f63759d26186c197cb416d1ef202f4db,1578266,805274,3994088,918150,536928256,e1751521c4b652797c1f5fadc30524204bf617de08cf5096d3fea77a72b9a827,2025-10-08 08:19:58+00:00,2025-10-01,231492d4,1701ddb4,0386020e184d696e656420627920536563506f6f6c2f00180522918bc9fabe6d6d5f2ce50375f968c8109f1366645a04e3b0d0deb4e43edf7c4d056c7f35ef583210000000000000000000297655a0400000000000,3472
000000000000000000001c2ba4e89821a358dfca925e01cca563cf4c2ff85a8a,1790757,735758,3998031,918747,536928256,325a7bb5c6df530786aed4e710a8a6be5865e5722ac1f00d58158fad46d46839,2025-10-12 16:15:43+00:00,2025-10-01,4fc9e33d,1701ddb4,03db040e2cfabe6d6d0313b543bfc1a72ae7ed7ccde57d0fcdad3d4b394a4b192f67ec15414ee49c1210000000f09f909f0c2f6632706f6f6c2e6b7a2f630000000000000000000000000000000000000000000000000000000000000000050002420000,2126
00000000000000000001392560f2c080d27ec2b6ab6d7be85cdc466868c9a3c1,1588155,803366,3998253,917559,536928256,23b10533c024ea49b72d401bf8cdf2df98c7d5aab465201df8987641e17f273a,2025-10-04 01:30:41+00:00,2025-10-01,116fb260,1701ddb4,0337000e2cfabe6d6dc4cab68800404027b76d08775ea191cea266e1e7b872395f22881c07348bcdf810000000f09f909f092f4632506f6f6c2f6c00000000000000000000000000000000000000000000000000000000000000000000000500976d0000,3488
0000000000000000000065cd0e295589ed6781336c1cf83e422200d33c1e919d,1535871,820813,3998310,917540,536928256,e27950d5708481b0c15aefa02f4678e26e48bb8e41101d0110beb9ab42e1194e,2025-10-03 21:03:52+00:00,2025-10-01,84d40763,1701ddb4,0324000e2cfabe6d6d3cfeb68b424dd7db803ed24a1043a61567fbfbafb2a4c954cbaaee98908a435b10000000f09f909f092f4632506f6f6c2f6500000000000000000000000000000000000000000000000000000000000000000000000500047b9546,3199
00000000000000000000b8b75d76896a409ef6a39e1efa5901efc833e5f530f1,121245,59696,300333,918616,536936448,9956f716da342f049f3502983ee16781de3340a73968a4bf2013dfaf966e6adc,2025-10-11 20:19:05+00:00,2025-10-01,6a12b580,1701ddb4,0358040e163c204f4345414e2e58595a203e0f50656e6775696e000713921047ee905f,263
0000000000000000000171825608d295a0220d2dcb566365612fa48e0debef90,246779,119902,606485,918948,536936448,ba3f5fcc5be11825466c91981f4f9be2d0ce18c7cf3086e6dbf0a521acb66fd0,2025-10-14 01:09:40+00:00,2025-10-01,11bb318c,1701ddb4,03a4050e2cfabe6d6d43bfd22089b95253e9946223ea9204975b672980e9c5ae16b057c24afd91d97a10000000f09f909f092f4632506f6f6c2f64000000000000000000000000000000000000000000000000000000000000000000000005000b66f309,561
000000000000000000002c299e9ad9a35becab0a32df5c9786b8d7ae931fd9ea,349332,158981,826275,918302,536936448,4d67ae5044554b678df698f14d14a4401abcfb449f3c4f316667ed0a56057f52,2025-10-09 11:41:33+00:00,2025-10-01,b88fef,1701ddb4,031e030e1c2f5669614254432f4d696e656420627920667265656c616e6465722f2cfabe6d6dc3925570e8984ca8df2d75c6336b23825f418988111bab0f99998aecfca19b301000000000000000109779b004861ed3256797f967ff17000000000000,664
00000000000000000001563dfacbc14c052d38d5e842813d9921aa129ce71399,1661743,758622,3937609,917492,536936448,144690fbc980f8984fc152c6478eedeaf81aadcd1a8616d03a5239f7d9b474e3,2025-10-03 10:56:41+00:00,2025-10-01,147ad0ad,1701ddb4,03f4ff0d2cfabe6d6dea4a5eaf8b970d546d886e939ab4aa94f09cd93d457747d2ae274bd45dac559d10000000f09f909f092f4632506f6f6c2f6b0000000000000000000000000000000000000000000000000000000000000000000000050049090000,3004
000000000000000000013e1b39a104bd2e34d3ac88d40a5845be4543d32ca330,1640137,784233,3992836,917852,536936448,e4e1890f8ec4c44379cee0f719134d8f8a3179e58a441b7783c9bc38e835aa5a,2025-10-06 02:36:27+00:00,2025-10-01,814a325e,1701ddb4,035c010e496e6e6f706f6c69732e746563687fc4e34e95530200,3232
000000000000000000011f191d2c4f3aa8bf2a2db71ba41c6087aec16ad1cc93,1587513,801950,3993363,917388,536936448,21640a31fdd10020eeee5a9a5ebcee1c2e31d698fde09a0b1df0c38de4e02c7e,2025-10-02 15:08:36+00:00,2025-10-01,40caa570,1701ddb4,038cff0d046a95de682f466f756e6472792055534120506f6f6c202364726f70676f6c642ffabe6d6d66ce6b95df9be68f62b035848ff6b8808165069ba42e019b9d7024eec7a8ff7201000000000000009565e3bb0716000000000000,2833
000000000000000000005f99987014406efb27b8897a6d01c7eccb6df8e81cc2,1548951,814809,3993378,918899,536936448,bd33c46779443bd2a7b60abf5822fc88eab5d4a885b67765673507e898193ace,2025-10-13 18:00:24+00:00,2025-10-01,1cbb2ae1,1701ddb4,0373050e04383eed682f466f756e6472792055534120506f6f6c202364726f70676f6c642ffabe6d6d56cb559dc2a3c9a9801b56cc9976480eb8c97e331a4bffaa98b7f0ee391cdad3010000000000000069e9deab0643130000000000,3053
00000000000000000000f285df279037645a688d313d209d174738daf05380bb,1520263,824410,3993493,918030,536936448,4998f5879cdade5601abe7da02f2fb1e54f30fa6c9959f34a2a38cca0162b09d,2025-10-07 10:50:36+00:00,2025-10-01,fe5f839,1701ddb4,030e020e047bf0e4682f466f756e6472792055534120506f6f6c202364726f70676f6c642ffabe6d6dce07191052733dc7abaec105e468074d1dfbad70af8c6382ddfedf0605da845501000000000000009a09be0ceb0a000000000000,4664
000000000000000000010da5aa90886ff739a507514bd406c57dec3a21eb3ef3,2341711,550617,3993562,917743,536936448,a7039a45dca2ff7d03a6519b95de4fad2738ae1a0d8e545abe4844645e542502,2025-10-05 09:49:09+00:00,2025-10-01,f0b55bbf,1701ddb4,03ef000e184d696e656420627920536563506f6f6c2f001805398269ccfabe6d6d0c585f286a87e35291f0ae7fcec9b8c6de459c24ede65f435717d2e63e4c21ab1000000000000000ff5f0000c6ca010000000000,2379
00000000000000000001c01a938a832473eeae22e18bd2f8b60f70051d43ff06,1616341,792423,3993610,918056,536936448,d051d91cef355d53cd02e2b431d99bef669dc40b287c9e789eeb397bdd8f55bd,2025-10-07 15:45:38+00:00,2025-10-01,3499a942,1701ddb4,0328020e0e627463636f6df9010d07bee2ed51fabe6d6d8be6c7f74f54f90becc94533276d491a3750b73404ef78f12a224da9efbba4c7100000000000000000001bbf8f31001f01440000,3624
00000000000000000000976d159a9846b81cf6694849afb1eacbdb7b3ee89cc5,1628851,788272,3993667,918356,536936448,1fae6aee264ce208abb2eeeb8a07a2709e3587be919484a313367572c985f00d,2025-10-09 21:58:41+00:00,2025-10-01,93d99f20,1701ddb4,0354030e040730e8682f466f756e6472792055534120506f6f6c202364726f70676f6c642ffabe6d6d47889d02013f7a295f6996b1ba87707400a73e5df28882c396f1af65ac0220990100000000000000577f73794404000000000000,4343
00000000000000000000b8a286c7648f56c93b06c946f729460d5e6e3184f38d,1538458,818435,3993763,918282,536936448,efe40e03653e9a9874055213e971ad52fc4f48a04436e7e88f89f47c46289afc,2025-10-09 07:42:00+00:00,2025-10-01,f44256eb,1701ddb4,030a030e046567e768537069646572506f6f6c2f3934342ffabe6d6d8d67519a1e4db809b1cd42f1fa39358f21ee941ba93bb6a9bc2f540782fa0a7008000000e13017ebad6e05432d10b143087f010000000000,4218
00000000000000000001c5e45270066a31f660fb278ff80b0fd579d0f46dc300,1618022,791919,3993779,918591,536936448,cd41e07c4c9de3c18fa9d362b8c585825217e10400bdd54d976efad63718d8fb,2025-10-11 16:26:33+00:00,2025-10-01,37996668,1701ddb4,033f040e1a4d696e656420627920416e74506f6f6c2044000800d988952301fabe6d6d2d3b9951d431c9daebaa78307ed1a53f6c7640df6b7b27397cb69a2afc7c426a10000000000000000000a014ca7b010000000000,3750
00000000000000000001763a1dbcac657e1893ab517affd333a8fd0bc51a310a,1779467,738128,3993851,917805,536936448,77afdbb5aaf2f65ae0e896e5eb9cabb2eaa59428cc19cb4ff49951d3d69c4cd0,2025-10-05 19:41:17+00:00,2025-10-01,3797693a,1701ddb4,032d010e194d696e656420627920416e74506f6f6c208e001b030d44dd5cfabe6d6d14ee03b3136b49e1e8d39ec6b392927cc959e6ce55767f05237bcb8428c069ff10000000000000000000f52df0a0000000000000,4973
000000000000000000004dc6f2af7eff242dd2e19e7446aafd8b7ff62defa1ce,1626763,790513,3998302,918258,536936448,8610721c816f0a2e4506eba64cf2388cf6381ea93c9e374980ac3e3d9777a84a,2025-10-09 04:07:22+00:00,2025-10-01,865e9dca,1701ddb4,03f2020e2cfabe6d6d2f4169d972fa3e2ed5384674239296e982b1ddf7da86d71bdf9ab2b418d5b5b710000000f09f909f092f4632506f6f6c2f6b00000000000000000000000000000000000000000000000000000000000000000000000500c2b10000,3424
00000000000000000000f5e10144c45fdf15bd2af42837c90b245605501728c0,884150,428952,2171006,919116,537092096,ae63c30b266225889092408e941121a0cc58d4745870eff6b5e7a36e235b0196,2025-10-15 00:51:00+00:00,2025-10-01,94f8ce06,1701ddb4,034c060e2cfabe6d6d0e694b942331730f84e8f79a702e2cce29e8eb6af8c820a28eb574cdbc3451cc10000000f09f909f092f4632506f6f6c2f650000000000000000000000000000000000000000000000000000000000000000000000050016ec0510,1747
0000000000000000000057add47de9d8d8e1cdd6e3ec8827fcf41c6bdd090cf9,1063189,526210,2641819,918623,537092096,72ca1fce37ff4f53779699c9b92422024075bab5cad35ee8a79411978c2a3ecc,2025-10-11 21:20:53+00:00,2025-10-01,1a3fc589,1701ddb4,035f040e2cfabe6d6dade4519fa9cdf14de5ca344d0ed7a56c4a6638b4c8253c0a7c177b0b148ca5df10000000f09f909f092f4632506f6f6c2f64000000000000000000000000000000000000000000000000000000000000000000000005000fef97de,2106
00000000000000000000553d859c47465696ceb6950c6099c80b99d388617ece,1735360,752617,3993211,919045,537092096,b06e99d2c8e585f2b47445edd6d823dd99aaa9ec0bd716c6059624ba00769333,2025-10-14 14:35:07+00:00,2025-10-01,516b515e,1701ddb4,0305060e049b5fee682f466f756e6472792055534120506f6f6c202364726f70676f6c642ffabe6d6dafccac52beb053a9fb3b4ffcf35911b5733303aa642bf0ce2fea77849c3ba45201000000000000008617d11450be000000000000,3338
00000000000000000000ebaa4f5486daf6058f9a36c90ef1f530492dff2a6a2d,1623873,789910,3993603,918977,537092096,f910fe94b3c52846d1f580b5281753a043758947475db5ecc3379f810b9ff7c7,2025-10-14 05:45:35+00:00,2025-10-01,9881c219,1701ddb4,03c1050e049ce3ed68537069646572506f6f6c2f383838392ffabe6d6d1df923d45e1f8522651ff3c5ea84132b88717ec5edf5ca758aa2f73641362a5408000000e13017eb082678710a127d6e0660030000000000,3518
000000000000000000014b9bcf8c7011fbbeeb066836aef09cd51c81acf1fc10,1576622,805670,3993632,918088,537092096,52fea7371d9ed2f61752f71df64f5ee97eed737e9c8bf4654426ed65dd962dda,2025-10-07 22:17:49+00:00,2025-10-01,2da13b13,1701ddb4,0348020e194d696e656420627920416e74506f6f6c20f9007a014b38c1bdfabe6d6db856a9f34a399671db6eae31ddbcdcf828a6cbaf375bcf8b00df98025a9c5d6b100000000000000000003275ddde000000000000,3558
00000000000000000001d7bd451215e9f3a878e37baee95d77180b438602f14a,1631746,787326,3993724,918436,537092096,3ba69b67d57cb171784add75e0f1c797a7953c310068d363d0ef27b63c7bd340,2025-10-10 11:22:17+00:00,2025-10-01,ef24e50c,1701ddb4,03a4030e115768697465506f6f6ccb003c0369bc0a0cfabe6d6d47ca2122d9cec454cce6341c2038656521a6d0cafa940a615408bf96c1dcc86210000000000000000000c9342227010000000000,4231
00000000000000000001863bf591d6e3f07bfe5d5e1aaf7c87b3b2da7c43dc37,1634035,786565,3993730,917444,537092096,242cd43924bad7475e5751caab79352a1764e9fe2a5af5952aa84d108d8da704,2025-10-03 01:39:13+00:00,2025-10-01,9560d020,1701ddb4,03c4ff0d044129df682f466f756e6472792055534120506f6f6c202364726f70676f6c642ffabe6d6dbdb980327c0d586dd29d4f67e313bc2d3d33060a9392c35957622d6a6363a50401000000000000006923f79f5227000000000000,2893
000000000000000000010665098a5ddd313555144df0d0dba1cd28b2d7c178a7,1696288,765825,3993763,917970,537092096,b61725734108053a12aa6287e9a4071fb7461e5d436c0ed82c22d624754b2d2c,2025-10-07 01:35:58+00:00,2025-10-01,18921e8b,1701ddb4,03d2010e04996ee468537069646572506f6f6c2f36362ffabe6d6db5322ead739fca71b30957b85e8b7798fa7de643a5dc04cade2a68fe45ee8b6008000000f7c6b0ff58f49df31902427628e3010000000000,2958
0000000000000000000184021887f7becf4c2522a51b4e6bad6f9e0b1288edea,1657611,778738,3993825,917853,537092096,624baefb7586bd089140e1793dda58c10fef699dafc18e9d0566237910d73c85,2025-10-06 02:53:08+00:00,2025-10-01,b688fb8a,1701ddb4,035d010e194d696e656420627920416e74506f6f6c208e001907a7b6b280fabe6d6dd3a09426b1cffc84fdc4ca78cb817b7d9fbdb88fd960ef058276132c841cb0de1000000000000000f08500005a1e020000000000,3140
000000000000000000004136578683ab73435b50740aaf05bf683d3bc2e6c9b7,1604178,796608,3994002,917994,537092096,a8e7ad6a4601a5cb68af2390904377d4c301fd37a88c8891ec92a5ccda52c6c7,2025-10-07 04:55:32+00:00,2025-10-01,c256e917,1701ddb4,03ea010e1a4d696e656420627920416e74506f6f6c20cb015903d6789fb201fabe6d6d1981f2f4d804ba5b30711212410968c06c550fb6bba91ce5dd5b6e9b44353ad1100000000000000000003f9ae00c000000000000,6674
00000000000000000001c685a2f41994f6e772dcab8d4187e51cb9d05399662d,1558784,811755,3994049,917266,537092096,c93e419a69451ca2c7c476ee1786c45ee743b86b85eebe4c5458d2c1af2edcb1,2025-10-01 18:31:26+00:00,2025-10-01,6355f0dd,1701fa38,0312ff0d1c4d696e656420627920416e74506f6f6c393630cb016400e85b288601fabe6d6d247af466a7e0ce8baea5f61fc8e6d796817d8ab5edf3312001929966131ad1f31000000000000000000060f443ff000000000000,3419
0000000000000000000111944224752fc334256f6642ece51db2de5a6ffd2a7a,1654645,779822,3994111,918353,537092096,00802bf0838d5894b036f2e749ebeb86d56309789e91b856d07fe79975a4d897,2025-10-09 20:44:51+00:00,2025-10-01,4e68077a,1701ddb4,0351030e1b4d696e656420627920416e74506f6f6c383036f900a7002ff0ede3fabe6d6db2e036fd8229e94db4ebce37fed243d341cc8f0a9581c50724556d11090077ea10000000000000000000b81972c4020000000000,4281
0000000000000000000101249d9b27bc6156b27f80c1d7cc68052ad3fe2afff6,1388031,667101,3389334,917221,537133056,46881a7620a332554a8ed979ed605aa43bdc4f64fa9cb25ec51279b1a20981dd,2025-10-01 10:36:06+00:00,2025-10-01,157831e,1701fa38,03e5fe0d2cfabe6d6db17bf1f211a9dc8805ae84c6452c704de3953e85f3b75656537b455c068a94a910000000f09f909f092f4632506f6f6c2f6700000000000000000000000000000000000000000000000000000000000000000000000500098d0000,2839
000000000000000000015ddd4f0379bd57776591b358ffc2f0e678251a779496,1670266,774351,3993319,917591,537133056,6027adce42d9bee004942301b8c3c6871f604b301206d9d137511cff44208802,2025-10-04 06:19:10+00:00,2025-10-01,15b5ec64,1701ddb4,0357000e0456bce0682f466f756e6472792055534120506f6f6c202364726f70676f6c642ffabe6d6d1a8e1ea32a5250387bb18c0b65e826e5f94d9a47a19f345c762ea8affa115bb501000000000000007e988a80bb04000000000000,4043
00000000000000000001bbadac83274a01d7fe79ec1ada32ea4ea7c35fd77648,1852693,713587,3993454,918434,537133056,795ae38e6e234978137129bf0df183f9528a02768870648a845393465114b9f3,2025-10-10 10:59:51+00:00,2025-10-01,94f01ea9,1701ddb4,03a2030e0427e7e8682f466f756e6472792055534120506f6f6c202364726f70676f6c642ffabe6d6db88aadd5662d4872ac917095db41063992b8739cbd99ff08fa23ca884494596801000000000000008a61b8c6de3a000000000000,5168
000000000000000000019bc03d2ddd9f7284d7f7d6ff542fdbf9a67473fe9bfa,1744635,749618,3993489,919086,537133056,d7b9c0f2b23a0a7d8068af96d3c4f981ac719bf5b22e4c7bb5ae0057bbad4f57,2025-10-14 20:27:56+00:00,2025-10-01,5f995c17,1701ddb4,032e060e044ab2ee682f466f756e6472792055534120506f6f6c202364726f70676f6c642ffabe6d6ddcf234962812346e953cde4384c59263cda0714f5b8dd609d8dcb854e348b44e01000000000000006a106cc1d22c000000000000,2795
00000000000000000000280f11382f4cf712ab72782c0c968b82eeb76384e2b1,1800486,731032,3993582,917800,537133056,ec6dfc4023499afee6af07fa249c634465f4f838f351ddb33058f69168c3a057,2025-10-05 19:09:55+00:00,2025-10-01,34bb1c7a,1701ddb4,0328010e047bc2e2682f466f756e6472792055534120506f6f6c202364726f70676f6c642ffabe6d6d3117d82c4552062fdbfbe9b3ee62c43b10e66d0e88924f76316b270e776fd5ff010000000000000076a487fc822c000000000000,4432
000000000000000000014474e6ecd811dafc0e68679481a032beecf7007f63e9,1613897,793252,3993653,918738,537133056,54b29e69f5d74e2a22403ce921590ee16e36b150b42f0e4b636a1a0a8bbcb1f5,2025-10-12 14:31:40+00:00,2025-10-01,48ebb351,1701ddb4,03d2040e04bdbbeb682f466f756e6472792055534120506f6f6c202364726f70676f6c642ffabe6d6d95b37de0b15e93b60b3eea1f09061bed14d269142258524aa3a3e7b23d915e60010000000000000072c9956600000b25641a0000,3418
00000000000000000000e4e3b634ec7d1cb2b11af54b0193b2f56fa22dd83228,1639272,784855,3993837,918484,537133056,145e4ac646c4c1e836531695ee6d12856b73a20f7254f440ccb0ad66040bdd34,2025-10-10 20:41:02+00:00,2025-10-01,d47f7dcc,1701ddb4,03d4030e3642323a203078373833633366303033663137326336416335414337303032313861333537643244363645653261327d000307318eebeefabe6d6db615ac0b880eb4f8b5b7182e5085884de4cbd1fa000084869d0a010000000000,4029
00000000000000000001a644a84c038c2831f0cbd01a6b2bcd4e3ffaea15651b,1643583,783441,3993906,917858,537133056,60e2b6e0c63dfe68a64fcb6f378bb86df38239716b7cd7b920e3aa5f5a4861f0,2025-10-06 04:20:52+00:00,2025-10-01,821cc7eb,1701ddb4,0362010e1b4d696e656420627920416e74506f6f6c3936358e001d07c716212efabe6d6db1b2c6d7d1003a1e77de7d7a539f987c5ee06aa22bb3bac2428b6a04b315a0c210000000000000000000b7ea72ca020000000000,3149
00000000000000000001c7926544a3f97f7310dedae31f96127a76333964e0c7,1559144,811606,3993962,918896,537133056,a330119d19cc1ade933161f9f783adddb34d88c8fc102a55c175101a3a4b22bf,2025-10-13 17:35:42+00:00,2025-10-01,53ce7470,1701ddb4,0370050e048038ed68537069646572506f6f6c2f3837342ffabe6d6d947fe2bfc273df4ae211833bd5e6b145d9d22c06731e12314b01798317e51cb308000000e13017eb30598062121bc4916252000000000000,3932
000000000000000000010fda108540ad57168c0721448b129b46162166045af0,2224901,589690,3993971,918372,537133056,07fa4a52058f2e50bbda1a9d7f0e1d5272f054fd80d81b2a43e1166414e6aa44,2025-10-10 01:01:11+00:00,2025-10-01,eef3d613,1701ddb4,0364030e194d696e656420627920416e74506f6f6c20f90031008b9cff29fabe6d6d3443d8f6e0da2f1c3541a30a7db5043413d5fe71a7d56e646af429a78a7f12e810000000000000000000df920d77520000000000,5803
0000000000000000000170ab199551051b44f72051a433977da8601e517851e0,1773797,740098,3994091,918935,537133056,6dacd6125b8e644657e74b0720b0445ec8406e2570eeb62f3204079d96007e40,2025-10-13 22:47:57+00:00,2025-10-01,b10978c,1701ddb4,0397050e1b4d696e656420627920416e74506f6f6c383239f9000f0267e6ee47fabe6d6d579057a79c8468afaee780e183ec49ceb639b5b835217e268ee8b9e1b72d210410000000000000000000c8af03fcdc0000000000,4392
00000000000000000001c8875375520475cbd2809f97b6111e88cbce7d773fa3,1566117,810731,3998310,918425,537133056,7eb5bfc5e9127976d987d92e82cfa6e0c3c888dd1043c15eaea1277a9910b09e,2025-10-10 09:03:40+00:00,2025-10-01,6221a53d,1701ddb4,0399030e2cfabe6d6d92e086d9f44d156b764ca9e7a6741f50e0a1147da763821f91ac41cf0b9ab66610000000f09f909f092f4632506f6f6c2f6b0000000000000000000000000000000000000000000000000000000000000000000000050070000000,3190
00000000000000000000841cdf91c4ce1a7ac98240c0daa2555af2f7b2b20ab5,955842,548682,2601888,917864,537919488,4c1af0ae241a8977024a5a8fb31a873ac75124f46d068497965387472a1021d4,2025-10-06 05:18:38+00:00,2025-10-01,37829ed8,1701ddb4,0368010e2cfabe6d6dece94ab7bf24d5bcaf266dadf82d4b7d1df6900c6c337208e349b8978bcae44210000000f09f909f092f4632506f6f6c2f6b0000000000000000000000000000000000000000000000000000000000000000000000050038b75b35,1408
00000000000000000000f5090c086ac396588e437b5541881169734bb3c549fe,1128440,691575,3203165,919126,537919488,638ce5a3d7c8795722c8aa4c8b16f63389353708d02c1a91ff226c276e672850,2025-10-15 03:00:47+00:00,2025-10-01,3edd014b,1701ddb4,0356060e173c204f4345414e2e58595a203e0f4e6963654861736800071f9210439e90540e10e2b10cf00d19e238e23ba11100,1918
000000000000000000007db3850d1c334723b1c5c5210cc79f3badf22e38c31e,1640146,783906,3991864,918714,537919488,23512620d32172dea2ade88577cbda971f0552b910b6f2703e89bc78815d079d,2025-10-12 09:10:23+00:00,2025-10-01,768883aa,1701ddb4,03ba040e047570eb683a2f2f31356434663534372d363263332d343031322d613363312d64306437353538373439613800103d4bd529000000000000,5792
0000000000000000000074b70d4c6fb95bf079b820f737c80b25b57d803ebecf,1779240,737826,3992718,919248,537919488,fd92a81bed48013d3becbe1544031fd97b27b1fc6a8f9e27d2a5cef200aae642,2025-10-15 22:25:22+00:00,2025-10-01,41e3b00e,1701ddb4,03d0060e04461ff0683a2f2f65393635666638662d623235642d346535332d393432392d633662666566656663336362001227051c5f000000000000,5241
00000000000000000001bcfafddba51fcf2ce07f38df91e416281eaf8027023b,1598555,798351,3993608,918467,537919488,29f558e6b088f138e8e0f1c6279ae5a72396718cb49578b5fb4c9f1d60c59cd2,2025-10-10 16:34:37+00:00,2025-10-01,33c0e63e,1701ddb4,03c3030e1b4d696e6564206279204c75786f722054656368e5006206d959af2efabe6d6dd9456d0a1dd04e0b15e1a2775ad7dac5d334aa5881395f7615a2f2cc1ecc67f51000000000000000000007480053170000000000,3604
00000000000000000001b6cd40d69b0317106ceee459d995f04f4eaf6efdf054,1663872,776589,3993639,917950,537919488,85b7e4450f9ee8c0bfcf81629a8e07a3242cdd36673991639007cdf4134166a4,2025-10-06 22:37:40+00:00,2025-10-01,49af721,1701ddb4,03be010e04af44e4682f466f756e6472792055534120506f6f6c202364726f70676f6c642ffabe6d6d7468fcaa34a44f5bb2943f20bed76e0e5c53b7eca768a55f58fac0a69e290756010000000000000098fbd92400001fcf0d190000,4180
00000000000000000000b93c8939a24be8d079097cdfd5ed8499b5baac8fe5c6,1331592,887411,3993825,918771,537919488,bb290d5c3c027d846e51208a3abda54871669dd271fcc2e2ce8354c3b5e3153f,2025-10-12 20:37:02+00:00,2025-10-01,39d2da1f,1701ddb4,03f3040e1b2f5669614254432f4d696e656420627920616c657876656c65732f2cfabe6d6d25f0e1e12f943e617e58820ad5af45099f70b329edf1d78bd3d861deec53ed20100000000000000010d9ce7905d28062c28d56a025af1a000000000000,2163
000000000000000000019fe3ff120a2848a037843fb390b5d86c16ec4d155cfe,1624203,791312,3998139,918080,537919488,b7a30ecf3e2d56bf90b11e379f6d61fb12cb82bfc0394f75c9593da0cc7cc854,2025-10-07 20:59:22+00:00,2025-10-01,30b67404,1701ddb4,0340020e2cfabe6d6d0e12f4ed048ae465eb7f537b2e525f14c55c0f8220b4e0318432a5bd071a730910000000f09f909f092f4632506f6f6c2f65000000000000000000000000000000000000000000000000000000000000000000000005001d643438,3795
0000000000000000000102e321283a75cb3186d9a31133f8cbe1eb181246c7c5,1582490,805242,3998216,918551,537919488,04d2f01fe63aed8eb805ebe2699a4898b9a50bce0570c1390bc21e083932b8f7,2025-10-11 09:36:17+00:00,2025-10-01,40b3aaa2,1701ddb4,0317040e2cfabe6d6d23a5ae7a90f861dff8c794433fd8876ccb5f6f513608b56f289c72e920d0664710000000f09f909f092f4632506f6f6c2f6b0000000000000000000000000000000000000000000000000000000000000000000000050095320000,3800
000000000000000000003279e180deac58905ee017b9721f1105e6aea4aa145d,1619556,792893,3998235,918293,537919488,4f9684cc3f1aee126976c33b8dca4bae5c01bf186863dc2efba976a0cd026e4a,2025-10-09 09:51:08+00:00,2025-10-01,6a54a427,1701ddb4,0315030e2cfabe6d6d432c0a002ff5e7e1650e7a81b9a52e14537e9b43d3340cec81a7b00caaf9ef1010000000f09f909f092f4632506f6f6c2f61000000000000000000000000000000000000000000000000000000000000000008000000000000a0aa,3719
000000000000000000001e6bcd4b710bb2e5dc08ff8592645daa0dda9cd6df39,150003,78701,386106,918212,545259520,97e6580a4d98d90db8133678c2fcd1bfe1b904fcdf6404584debc7f12357fe23,2025-10-08 16:37:29+00:00,2025-10-01,b98f6f76,1701ddb4,03c4020e1a2f5669614254432f4d696e65642062792062756d65723437302f2cfabe6d6d81fac10adeb88ab3e5aadda9ae091d167bea527b7bbf6388add27221dfb9d8b51000000000000000109965df05c38f66e388d9df1ac0ee080000000000,469
00000000000000000001aef8cfb4d1de580ccbdeb6616bcf2c6c720b9571df3a,1577350,805176,3992878,917676,545259520,b0b2668202d3d21e9f68281354195be356ed5682f9492637013be9e6e562ca45,2025-10-04 22:55:51+00:00,2025-10-01,4cb3b560,1701ddb4,03ac000e040ba6e168537069646572506f6f6c2f36392fa89aa1c0659593ba15ba000000000000,5382
00000000000000000000e8ce143ca48d06c7a185ba2cffa46f44cb0e2bc73fff,1548625,814997,3993616,918578,545259520,eaab51ad16a7e2c26e10ac14e7f6302bfa34619c6bd8f365c6be1794f0e9254c,2025-10-11 14:37:49+00:00,2025-10-01,e8042171,1701ddb4,0332040e04bd6bea682f466f756e6472792055534120506f6f6c202364726f70676f6c642ffabe6d6d6abfaf11f1e3ed3318dd6d24ad333706f6cf0bc3c930cd0dfe275d6318d8c4100100000000000000986cbccc00001ac663068f00,3778
000000000000000000000431e6287a68ec006c9001886d532f47d12b402a1468,1601787,797277,3993618,918216,545259520,21889101dac3ce7224205c6e33dbb0b27f7c190c2dc99b654884357afccfaa99,2025-10-08 17:22:01+00:00,2025-10-01,60130e2a,1701ddb4,03c8020e04be9de668537069646572506f6f6c2f3134352ffabe6d6d6021ee1c0940d5a9bd73aeb305e0a695926e98bd99657a8709bd928d315f4a9d100000004969bf4b0b262445850db731af052c0000000000,3748
0000000000000000000037cbbc986437bf82f874ce10c9435c5260e89e8e5bde,1688979,768225,3993654,918557,545259520,01a2730e71d6d6878ccb9ec47eba4d91b8d9dfdbef8c7fe2f14075bd26bf3ba5,2025-10-11 10:45:51+00:00,2025-10-01,933c228f,1701ddb4,031d040e045f35ea682f466f756e6472792055534120506f6f6c202364726f70676f6c642ffabe6d6ddc864f9e5446499b1a14be81beda01712c3a0d4eaa49a2d5c9162a872bb1506801000000000000004f5c2814b46f010000000000,4939
0000000000000000000192b828018fde7b664d126fc1a77c6b093cf2ccbf35f9,1688397,768482,3993843,917617,545259520,1abebb1487779272ad6989e436546b71fe2aee208e91df34a78fa0683d45676c,2025-10-04 12:37:43+00:00,2025-10-01,e7189269,1701ddb4,0371000e184d696e656420627920536563506f6f6c2f00640572cec590fabe6d6dc02e891c1f3b27a5a0725521e4cabe7b1b1e7a980b90e7297840a9753c9f146210000000000000000000cb3bdef3110000000000,2618
000000000000000000019b3f0e457a9e6848f5b2e5614a4875b4055887b0664a,1768103,741939,3993920,918964,545259520,45f2d21b54ec35a697ac18d5c3db9129acf1db0ca569369cce8b668279ba2e23,2025-10-14 03:50:39+00:00,2025-10-01,f22c673c,1701ddb4,03b4050e1d4d696e656420627920416e74506f6f6c31303233f9003f00d428103701fabe6d6df343e591a0ef6daf5dcae06404dc7fd80e8582bcf7e810048f2575e8ee4e0c6f10000000000000000000a4a72633000000000000,4725
0000000000000000000160a0e61f4c0108c34d3487fc1c88558fd517e5a36525,1678733,771736,3993941,918606,545259520,e45c4935e6d5e4406c7581eeb81286e6ed42240aa080a8d50f22e3251d1884fb,2025-10-11 18:43:48+00:00,2025-10-01,3156b844,1701ddb4,034e040e0478a5ea68537069646572506f6f6c2f383838392ffabe6d6d0a2dfbaed075f1288236270e7bee3e0dc581728203861d8c7a0a732b62d6e89108000000e13017ebef81afe50204f8a32c4dff0100000000,3311
00000000000000000001196eea4b21d31ff396c0460c5800ec16629719892cb0,1497324,832236,3994032,918488,545259520,cabd6152620c09306a7a50c3ed8908fe658fe58f064f7b6ceda678a2c2b822e9,2025-10-10 22:26:42+00:00,2025-10-01,1f367990,1701ddb4,03d8030e1b4d696e656420627920416e74506f6f6c393037f9008502575a2f05fabe6d6d0db2bdbe1e2c083b927e4d17606aaa79daac1fc928ad57fa5bf1c141e422c450100000000000000000001ff5dbc3020000000000,3233
0000000000000000000075b9e8d065ab510d0f68251d817398ffb24ef70d9f74,1724889,757775,3998214,917807,545259520,c7c1ef6eef464eda3709c6a794e0a71c569a41ce8a3999871efec9514e867bbe,2025-10-05 20:08:01+00:00,2025-10-01,81e6dc1a,1701ddb4,032f010e2cfabe6d6d100a0cb7ff5cd38c5a9857bf1d24dbca6e7f547bb0431083400d401029066bcd10000000f09f909f092f4632506f6f6c2f620000000000000000000000000000000000000000000000000000000000000000000000050092625f00,2857
0000000000000000000133d4ea4938d772ae84d13c0c3f4ec1c698a70972508e,1642826,785157,3998297,917457,545259520,d3e9b27e6d4ba0afa8ab5387ee7ac64b6f9136791376e70cd2c979985d7b7266,2025-10-03 04:16:27+00:00,2025-10-01,efc3b10e,1701ddb4,03d1ff0d2cfabe6d6d443f5b21b8adbdfd7bd9a42f8321f5023e379962903744ac43e5ebbfdc1d67ee10000000f09f909f092f4632506f6f6c2f670000000000000000000000000000000000000000000000000000000000000000000000050041420200,2747
0000000000000000000111d2e67b6f9c4b705554c44286e2baae297c9eeef14d,46738,26700,126838,917802,570425344,3b4507cf7a9be3e61756ffa6faac3a34c8f9cc660d1fe0db6f1ccd73dc89bae6,2025-10-05 19:10:47+00:00,2025-10-01,1dec239f,1701ddb4,032a010e1a3c204f4345414e2e58595a203e0f5065616b204d696e696e670007179210463e935d0ea9fcb18cf2d703de0a0000000000,147
00000000000000000000946be7dc3e1777cbc51a6831b9677b04ce13580e0dd2,438933,214680,1082973,917780,570425344,839a0b4684b776fd808e6961303506dcb438e7429b7456a2b03d56a3fe4ae499,2025-10-05 16:09:23+00:00,2025-10-01,311e7e8f,1701ddb4,0314010e172f5669614254432f4d696e65642062792078747439302f2cfabe6d6df40762c31a01c526eb6bcb4c61343a07c4f088fe1fe468a06998f5433ba93c49100000000000000010a019430673f357002f267da61378090000000000,920
000000000000000000000cb807e3a8a1dc441d1cb5e50029098c0a342d35bb9d,552747,261339,1336764,918177,570425344,163a3dbb128041bafa02a3a55ba111337019696e80e4abae280ba0244f8384ea,2025-10-08 11:19:48+00:00,2025-10-01,c200a0ac,1701ddb4,03a1020e2cfabe6d6da7d65775cdb090ac784ae7742414f4545bf2b666e90b4fd14611276601ff177710000000f09f909f092f4632506f6f6c2f65000000000000000000000000000000000000000000000000000000000000000000000005001e387857,1294
00000000000000000000c1225707d7a327d6140a83260f0168c448da652e9275,934509,425245,2210244,919113,570425344,62af4d923d74904cb51a1f36bce84374d96e772555b351e2a3d5b1d55e4915be,2025-10-15 00:19:51+00:00,2025-10-01,29d7775d,1701ddb4,0349060e2cfabe6d6d6657ed892b6f116a8a2251ccb1b6e4810a3451a2ba30b0c6907d43d539a1cb5e10000000f09f909f092f4632506f6f6c2f6c0000000000000000000000000000000000000000000000000000000000000000000000050031588a8b,1977
000000000000000000018d4ec6b3aa76f054d25da2dadff8343f32dee3276042,1384375,652195,3340960,917973,570425344,ff5cab21c4edc7d35acca825592d3c5c03125b35e108522c95c52f2746651da9,2025-10-07 02:24:30+00:00,2025-10-01,26a2c14a,1701ddb4,03d5010e1b2f5669614254432f4d696e6564206279206d68736e72313236352f2cfabe6d6db2a6a441b324ffd19430bf505aa0453981be6ff400b418c6171720df6f984d6a1000000000000000102b3ded03d864dbcd0112cad75097390000000000,2459
00000000000000000000e2062751f5d9951a30752f448637a62d1cd841219474,1307336,804116,3719684,918387,570425344,2a07e65ac299cdce6271e60aed32d382c44d301a8a400dcbdd5808b82ba59bf6,2025-10-10 02:57:52+00:00,2025-10-01,ca0b7fa9,1701ddb4,0373030e1a3c204f4345414e2e58595a203e0f5065616b204d696e696e67000713921045ce905d0eb5e3b18cf2da894d040000000000,2230
000000000000000000008b52f89910ef4aab20eb4f0288e467fcf6228e114046,1623912,789800,3993312,919135,570425344,cbfbd037d83d510657874a34f1ef2217c61512a281d076be3bedce8a8e891947,2025-10-15 04:34:50+00:00,2025-10-01,822b1412,1701ddb4,035f060e046a24ef682f466f756e6472792055534120506f6f6c202364726f70676f6c642ffabe6d6db08285a3ff741912db561e4d9cdcba48606ab046d8ddcbe803a56f477df583560100000000000000711aba7044000000a7b77a01,3271
000000000000000000009d4e359befad4005ad8161648cfadb71cb697a2ae122,1588568,801628,3993452,918797,570425344,7041a161724113ac84eed8460d0715db9856e3af2bb303fb753a79be9a662696,2025-10-13 02:35:37+00:00,2025-10-01,9cd214b7,1701ddb4,030d050e1d506f7765726564206279204c75786f722054656368e5008a03b6563120fabe6d6d39a834aa4eac35bb501800673102ba9c50f61b04e2d31014b08d32f16035d9ab10000000000000000000f5cc007e629a00000000,3553
000000000000000000015f60d259085de87da41a90ede43370c231f37a15be45,1679170,771450,3993520,917351,570425344,467cac4fa0b0b02681ccbafc6354fa4233b19a74fdeabe79ba34bdfe3de94760,2025-10-02 10:20:38+00:00,2025-10-01,5e928347,1701ddb4,0367ff0d04f651de682f466f756e6472792055534120506f6f6c202364726f70676f6c642ffabe6d6dbc0d9b1680a771b9f796559a6e76092d2d44303a85a48d213b59b1019b8bd8fc0100000000000000421246e5000000f8449e0000,2371
0000000000000000000080d63ebbb32b1c4b2781219c32d37f7369ec1e917ea6,1666831,775569,3993538,918998,570425344,fab86c08b4e7cce4e24c1f54a030643f5d3af5defe7570bbd983c7b6a236de12,2025-10-14 08:39:02+00:00,2025-10-01,a9a96dfc,1701ddb4,03d6050e142f756c74696d75732f37383365000a003b4a773efabe6d6d1241cf957a49cdb04248a207d07104f46b178f86304d7b18e485e7fd0b02cb1610000000000000000000f01b6fa8000000000000,5292
000000000000000000008a6ef7b0549ba6e569c0d290cbc0c570f2430366e85c,1641072,784158,3993546,919294,570425344,f959d7a7e506680fb230f2ba89afbfe17d919e1790bd242666033cb3c9666751,2025-10-16 05:23:22+00:00,2025-10-01,8cefb536,1701ddb4,03fe060e044a81f0682f466f756e6472792055534120506f6f6c202364726f70676f6c642ffabe6d6d56c9edb0641c886a299333377b6e343432219e067854ed1edcb17d4bcc49ce5201000000000000007497604f00001c28e02b0000,4017
00000000000000000000821864976002a03ee331d357717afe262bdfbab0a40e,1778985,738195,3993570,918310,570425344,082c8356179c03367f310311daa231644b58032adc8cf88cd5ad9d1150acf3aa,2025-10-09 12:17:19+00:00,2025-10-01,b8e14d84,1701ddb4,0326030e194d696e656420627920536563506f6f6c2f0018057a6ef44101fabe6d6d015fff88cb91e23d026ed6f94e68b464ba8b57b8c1636f4167c3b615d1afd0851000000000000000fc74000066fc000000000000,2827
00000000000000000000b7b2036dbc6484e00b901099583252b0b154287059ad,1603198,796811,3993631,918022,570425344,5bbb04b2d13dd5196aeea8a1df4fac9c3e87b1b3b9294ebeecc1970fc5ac689c,2025-10-07 09:57:33+00:00,2025-10-01,99db5fff,1701ddb4,0306020e040de4e4682f466f756e6472792055534120506f6f6c202364726f70676f6c642ffabe6d6d796a62b99a7d96efde25152f78689e9e74cfbfeb0a569caa201672d9b39ef081010000000000000058126bd90c000000fe5b0000,3487
00000000000000000001572acf8bbf935be65f6f66eb2b7d8c1e7bd8816361a4,1651507,780733,3993706,917623,570425344,402ecc8e1dcbc4e7891d438e560c85e2acb937e0e77eb6d1464bbe9d3a7b300e,2025-10-04 13:45:11+00:00,2025-10-01,d6d35038,1701ddb4,0377000e04e724e1682f466f756e6472792055534120506f6f6c202364726f70676f6c642ffabe6d6d671a1c790ae1d2f976668b02574ebafc5247ecad4191522e1bb34745bb17d5870100000000000000696e7a0600004a56b84e1900,3286
0000000000000000000199db06a0438fa3f9262cdeebbcc3f7cdfd6c54c2ff92,1736465,752417,3993716,917734,570425344,c630e28c8bd23f7aae5527a6402da8e9abd5a8c9af8be957d69b9665c4d5c5f4,2025-10-05 08:11:44+00:00,2025-10-01,e30ea372,1701ddb4,03e6000e044028e2682f466f756e6472792055534120506f6f6c202364726f70676f6c642ffabe6d6d9b68c989f1f23747795aa28a3dcacfab2d57ccdb948a68c0ac5d8dce98f3770501000000000000008aa2b2fe1f6e4c0000000000,3055
000000000000000000016981f1cd9a3d845410fed6b1a9edc6edaa2ae2927d92,1473152,840263,3993941,918637,570425344,a5447607be65309c4ff172a9d6b1efcb2d66266dbd3fe93733459f9c42c08d31,2025-10-11 23:04:37+00:00,2025-10-01,8f4c44b,1701ddb4,036d040e192f5669614254432f4d696e6564206279206d7261313938372f2cfabe6d6df4c65aa0c7f7f79183791a13c832c4f5f67563c7fc8bbdc1ee72b31d14f3673e100000000000000010efb70c07ee0f8e41c488f0183c41430000000000,3420
00000000000000000001b03526e347c54388a1ba6e15fad161279d8a51f4ba1b,1483978,836680,3994018,917496,570425344,74715b72a885558d478f09a3250f565897ee9051ec1180ee2b0d9e9732c10d02,2025-10-03 11:27:30+00:00,2025-10-01,8e6c90af,1701ddb4,03f8ff0d20202020204d696e656420627920536563706f6f6c202020202f005f0356b67411fabe6d6dcb1bed1bcf47f934bf82c9f803b8b87578ed9e064b712eccc43f2b5ba9d0eb411000000000000000000014135827000000000000,2859
00000000000000000000a37a0caa9836b4a49d84c8f31502b6b281653b2a186c,1679452,772953,3998311,918019,570425344,97d9b14fbbeb50aa11a31eee11d379aea43b55f2e1e80009956c3adff794eeed,2025-10-07 09:22:04+00:00,2025-10-01,2ed334c3,1701ddb4,0303020e2cfabe6d6d1dbc2074719b29300d8170b8aa46b744770426006accede5897ad620278a3cfd10000000f09f909f092f4632506f6f6c2f6500000000000000000000000000000000000000000000000000000000000000000000000500e7888d1b,3125
00000000000000000000622f20cb2388edb1c2ebcf7eaca02605379331d3dfd3,17263,9153,44722,919279,603979776,5c2e8a24e64d1ac43fa102a158bf6548d9abb8b49ea662ed840d04b22a591fd9,2025-10-16 03:22:12+00:00,2025-10-01,57eb56a2,1701ddb4,03ef060e1a3c204f4345414e2e58595a203e0f5065616b204d696e696e67000713921043ce90520e8b06b18cf117fe12050000000000,41
00000000000000000000c1c9156b3c61b69ef60f10e504216379e715119a9b1f,281484,133780,682824,918164,603979776,c2e81d73c6ef3e996fdac2c6e54f6eae32825dd68a1ab50fcecee6c51405ce25,2025-10-08 09:44:20+00:00,2025-10-01,a8cd7a34,1701ddb4,0394020e123c204f4345414e2e58595a203e0f536f56000711921044fe90540e8e60b00cf25e0968080000000000,608
00000000000000000000016e73401a1cdb786b82bfc8473f9ac6edde0eb4e671,246311,169094,753593,917667,603979776,1da69b07ed42d8553813d2c5de9b64b9c81895aade732f65b9449494021a8875,2025-10-04 22:16:34+00:00,2025-10-01,b2cf3695,1701ddb4,03a3000e082f5669614254432f2cfabe6d6dc096f3c7ead4d0edfc59087c1f6ecd114866e4f00aabd72fad53b882786ec78c100000000000000010683d920a05b1f14a4195f39e03c10400,475
000000000000000000009ae0c1876a5b8ef675a44f19a3f952d27d789c2216e4,364731,146155,803196,918274,603979776,a5f301e432c932edf999212eb1b5bd479a0a12428370917d6232a7d69251cf9e,2025-10-09 07:01:29+00:00,2025-10-01,742ec84f,1701ddb4,0302030e122f5669614254432f5472757374706f6f6c2f2cfabe6d6d7fc4a2036460b6bcac6f808a4be52395d0c09f888188fc1c7fe231c41f28c6b310000000000000001093746e07f48ee5843c943322e982020000000000,468
000000000000000000014c54c468c28cca00908a1c54ea25fd973967b7bc3478,1333556,886664,3993548,918111,603979776,092290e9ceeb2b4336b7f7f1baabfdd41d7d88f816ce50c3b7f604e7f2328e76,2025-10-08 02:07:05+00:00,2025-10-01,67895c9a,1701ddb4,035f020e0449c7e5682f466f756e6472792055534120506f6f6c202364726f70676f6c642ffabe6d6d1b223847740268cdd8c2f41bcc1bcaaf23d3c153b37ce31118d16036dca1641e010000000000000088140577000032684996b800,1911
000000000000000000017867951acbbd2dbd6550195321169bbba70ef0659d65,1756869,745584,3993621,917201,603979776,24caab476444028d3e9ee59ddfc1d228541b001b02dfbd0996164144fd6a24d9,2025-10-01 08:40:33+00:00,2025-10-01,35a2d57e,1701fa38,03d1fe0d0401e9dc682f466f756e6472792055534120506f6f6c202364726f70676f6c642ffabe6d6dab11ae02daf9d610db4785a0a5c4acfe5a7715b4a70cf8c02b595dfaa30d5d9101000000000000000b16c0d90000377b8b060200,2706
000000000000000000006358d1d062ca9d51817d5f27f49d99ab107326225d45,1720060,757877,3993691,918305,603979776,cb54ff1cb865476bf5544f82e079440744e452ee069e070e61a55a4ec73352e2,2025-10-09 12:00:36+00:00,2025-10-01,382ed6b9,1701ddb4,0321030e04e4a3e7682f466f756e6472792055534120506f6f6c202364726f70676f6c642ffabe6d6d29ea72267c59aadab9ff93d0a521264ea10587ad7f6750ece4ab13063639c75d01000000000000008496d49700001369f3a40100,3521
0000000000000000000031bfe4239ec4fe7d4a9ecbc583571619a8853344eebc,1601262,797482,3993708,919064,603979776,b77f76d4df320b3f60ce807747e4ac93157a1037093b66ffdf02b474597c9042,2025-10-14 17:22:08+00:00,2025-10-01,d37c6328,1701ddb4,0318060e04c086ee682f466f756e6472792055534120506f6f6c202364726f70676f6c642ffabe6d6df5805d1f5af7014554b56d8523287c0af3c3f3b886ad844589a50dcb92ada70d01000000000000007197813100000c7172550000,3237
00000000000000000000123d84df068560e0e446427dc2cfbd6a01bb07e2f9ff,2157590,612045,3993725,918780,603979776,15ef07bffa1e6ce3ccaf60b3dbf88923a260172e2741f9db881c34e602fe1694,2025-10-12 22:46:55+00:00,2025-10-01,4b1ea61,1701ddb4,03fc040e192f5669614254432f4d696e6564206279206e617a323032352f2cfabe6d6d359af0371f46c1f00b2cf5dffd3f2e32948fd901fe1c67879f21a79222d7d9d7100000000000000010dc07c3025ffd15b2ce1442f5e7f3000000000000,63
00000000000000000000b005de29a77b6401062e449870636aeb0831d56d4ba7,1496501,832408,3993725,917538,603979776,c037be099b6f068b535457e0b1c210c5020e6015c9a9f801c4f1920b3178bc6a,2025-10-03 20:13:14+00:00,2025-10-01,5eb0a0b5,1701ddb4,0322000e045a2ee0682f466f756e6472792055534120506f6f6c202364726f70676f6c642ffabe6d6d8cbdabbe5f98040b77249ea9969f24c216b06643f5c65e33f9bdbd2ec162ee0c01000000000000006b6d07ea000014b8d8a70100,3597
00000000000000000000b715d9d96a08122fecb9bdd340d0643218e1f0464a89,1569920,807949,3993767,918079,603979776,d326152500a0313117f1b12fe842a43845944a5fad218f8b1a9cb257a825a087,2025-10-07 20:54:59+00:00,2025-10-01,982e5f44,1701ddb4,033f020e172f5669614254432f4d696e6564206279206a313939332f2cfabe6d6d5a4f37e5c899a4f0998996005a0fe6e476b0da1a4cba18ee577ef8a1c550e713100000000000000010c550a70624898c411fe6741ae314010000000000,4665
0000000000000000000192fda5aa5c90cb820ce0ce931a3094dc39aa6a41f03c,1688272,768503,3993781,917888,603979776,8b21534bdaf86c61b468971f4628079b61f6209dbc2fdff2d1ae812486067acf,2025-10-06 09:28:05+00:00,2025-10-01,4f78f191,1701ddb4,0380010e1b2f5669614254432f4d696e65642062792062756368656e6b6f6e2f2cfabe6d6d02fdb1a02f5456a5785a45f6d19116085b4b362cf71c16b96d90f28077949d77100000000000000010b12b740717d6ddd7653dc9cf02fb000000000000,3492
00000000000000000001ae653ac88d4024868766acb66360ac0f39c9f2484598,1643231,783541,3993854,918981,603979776,1eb68825d438102402414f3804e5d59cb1d3a8228e1ad999e8c9975a9df4ae8f,2025-10-14 06:06:39+00:00,2025-10-01,27a0187d,1701ddb4,03c5050e20202020204d696e656420627920536563706f6f6c202020202f00150504cad6b5fabe6d6dd6f341c43ee126dfd69b60797f37fd9cd5935fa402076ea916ab953784a5f951100000000000000000009c45065d1e0000000000,2724
0000000000000000000084cf6e138cef5425e9576bb67fc6c6c82ff55bdccd19,1621261,792236,3997969,918359,603979776,69660518c1f302a8e0327d454672ef1993abcf0fe460670c3bde71166f1c63d2,2025-10-09 22:52:05+00:00,2025-10-01,45bc4f76,1701ddb4,0357030e2cfabe6d6d5c8bc0fa9a8fb9570a7777968f7acae31ea8585bd0dbe999c76467b80d7ff83610000000f09f909f092f4632506f6f6c2f6b00000000000000000000000000000000000000000000000000000000000000000000000500e8e60100,4215
00000000000000000001a121000f2f5bc2e898a96f83fdb96b2d6375948b5d45,1566358,810622,3998224,918878,603979776,677640a7d1497709e5b50115de47ffbe4fd0608517eb2f3383fca5424d46fe9a,2025-10-13 14:50:15+00:00,2025-10-01,12939aa1,1701ddb4,035e050e2cfabe6d6d897147457ca755388fee551000cb0ddbb085f14b5b0f57c246a43d2312812bb210000000f09f909f092f4632506f6f6c2f73000000000000000000000000000000000000000000000000000000000000000000000005009c248c00,3913
000000000000000000015207f42e59d6110b3421b383b7e2ef0c5a2bfe60830f,174758,93090,454028,917826,637534208,2e67c7af0a852979a06390d7451fdc8cf790c9ed605a7e8a5fe5b45145124854,2025-10-05 22:17:24+00:00,2025-10-01,94449dcf,1701ddb4,0342010e1a2f5669614254432f4d696e6564206279206c6f67696e6d35302f2cfabe6d6db8b9a6356d9a1073bd757f67e0918bac5fb010fcb5b0963941a9037faf78e2041000000000000000125720f2111d0574aab32e420c04dfe0e1000000000000,355
00000000000000000001002bee326b8b24492981c754afd6d90163b9b2a5c65b,690108,367411,1792341,918740,637534208,ec1ecb09bcd09b70e7adbee37544067df64145e9afac3dd0fa64e629ab1a4b1a,2025-10-12 14:41:10+00:00,2025-10-01,1b618166,1701ddb4,03d4040e1a3c204f4345414e2e58595a203e0f5065616b204d696e696e6700071392104ade90520eabb2b0ccf0df5d3b050000000000,1861
000000000000000000011b6de68faee51349a9cb3928ebcc0a7e58fca890b07f,1150258,605400,2966458,917781,637534208,497890172f754b51bd3f67c441a05a63dd442f623c0e497c9df05f9576d1d1f3,2025-10-05 16:19:33+00:00,2025-10-01,b0345f9f,1701ddb4,0315010e082f5669614254432f2cfabe6d6d2863908d3aa51030de0fcc8b59caa220c4f03dfcdbe7fe5652c1874ba087b31d10000000000000001045eab60d64f3782b3641febd6e372e0000000000,2563
00000000000000000000294c7740bfdf37b75d4b587911eb1d08540a0b707b7d,1363309,703562,3473995,918656,637534208,6fb3c005e734b8844bf75b350c33a868799c8c4dafc46b2a60549a2f0f92ab36,2025-10-12 01:40:23+00:00,2025-10-01,34f87653,1701ddb4,0380040e2cfabe6d6d1c5786ec6d2962a2cab8e529f02952a5efc49d40f24a06e2c6c313058c24635910000000f09f909f092f4632506f6f6c2f6c0000000000000000000000000000000000000000000000000000000000000000000000050078e58400,2620
0000000000000000000165e7b989dbb4054983c218085ff891d9f671b032626d,1755558,745859,3993135,918383,637534208,bb2d3989f0cc65b1dd4b2ba5b7e614e256b5195cea047f6f393e1fb42041c772,2025-10-10 02:21:12+00:00,2025-10-01,23dd5c1b,1701ddb4,036f030e04ac6de868537069646572506f6f6c2f3230382fa4e6544c73103215d5e3110000000000,2946
00000000000000000001dcff8c9f4193eb6893fe35f5ad5a31aea2d08c8dff88,1667022,775469,3993429,919285,637534208,9ad69ec3207a56852c86d99f970489b5a96bdef7596014535b409cd129edb208,2025-10-16 04:19:44+00:00,2025-10-01,35ff8a7f,1701ddb4,03f5060e046072f0682f466f756e6472792055534120506f6f6c202364726f70676f6c642ffabe6d6d38fc8dc4c84d86203f4cf0200a49741647fcc8338b4128060f7d5e51fbbc144c01000000000000006524a87e00002d98cf481d00,4630
00000000000000000001c221fb4e692761e26f2c7598919dd83b138f4d2e5aab,1787669,735291,3993542,918379,637534208,c10a5451d354302c534d6f83afa1245a36ff790157a4c55e92894e2354268198,2025-10-10 02:00:30+00:00,2025-10-01,ba34ae07,1701ddb4,036b030e04be68e8682f466f756e6472792055534120506f6f6c202364726f70676f6c642ffabe6d6d0bcf0947f564679b04f34a77c1abfeb59b4d957e52c890f4011f4987c196ac7e01000000000000004f8e0ee45017020000000000,4831
00000000000000000000950c2706fb9a18baa8f19d6d0ff475d6b4c8c0812bb3,1498059,831848,3993603,919105,637534208,127534d7985ac86d4367f16fda1fcd5b147723dc53b61dca78003f5b314756f5,2025-10-14 23:09:24+00:00,2025-10-01,89172fe6,1701ddb4,0341060e0e627463636f6df9006f00728f0bbefabe6d6db224ac147528108cb7452bffd828efa69465b54d14d2e2588e5631de51ac1f771000000000000000b1cb0000b992000000000000,4541
0000000000000000000156c0b0cebc560ad162d8f96268d8ef24ec5edb76b463,1474607,839669,3993614,918629,637534208,1fc1e31e6b1885fe5dc02f538138de1341365d8561e4087cfa7803681510fb26,2025-10-11 22:01:05+00:00,2025-10-01,21a84d3d,1701ddb4,0365040e04a1d3ea682f466f756e6472792055534120506f6f6c202364726f70676f6c642ffabe6d6dfb6b495fd7d6c4dc8370aa82073478623492b59b082ba4e9aff271b4bfb3f83001000000000000008ab3616ceab6000000000000,3526
00000000000000000001db718ed4ad0a3d1e7177c8ee9093724b358ae72a34b4,1753474,746715,3993619,917316,637534208,96fb7b694430d418e4a338050d3d99b752b9e8b4fc0586a3f9f51738c0100559,2025-10-02 02:24:32+00:00,2025-10-01,a1c98fe3,1701ddb4,0344ff0d0460e2dd682f466f756e6472792055534120506f6f6c202364726f70676f6c642ffabe6d6d673d8b7433a2786c2d4a972d1d4d2c5d3c311b2902ad85d7ef1449acbeaf295501000000000000004c0b08ec000006c69fb90000,2511
000000000000000000017d6c3da0b5ff04f072a247bbea04317f17a664dfc867,1597038,798871,3993651,918619,637534208,577f68a91ad5d38f9dbea11cb5d737f8d1f7abcd1eecf5c07734231f5e0ccc19,2025-10-11 20:57:03+00:00,2025-10-01,adc251d8,1701ddb4,035b040e1062696e616e63652fcb00b5003a461db4fabe6d6d10a817f60efd6bfb5464ed3eebadc03e6684bba18593385e2600374268639fc710000000000000000000965cf25b000000000000,3463
00000000000000000000d66c4196ec530277fda0160eedb3a09e2bbfe582c308,2099804,631290,3993674,918651,637534208,598f507efdc07bc201be331eba59624f359fbd7795bc4daf4f6f488c250f41df,2025-10-12 00:56:25+00:00,2025-10-01,bb56836f,1701ddb4,037b040e04b9fcea682f466f756e6472792055534120506f6f6c202364726f70676f6c642ffabe6d6df193026c15addd157fba8be4b458a7007e369013b9a39178b43f912fd2e1abb60100000000000000646de4db99bc000000000000,806
00000000000000000001344c8e9c1d8679c755c1a01598be44d1578036ec52a4,1746797,748961,3993680,918304,637534208,b03c41c58f4686a01cca52c03f731408999786f528db6c519809a9c5c862dccb,2025-10-09 11:50:04+00:00,2025-10-01,8deaeb17,1701ddb4,0320030e046ca1e7682f466f756e6472792055534120506f6f6c202364726f70676f6c642ffabe6d6d11582bd4d24af1deeb84f551ab7aa994a3496766cfec88ddb0701d48eb8f4b9201000000000000005f3a0b8dfe22010000000000,2968
00000000000000000000e6d7057f267fddc90fa4c0041f96825a32a6a2cc134e,1628913,788259,3993690,918229,637534208,9fa728770d42d7ac8a68ba36ee84f580e4147905646f473a1acfd94b3f5ea2f7,2025-10-08 20:38:08+00:00,2025-10-01,2eab1c42,1701ddb4,03d5020e04b0cbe6682f466f756e6472792055534120506f6f6c202364726f70676f6c642ffabe6d6d96c4e540e42364aa1ada7969186a9ca758088434441c89682b73ef5e3d0c517601000000000000007d3e04e1000041244c053e00,3776
00000000000000000000293643707011ec83a0610e7bf7c0ee3f5813a9617dbb,1581703,803999,3993700,918033,637534208,9fa22347f0ca2fa2db04bfab546dca8378b25a63ac72c961a63b14437034597d,2025-10-07 12:01:08+00:00,2025-10-01,89792c78,1701ddb4,0311020e040401e5682f466f756e6472792055534120506f6f6c202364726f70676f6c642ffabe6d6dd4102defbcaed0767ae1681598402815b78f76fd85f8544e1cf6bbddd88f6a060100000000000000620b67ccd40000007e0b6701,4445
00000000000000000000690fbefaf8336edaa3fad82c9f5e79bbdf6ecd897168,1976151,672552,3993807,918783,637534208,3132cdd676c90376ea66db2bd45365000db179e50e6f4f06f5f8732e1111288c,2025-10-12 23:07:33+00:00,2025-10-01,a61e9e71,1701ddb4,03ff040e1a4d696e656420627920416e74506f6f6c20cb0027026bee2a5c01fabe6d6df77161f76373ca5eb0e9f912170c0192b4c60fe8fb3fe25b68d66cea8ea84324100000000000000052450000fe3e0d0000000000,1010
00000000000000000000aa35ce01f0a361f7e463bf2c6ca7bd4c92219a50502f,1685823,769378,3993957,917412,637534208,8d2570a66c790f1e3d52bd21d92f18e3cd852605fbfe1d871b1835a94913ac49,2025-10-02 20:05:53+00:00,2025-10-01,3ef840ea,1701ddb4,03a4ff0d1a2f5669614254432f4d696e65642062792072616d696c3132322f2cfabe6d6d68089897336dcf0a4b4a1e896827ed8f0ddf620709f0d254025425e8f05b105910000000000000001088d11207ac05a9480d26888cc6a5150000000000,2819
00000000000000000000c8daaaae97ab8833e128e20398750edd525667fc512c,1481195,837599,3993992,917404,637534208,ac8c9133e4613d69bc70d315c6adc284442590c6d7d40713760359e2c00c5b64,2025-10-02 18:33:30+00:00,2025-10-01,2d8a6984,1701ddb4,039cff0d1a2f5669614254432f4d696e656420627920766b6d6c676c30332f2cfabe6d6d8db7eb4f49e4a7b016d33e471cc8588f9828759789518506c994b5dabfd2232a1000000000000000108caa1405d92796be5dd34e3fb294610000000000,3226
00000000000000000001394b4e42092ffe5200007abc77dab6350f4f22aab685,1460618,844477,3994049,919308,637534208,0c01e46e6d7c8681446a3daafbd4126b2506986f601166399b039e4479ccadc8,2025-10-16 07:56:21+00:00,2025-10-01,328265da,1701eb21,030c070e20202020204d696e656420627920536563706f6f6c20202020ac00300331fe76dcfabe6d6d7199a2cb68e0e724dbd7289d3dce973f675e472bc47994aa3d68d888bd83f8e6100000000000000059750000d7c5420000000000,2746
0000000000000000000135b7d1f006c6355f0d7e3c8756d73b5fb0da7a6f0ae6,1540870,817730,3994060,918196,637534208,4a3532986d101aefc4f6422d02646a2297d3077198b7fd20270c7409de0c1f2b,2025-10-08 14:43:37+00:00,2025-10-01,cabae132,1701ddb4,03b4020e184d696e656420627920536563506f6f6c2f007000abc480fafabe6d6d09377c45d1c4571398d268b094af6fa30bd70cab21190d8276f6a9bd317afaae1000000000000000000018295aa23d0000000000,4217
000000000000000000017e147d4a05e8d597834fba7bc1bfd3493a306fd9bf24,28246,13966,70144,918957,671088640,8d5ed455e8cb92018237fe1dbf3d316a651b88d84355a6b3216d48142499f004,2025-10-14 02:34:12+00:00,2025-10-01,8406423f,1701ddb4,03ad050e182f5669614254432f4d696e6564206279207267703730302f2cfabe6d6ddcc259f0802e2ca50ac101c92e4d6055c157bb010da9b9b45699273eee94e7eb100000000000000010b8bab00d18037a07a2330f1fa637000000000000,79
000000000000000000000dd7fb4722c111d5f76c15324691719265cc687296be,184481,87722,447647,919183,671088640,8e2163dcfa76337b94fa02362efd8123372c493d60d2bc2204d5e30345be083a,2025-10-15 10:35:05+00:00,2025-10-01,e3f08265,1701ddb4,038f060e1a3c204f4345414e2e58595a203e0f5065616b204d696e696e670007139210463e935d0e850cb08cf17fa677060000000000,507
00000000000000000000ddb5b5b9f38f09bf0a797c08e40888b23e1c833773fe,859126,473319,2279083,918012,671088640,b83d6dded49dc3437244e61a1b89f7da4fbddd1cba08fe01fc9bf01f2e9f0419,2025-10-07 07:54:12+00:00,2025-10-01,cd9407e9,1701ddb4,03fc010e1b2f5669614254432f4d696e656420627920776d6b6c6173736f6e2f2cfabe6d6d01c1df58f43c40b8816084d70ec01d0353ce6edeb1d19364eb2123444ff7f240100000000000000010dd73bf020627aa2cdd768bccd2ed000000000000,1923
0000000000000000000051869449cd38ecf7a6b61d59fb784da82d197b2893d9,1074368,474602,2498174,918531,671088640,a9b87185adefc4ae94317044f5a1c45d3b6749ecede28399eb20eb5edb42ba0c,2025-10-11 06:54:32+00:00,2025-10-01,dbe30bb4,1701ddb4,0303040e1b2f5669614254432f4d696e6564206279206461726961313938362f2cfabe6d6dccdbc1f8624774442532f4ffced423a3e5886ac3270a6b1638f327083054fd6a100000000000000010bea63301a3dd386034405d945428000000000000,1773
00000000000000000001703143e49506a282946358d427db114ceabac74a39d3,1660803,775641,3987726,917534,671088640,7ec78844424ade44059c0db98dfb28995363cbeffa70def4965237e01779421d,2025-10-03 19:26:13+00:00,2025-10-01,1b0d43ba,1701ddb4,031e000e1a3c204f4345414e2e58595a203e0f5065616b204d696e696e67000716921041ce90570eb969b00cf14e5ad4000000000000,3553
0000000000000000000041739f6f737002c52d89a2d5990eeb7f5856757c17d9,1642218,783746,3993456,918556,671088640,fd49a99daea8aaed3b35b320513e59ee1808d5c851618e7dc17b4638afd8d6d5,2025-10-11 10:44:44+00:00,2025-10-01,22a82602,1701ddb4,031c040e041c35ea682f466f756e6472792055534120506f6f6c202364726f70676f6c642ffabe6d6d09bb195f2f5b036622c70c0d9f910acfb0ac960630ff48a604a4591f5feac1d2010000000000000073977f2a00001fa8d3000100,3878
000000000000000000013e5846ac0a6b3b7a7d55489d824f6d6537ad445709a6,1654926,779525,3993501,918763,671088640,9cc0814b44f2322af4b7e49cb1bde9a3862c20e5c3a0d5abda332922e49d61ea,2025-10-12 18:59:57+00:00,2025-10-01,47eb01ef,1701ddb4,03eb040e04adfaeb682f466f756e6472792055534120506f6f6c202364726f70676f6c642ffabe6d6d97021136535f0341cbe842c74b336601dad76534cfd325c5dd827777202d7cc10100000000000000675530db000028057ef61200,3133
000000000000000000004ad5f922b795e6a626717875acd3166035a555b1bf49,1756901,745570,3993611,917284,671088640,90119ba836ecaa3b82d93a473d7f590ae212af7848a0e0ea9377af1f6337c013,2025-10-01 20:38:59+00:00,2025-10-01,be1a69bb,1701ddb4,0324ff0d046391dd682f466f756e6472792055534120506f6f6c202364726f70676f6c642ffabe6d6ddee6fb0514bd90f86b80a2b91e86dcbbb2caf44a8043a82666b79ebdf3a09133010000000000000045818e210000107243a50000,3103
000000000000000000008044efcc7a60a003e49ba58c6f6fd6cc595fd6a18014,1411729,860671,3993742,917240,671088640,efbcce0553c167645be6cba9d4322c903e514b8723ca62f790ed9d1b6b9006c7,2025-10-01 13:47:53+00:00,2025-10-01,b295dd81,1701fa38,03f8fe0d194d696e656420627920416e74506f6f6c208e00240382f28016fabe6d6dfcd6109c00d6fb9826094efbd5129929e3a207e49c50e3e3d8c48d40723c6abf10000000000000002b6b00009731010000000000,2568
00000000000000000001c3f45528edf18e3a88d5ee37b6c764944edb787993fc,1730171,754564,3993863,918182,671088640,dd6823283901e4aabf929467df6ef8f05ce8f5e480d88458aeda7070082c5698,2025-10-08 12:02:02+00:00,2025-10-01,826012ce,1701ddb4,03a6020e142f756c74696d75732f37383365006e0371fc85b0fabe6d6d6c8669e2bf1650010c5bdf337ba48ba9f446fae0b58694568c13106aaccf1e401000000000000000fd7400006fec130000000000,4143
0000000000000000000070f5385bcd852ec2b0b23defa27e8f44c21ec811c350,1574408,806510,3993938,917385,671088640,a40b1845b4cac8f8bd5ba14acd9db2898fb214077c0ff4aea77a1cea02e56b6a,2025-10-02 14:53:37+00:00,2025-10-01,bef1082,1701ddb4,0389ff0d20202020204d696e656420627920536563706f6f6c202020202f0039049d70da88fabe6d6d1aaf89c2915caa65939328eaf2c4fca6852826a7c50c2607e114f23b244e0f7210000000000000000000ebdefb5f380000000000,3170
000000000000000000011da0e26c5fd9e711da3e59283ae60062a22d7c498234,253649,144872,688265,917678,704643072,5ff14bb8fb2dcf1c9c91658fa3acbf32829c7cdab3a03257bc8030b98d862931,2025-10-04 23:08:15+00:00,2025-10-01,8ec90422,1701ddb4,03ae000e1a2f5669614254432f4d696e656420627920616d696e646168612f2cfabe6d6df8034e8bc901755ceddca2f9f81846adac339871fedef1fcc2f86c2c0e6901c010000000000000001048071805eb74923ff17451e975a1010000000000,694
0000000000000000000075744e1b63e8b1d356740772168aecd23adee9cafc16,1653989,779765,3993284,919158,704643072,c39a2fc184e8ef3feb89cb1d0140f78dbb0cf9bcaa212b52d0bc680b5981fbd0,2025-10-15 07:42:02+00:00,2025-10-01,d21f7abd,1701ddb4,0376060e044a50ef682f466f756e6472792055534120506f6f6c202364726f70676f6c642ffabe6d6d5b6b78ee56a9000eed952c617fb40fe90ad0265e6d2077c84c343537e005be41010000000000000054122ce36f1aac1000000000,6030
0000000000000000000100a1a90b82a582a84440fd20750e4a863b5a9342f853,1803777,729866,3993375,917291,704643072,89ce4eb15a1b623cdd9b84e3e203841252bb70036b0682fe5aa486fae76f8979,2025-10-01 22:33:39+00:00,2025-10-01,b0803a67,1701ddb4,032bff0d0443acdd682f466f756e6472792055534120506f6f6c202364726f70676f6c642ffabe6d6deaf139e70d4aa692bf3772df1a5ce7142e7a775087a18d08fafafa7cafc16cd50100000000000000450f4ba8000037121bf50000,2561
00000000000000000000b58c61dbc0eef8b3cfcc43eb1413b7bc30603035ac44,1449192,848097,3993483,917547,704643072,fa1875458dc8fb7e0fc84374755569575ccd66a8565468d96dcbc68a80e37ddc,2025-10-03 22:28:00+00:00,2025-10-01,8977fbb1,1701ddb4,032b000e04f04de0682f466f756e6472792055534120506f6f6c202364726f70676f6c642ffabe6d6d1fbdb5ab31c9fb684176fe0a5ffcdc0d5e20cb597fe70e2a533e0fdfd5b239520100000000000000818d5f4d0000528f3eca1100,2371
00000000000000000001b20b55283094cacd79115bef0c63a1a5d769c61f0c1b,1300757,897620,3993617,918848,704643072,e6b12afd3f33f8a77535c1a100f8a0afb3eb96bad22513e148629a20b59124f0,2025-10-13 10:42:42+00:00,2025-10-01,a57a03e5,1701ddb4,0340050e04a3d7ec682f466f756e6472792055534120506f6f6c202364726f70676f6c642ffabe6d6d2a5ae9fd0bbb7db718ff0150d6a9be579d0540f41fd6e13cb68bf85bbbf0685a010000000000000092da41c600005243999f0e00,1731
000000000000000000019c035c7690750034081d8a5a74a27601a4423df85515,1642244,783794,3993626,919010,704643072,c800b4fe9ff7337fd6f0dc71e0290b07dd87187f00b36d057a09c71e6f3536e8,2025-10-14 10:09:44+00:00,2025-10-01,9ccd724f,1701ddb4,03e2050e194d696e656420627920416e74506f6f6c20cb0044015bb9f616fabe6d6de71f72000b161127536e020ba2cbb06ea527016b5ddc1f77e28d2d3154cd7c91100000000000000051b5595c01b40e7600000000,3489
0000000000000000000069a8ca5e2ab5f02b978d6498eee2379a80c9bf81eb30,1638525,785041,3993648,917921,704643072,c622b2b97b98d095a2095879ffa91ba082879ebfb114e10bef7ba72702a98203,2025-10-06 15:55:42+00:00,2025-10-01,9847924b,1701ddb4,03a1010e047ee6e3682f466f756e6472792055534120506f6f6c202364726f70676f6c642ffabe6d6df0b8a5c61936b3681c5fe50957f3dbb8461c7b1bac3a068bb6d2bc706c78100c0100000000000000679774e0000027a32f960000,3770
000000000000000000012879eba8e746c7443eca673082656bac8376101c255e,1537298,818820,3993758,918933,704643072,0e61b625f5635d57c9043ace45e9782ed325f2ac5ba5a8f7b1415dd1fee8f0dc,2025-10-13 22:40:14+00:00,2025-10-01,673af9a7,1701ddb4,0395050e1e2f5669614254432f4d696e6564206279203137343133313934313268682f2cfabe6d6dcd2b5d58be5a8903e27b31cd5b1a77f5abe0e9495ee1f7292173f8d0a6a745bd100000000000000010e4212d0a95847d901dadc4ac5894fc01,3924
0000000000000000000072630cdde3dac9b913b2bbbf2f000c16c62e2bd48691,1888254,701847,3993795,919224,704643072,acc3121c2edf74dbfef7f78f27b092e3f3ce79cc342b8e13e8adea812076e9e3,2025-10-15 17:58:25+00:00,2025-10-01,33110f25,1701ddb4,03b8060e1e506f7765726564206279204c75786f722054656368e5000a040653ae5701fabe6d6d361b000cc718c368a52a64b47530dff643be5aefd412ea4ece17a6df4b0b92ea100000000000000000009ea900ea2b0000000000,2770
000000000000000000018914432970e1ab0ef5f44fc1cb689ca82dda85c231c9,1713447,760188,3994011,917764,704643072,861fa1d078fad86fb648023676305f498e4522a05984959b772c42f3e1e038a7,2025-10-05 13:57:35+00:00,2025-10-01,11e8ecd8,1701ddb4,0304010e1a4d696e656420627920416e74506f6f6c20cb004401925bb0ed01fabe6d6d236cdf188678bd7f3d24abaed12f37b0c43d4a80fe069d1de74a4e3bff00999310000000000000000000cdeeaf4d010000000000,2940
00000000000000000000311f944aebefaa15ae2f1bfe485e00b69a95ed333ebb,1649389,782625,3997264,918161,704643072,4a91e5cc9b96554cbb071d83f07e73e75df5b6c4e6498cf89df3aefe3117c764,2025-10-08 09:37:49+00:00,2025-10-01,bae2e2c1,1701ddb4,0391020e04ee30e6687c204d415241204d61646520696e2055534120f09f87baf09f87b8207c763034fabe6d6d564f35a2b6f00f6748a87f2b773991d3a424fa0f9130679ae7f6f2806f7ec2f7010000000000000013b757839b0078c50000ffffffff,2870
000000000000000000006f5b1ebafd1274d3f175bdfa540e266aab67662577bf,901842,485761,2359125,917167,738197504,f3cee1e213d461d03803fc498d44ddcc71a75b07af23133e61a590c6db691270,2025-10-01 02:59:58+00:00,2025-10-01,258e72b1,1701fa38,03affe0d2cfabe6d6d62a7f3d6bf6b6638d540ced74bcabddd9a1aee56aa5ea6e6dadddc2ab7c9944610000000f09f909f092f4632506f6f6c2f6c0000000000000000000000000000000000000000000000000000000000000000000000050027e34f98,1929
0000000000000000000053c0fecc5833260ed308dd373ee4856e26af83f1ffb7,1035955,461280,2419795,917630,738197504,ade766c2245dccf2b97848aac2c6f0627efb15fd44e98a939127784ee86d4e13,2025-10-04 15:09:08+00:00,2025-10-01,3d6d1702,1701ddb4,037e000e1a3c204f4345414e2e58595a203e0f5065616b204d696e696e670007179210468e905e0ebfa0b10cf035fab1060000000000,1138
00000000000000000000a90dde3215cfd8b47532710900782025dce05fe1413d,1323772,532652,2921728,918465,738197504,bd6f74f68f18a8f74c3dc123a38e21ccda702aa915a016b2d7efb8abeab6f345,2025-10-10 16:09:59+00:00,2025-10-01,b4172c38,1701ddb4,03c1030e1c2f5669614254432f4d696e656420627920393330363131313830322f2cfabe6d6d95c81ad4ad0b55fedc21b3706878207cc17b3728851aca1e3afb46991e0252b51000000000000000107c974a06b30648e2d725b238f9b80c0000000000,2757
000000000000000000006c4d06fee0d4d099eedde50635f1d46cfd80c6176072,1169035,613137,3008446,918568,738197504,656fcab58db919f2b79a20ae9cceb40392e2285b685d382c6dc219cead7162b5,2025-10-11 12:55:44+00:00,2025-10-01,238ae3af,1701ddb4,0328040e1a3c204f4345414e2e58595a203e0f5065616b204d696e696e670007139210413e93500ea034b18cf1443562030000000000,2103
000000000000000000006dc706097a2848f27e5826bc77c1a60c562ea63f6ad2,1607382,792708,3985506,918052,738197504,0996cc440629b91ef08603811600f77021256b246372a478b642d370ad2834e0,2025-10-07 15:01:04+00:00,2025-10-01,9921a902,1701ddb4,0324020e1a3c204f4345414e2e58595a203e0f5065616b204d696e696e670007159210463e93580e9ba6b18cf1447167000000000000,2996
00000000000000000001bc05d895f7c694d5faf3fac1f5590facd012d3467ef7,1578228,804935,3993033,917255,738197504,11aefb34269a324fe8ef5d02efb401efc5d1f4f6a24ffcc635cc8e4fec8047b2,2025-10-01 16:53:50+00:00,2025-10-01,a9ee30f7,1701fa38,0307ff0d04b35cdd68537069646572506f6f6c2f3131392fd23c3c04615857abb8bf580000000000,3546
0000000000000000000162f713d396b1fc4c579c0d092e43108b8fde65e2e4a7,1687704,768453,3993063,917450,738197504,5b0b2a5de242fbef75b2d4cb38549d5869f186e27cb88d8a5013a7f6c222cae2,2025-10-03 02:27:33+00:00,2025-10-01,92e723cb,1701ddb4,03caff0d049534df682f466f756e6472792055534120506f6f6c202364726f70676f6c642ffabe6d6d416cd54f54b4810d73b8d9d0d2aa4b034e3d40f830b5d72609b2ad9be77fbd800100000000000000936d4e0400001fa0e4130100,4521
000000000000000000019f5933b04b746694b7cc9f235fc6934af636a1b016dc,1618181,791674,3993203,918007,738197504,a5e12c7a937dd7c9726403a47ea86b75c1518b2fb67ab996c27d84a2869273b0,2025-10-07 07:20:13+00:00,2025-10-01,1404735e,1701ddb4,03f7010e0f2f736c7573682f650079000a377c27fabe6d6d0674ff6bfb0d2c6fec36c43b75bf155fc091eee91f493e7227aef110fc7fa00e10000000000000000000e6f711005c6401000000,4850
00000000000000000000ee1c5dd9b6bb86efe02ee9785ae5c3c1cb559f1c8d4b,1574213,806417,3993464,918261,738197504,385a55e332c78d761f7b7a33059dd4da2bdeb8a4843ba8b148062003e6e9f11c,2025-10-09 04:30:30+00:00,2025-10-01,abc59659,1701ddb4,03f5020e04663ae7682f466f756e6472792055534120506f6f6c202364726f70676f6c642ffabe6d6d3412073c38700273e8ff0def0135608825edb278f60774e3311b5206e6c5fe60010000000000000087968f3b0000021184490100,2321
0000000000000000000189aa65c20ee407604559a599d62d44585ab118c6a1af,1513697,826657,3993668,918513,738197504,3c5fcae83ec6c75bcea402e68b5200b1867b50302e01a390c82fcecf38d356df,2025-10-11 02:49:59+00:00,2025-10-01,cc983f95,1701ddb4,03f1030e1a2f5669614254432f4d696e6564206279206b726175736368652f2cfabe6d6daa58a2513e0243f124fc43136972e0b8b0c42b1f12bc1509d554fb4b43eda8ea10000000000000001084a2190503e05da09b3958ef3fa50f0000000000,2967
00000000000000000000da9f21eeb5b6fed72a742ff7ecd9206d75eef9933939,1718621,758368,3993725,918826,738197504,6fc2a7597cfae065a5cd96e1e528d0101e40e0ef30a7e47c371d42bfc70bd8d1,2025-10-13 07:03:50+00:00,2025-10-01,afc2c042,1701ddb4,032a050e0456a4ec682f466f756e6472792055534120506f6f6c202364726f70676f6c642ffabe6d6dfebcff969d80e175cf5d865c776af240561becc69266a09643780f2b14eda39101000000000000006f9779290000322257ae0000,3686
00000000000000000000a7b7739027ac6851fab17bef525d2ad759e03c020c0f,1659035,778281,3993878,917715,738197504,a6542b7b90f264b27466e1b71abf356fa31c8f4e63aff4f91b8010dd695d1147,2025-10-05 05:14:08+00:00,2025-10-01,b3652e38,1701ddb4,03d3000e194d696e656420627920416e74506f6f6c208e003c05d727a25cfabe6d6dbe66cb5c6dc22b01116c5b2d834ab5eb16b2cac84ab78b61e21d4b5b5cfe66a6100000000000000000007ce186db260000000000,2667
000000000000000000007e8cc0fa57e29c84777bd4166ad988447b0b0d60d7c0,1903095,696931,3993888,917739,738197504,f21307e48241d9c38e50869e73fd3d7f522ee13b47d0b84c077d548188073ca5,2025-10-05 09:03:36+00:00,2025-10-01,f692415,1701ddb4,03eb000e1b4d696e656420627920416e74506f6f6c383036f90009012937422cfabe6d6d0c1276b8ea22050eef861463e6f90c1e114e15c80ee9d46b29eb961d0187cff310000000000000001b0900003978060000000000,3866
000000000000000000019743c369df7d9c75efbecd8fc5b3c71933fa191384be,1566408,809173,3993927,918499,738197504,edb4d6e844a5777f25a950f60d78d5135de2237c564dd7c4c52584d9018ee5c7,2025-10-11 00:08:52+00:00,2025-10-01,3b2f1dfe,1701ddb4,03e3030e122f5669614254432f5472757374706f6f6c2f2cfabe6d6da8a232ac2a4b557d5ad030ca03e77ad88084da35c9639f38fa1c88cf9ab11c521000000000000000109f9f2f0147a1a53f9f7f72a234df000000000000,2776
000000000000000000005c46a1264ad0255edd3f6dec9fafe07de4c645617451,343153,203659,954130,917312,771751936,cc9c487961c59970e5add5ad7f1debe3c65fe587be890fc280cf402e2d548966,2025-10-02 01:44:10+00:00,2025-10-01,4f8b1e75,1701ddb4,0340ff0d1a3c204f4345414e2e58595a203e0f5065616b204d696e696e67000712921044ce90550e8923b0ccf02cb489020000000000,687
000000000000000000014864c89275679f9f65f24831b42efb41659d896a07fd,735832,383139,1885249,919302,771751936,00eb39f5e001f8fafdd5aaaec30fa7f5c43d88c5a9382784e3287d4489cb691d,2025-10-16 06:43:01+00:00,2025-10-01,44c3394d,1701eb21,0306070e1c2f5669614254432f4d696e6564206279206d706f6c7562656c6f762f2cfabe6d6d578aa1af41c664ac2c8b9bfeaceb67bbeaba0817143519bc4051c81b68b2b77110000000000000001006266d079bdc12cfe43d58e6e1e9170000000000,1041
00000000000000000000876e7384db3fd5710ddcea893cc83b7c4b56447669ce,802616,361115,1885961,918116,771751936,aab35b9ed8205d99539e306632e375bf59333c666c8a9d401a6fa10eb2e59884,2025-10-08 02:52:49+00:00,2025-10-01,c12d435f,1701ddb4,0364020e1a2f5669614254432f4d696e65642062792064696d696e6531372f2cfabe6d6d8ded34ef775b8dc1b7f02fb997bc1ccfb2da0b504f7e1b6502e4686ecccd9faf10000000000000001010572c01c5283124cb967e99635b000000000000,1428
000000000000000000001662015fecc0875257fa3b908b6b8d08b31c4bbc1975,921539,485303,2377448,917367,771751936,e5744eccfe38d2d59698b6c3c7efde5e2e1dedc77b38972268a4bac976b2e0cc,2025-10-02 11:48:35+00:00,2025-10-01,247efc18,1701ddb4,0377ff0d1a3c204f4345414e2e58595a203e0f5065616b204d696e696e670007139210428e90590e8a6ab04cf0e73421030000000000,1887
00000000000000000000cd9da8a7dc6293ba9b2424e730479a6171ffb82259df,1864142,709621,3993005,917306,771751936,be761d8c807d74b1186d0533b4caee67903657475634e2622882bce053ee61c6,2025-10-02 00:46:19+00:00,2025-10-01,7f72d38,1701ddb4,033aff0d045bcbdd682f466f756e6472792055534120506f6f6c202364726f70676f6c642ffabe6d6d3617277347242702f564f60dd6aa24f9d27d82c7c4de921bdaf358042812b1ee0100000000000000474a6db900001297a1381e00,2460
0000000000000000000007281a81294f23bc620b5e503f7d33a7792d2546d5e0,2102917,630035,3993022,918692,771751936,f50ddf5ba83e5f9787a5cc06aa10442eb00608d65e5b223d7e24e5bb5402d613,2025-10-12 06:51:31+00:00,2025-10-01,d772fb75,1701ddb4,03a4040e04f34feb682f466f756e6472792055534120506f6f6c202364726f70676f6c642ffabe6d6d4ded6428ef988a9b1dc8ad37580f95cd66fe9768aa7b654c0ccbb263d7129d4001000000000000006497506000002c65fb0e0200,3191
0000000000000000000003ecc30c37a7fe2dc92f841ac5a3c7db11126bb64fa0,1714874,759472,3993290,919090,771751936,0fef90225d879217da5550f8b384f067441f42becc011841d0f8ce0aaa5e8e92,2025-10-14 20:46:19+00:00,2025-10-01,44213f6,1701ddb4,0332060e049bb6ee682f466f756e6472792055534120506f6f6c202364726f70676f6c642ffabe6d6d62ab7a0300440cb533dce696f529521916e2665d249772284adf3479cfabd0bb01000000000000008496d4970000362b81300000,4451
000000000000000000002f9e01f8c4b04d57def5a93cce84c4b257ed3125f8bc,1501475,830625,3993350,917946,771751936,ede5e2fb5d6cae6ee55780169982d82f92a069f2c951dd2a6fe6bc057c1e8a91,2025-10-06 21:25:47+00:00,2025-10-01,8ee72193,1701ddb4,03ba010e04db33e4682f466f756e6472792055534120506f6f6c202364726f70676f6c642ffabe6d6dcfcae7201b8e59116c6f94479213d6ef2349054d1edb85dd63c3c0acadd66ad501000000000000007a970d8d00000469aaee0000,3828
00000000000000000001354f1a95eba272895049959c2ce518feb38743f2209b,1624583,789597,3993374,918592,771751936,5dfb10677addfadc48f1ccd3632ef691447244a4836b4e93ff1b8310037e0d06,2025-10-11 16:31:57+00:00,2025-10-01,ce27e653,1701ddb4,0340040e047d86ea682f466f756e6472792055534120506f6f6c202364726f70676f6c642ffabe6d6db8861e8cedf379eefe4e1e2efc3a980c756489e90222c692339ec5db0cfc14520100000000000000719cb4c400004cbcdb181a00,5378
00000000000000000000e182d16af63af571d354032ca2c22a2f597f07bee5b8,1811990,727198,3993584,918753,771751936,c96185b39495b79385d9be892c3451a63074ea143fe12f64bbac4f92352f33b0,2025-10-12 17:23:06+00:00,2025-10-01,bad522ca,1701ddb4,03e1040e194d696e656420627920416e74506f6f6c2044000603f0be77f1fabe6d6db11734062bbf4d468b58c78e94ef3e95825a267cec28b9d645e7a77141574cc010000000000000000000d9de00e3560100000000,2219
00000000000000000001d30d3368dbe691e84bb382e3eee321962d39cda612f8,1652310,780449,3993657,917490,771751936,d1690fcc47ce8dd03a1f7b4639ab00704ec72c9ae5f7eae7595e79a7fa8d5e49,2025-10-03 10:45:09+00:00,2025-10-01,4a982a57,1701ddb4,03f2ff0d0435a9df682f466f756e6472792055534120506f6f6c202364726f70676f6c642ffabe6d6d700df5d25912e67924315923f8cda01aaf670bc2e5be15a20e38056d7373547f01000000000000008b7fc139000013327ce71d00,3692
000000000000000000006e8b7ba1942734ea317c97ca606cffb19ab60a3adf7e,1692937,766910,3993667,917904,771751936,179679c6ba54a3139f6ccee06bdc3a2dc757318291ade8f9ed5560d6804f6c25,2025-10-06 12:19:19+00:00,2025-10-01,fcf7d430,1701ddb4,0390010e04c7b3e3682f466f756e6472792055534120506f6f6c202364726f70676f6c642ffabe6d6d43ae1b9cd42e7fb67ecca9450b72db0e1b797886e71a31d2df39e5a5219c8052010000000000000085ee2b900000227600ff1000,3925
00000000000000000001d8bb021fd9e7f8bb5cd493bed2bcf455f2d5bc81ff0a,1626313,789183,3993862,917249,771751936,fcaacd1b18265ac37a28a3adc99843a72cd31f2c2e63c26ac44a3b91c524d47b,2025-10-01 15:17:17+00:00,2025-10-01,116cfded,1701fa38,0301ff0d192f5669614254432f4d696e656420627920656c68616d35302f2cfabe6d6d4b904025ce1fef4f8305f1b41775aad8735d763d094c76e5dd59e01027ee538a10000000000000001046b34606e83c68568c1411703118270000000000,3017
000000000000000000015a79e1c8f2c9b342ce597121485c5f24911e9b10665f,1526802,822375,3993927,917541,771751936,9a5c4134452feb948892702d2bcb1f9b5d41977f8a4f3053f504ae7d640ebf25,2025-10-03 21:10:53+00:00,2025-10-01,433c4597,1701ddb4,0325000e122f5669614254432f5472757374706f6f6c2f2cfabe6d6dfed47a42cd047b5037b8f80377c906c25d20b2db331f76bf9a022ba5bc18d8881000000000000000109deb7c0563644be263a171e1995a1c0000000000,3843
00000000000000000000b9285db7fa58fce113e897f3fa2cb4052b4158d35dba,1522998,823684,3994050,918768,771751936,8544308314bbb75b232910e98502d6579f852521dd9604954ccd0262e21a4e61,2025-10-12 20:05:30+00:00,2025-10-01,377cd37c,1701ddb4,03f0040e1b4d696e656420627920416e74506f6f6c383036f90117022ad24693fabe6d6dd46c3a3ce2e8cf0e0c678fdaad1d84146927b50a89d8f87f58eebf37cd4f6d61100000000000000000003348df61020000000000,2715
000000000000000000004fd07280f9338f97505ddedbbd61986eff338c0566bd,1410779,862465,3998174,918521,771751936,cb11349172fbbc408d8a2a521cdedc36a2054525372b89f0de356d5c081c9b3e,2025-10-11 05:26:42+00:00,2025-10-01,51b47784,1701ddb4,03f9030e2cfabe6d6dbea97bac3f9f495927cc126770d9a301617a88aebcdf4045aa38a8c7209dfeb810000000f09f909f092f4632506f6f6c2f6400000000000000000000000000000000000000000000000000000000000000000000000500b4c92e90,1658
0000000000000000000080e3bffb0d1f748bf85cdc7b82dadde1a62e4dd1fc30,289461,118314,644403,917580,805306368,a05d974dbbad44cf92b09e4b7cf194e66d0340b733f5b02fedae77df63090388,2025-10-04 04:38:41+00:00,2025-10-01,4a81ead8,1701ddb4,034c000e162f5669614254432f4d696e656420627920646d776d2f2cfabe6d6de19bc723cadb377db9d00da08ad365edba2a4f35fa384dcf1b287ff7ffff6a4310000000000000001099d01b05a2a1b4ac56c58dc9f2bc090000000000,481
000000000000000000014c41ea532a70be4cad0e3def639a28e9791d75361a5d,303370,130967,696271,919301,805306368,531e727a3ba83cbece06e02cf829f819907454a008eb7586fc5d651d776f833b,2025-10-16 06:37:42+00:00,2025-10-01,74a7625,1701eb21,0305070e082f5669614254432f2cfabe6d6dc262c28c8ca1685875401f7bf1deb996f92d7f1e64c84487b091860f18af5553100000000000000010ef256a00ee13682d67c7a9f75d44060000000000,501
00000000000000000000bc23d0189410f07f892ca4ec7b0bf0d3791700233339,375741,166992,876717,919008,805306368,cb7d89ad2629038bfc46ab56660cd828eed664f8d43e761fcd725137958e0bf2,2025-10-14 09:35:29+00:00,2025-10-01,9e0151f6,1701ddb4,03e0050e082f5669614254432f2cfabe6d6dfe4e48dd47883c04496c2457d22d7eacd8ab6c5f0bcecd3e9d46ce9ae29e9b93100000000000000010fef5f0036a720a67cc5e4e7b50a9000000000000,865
00000000000000000000a708e0d601a2a9af7f9c9ca22805a2c216d6bc114fe7,583656,259332,1361652,918208,805306368,f81440ac1f9a255834962f749a7e50c1cc36eb0891d6ee61f2172f80a58000ee,2025-10-08 16:04:58+00:00,2025-10-01,d9316fe6,1701ddb4,03c0020e183c204f4345414e2e58595a203e0f53617a6d696e696e670007139210468e90570eb16bb08cf00f0852050000000000,1295
00000000000000000001b840013b2a2b85ffc2604109fa4627a39a4aad91ab29,1300049,604347,3113090,918920,805306368,6836551309969d48b709279df4cc2dc8605f1487ea12dab0b6f90eb8a5c377c8,2025-10-13 20:58:45+00:00,2025-10-01,221282d2,1701ddb4,0388050e1a3c204f4345414e2e58595a203e0f5065616b204d696e696e670007139210433e93590e94f8b04cf05cbc79010000000000,2299
0000000000000000000123200f23917c9a6103960f73e1ef310a580aebc6b17b,1897828,698625,3993703,917600,805306368,bcdaf754b7a5f9d3706d0d79c34bbc92bb68cd57502635035047aa7aa23518cf,2025-10-04 08:35:37+00:00,2025-10-01,ab77910c,1701ddb4,0360000e0459dce0682f466f756e6472792055534120506f6f6c202364726f70676f6c642ffabe6d6d9733a8ae9d7a4ccf9a87e63ece68655f76d98c2d2df631f298bfe131422294c701000000000000007497604f00003069ec780000,1730
000000000000000000007f760fec5ccfbf2f42958b843841fe6661c3d0d1d1ca,1522580,823713,3993719,917417,805306368,2458e380b4ff2d78279be31c3b4935573bc4daad8300665e72444694065a3f12,2025-10-02 20:28:39+00:00,2025-10-01,3501d68d,1701ddb4,03a9ff0d0477e0de682f466f756e6472792055534120506f6f6c202364726f70676f6c642ffabe6d6d3f8789ba3a0f6a595b5a442839affbf9861e5dd063219637fc37ad7f2364b15101000000000000007d6e03ef00003c85d22e1200,2747
00000000000000000000c83c093d45ef0c773219d535b15e6605473b343d2a52,1668069,775235,3993774,918072,805306368,35059dbbab67a948e5071bf90086ae2ac7a78e384b054749178f4a7e3b0f125d,2025-10-07 18:48:41+00:00,2025-10-01,61b99cc,1701ddb4,0338020e1462696e616e63652f393934cb006d03006e4ca501fabe6d6d0366f0bc6b93f24686b20eb005338ca01602ee9fca3a8963915392b59c80810910000000000000009bd90000c0ba1e0000000000,2807
000000000000000000015184d1cb58bc0f5488c040e37b66d86b9a07f6a1cb22,1606119,795932,3993915,917659,805306368,8baf708e5bb0fd2fc6b40b3ff8c65af0a4ddfb8dcdbe3b03d2a3f352d93d032c,2025-10-04 21:17:53+00:00,2025-10-01,b4edb7a4,1701ddb4,039b000e1b2f5669614254432f4d696e6564206279203833626c61636b31392f2cfabe6d6d8dba122ee730d2840af5963a81714018d40e18edc5fc409f6f3175d59867c4cc1000000000000000103a05f0036a720a67cb73a83f4b37220000000000,2968
000000000000000000007662156e108ed8ba1dc2af4e1ba9892fda923659e921,1830355,721203,3993964,918416,805306368,42bcf48cbd317d75a088f8b786290c84fcf953182c739ccfdf58cfb6ed4b511f,2025-10-10 07:23:13+00:00,2025-10-01,91ac40de,1701ddb4,0390030e20202020204d696e656420627920536563706f6f6c202020202f002503143c9bb5fabe6d6df3bea418910e49427a3c0d6c22f525f1845382c93460a054e5b4306ca40d66ad10000000000000008b700000a050080000000000,2501
000000000000000000004dab9ffec38fb8ec056579da4b0a84e1a349e76e2d9f,1730445,754508,3993969,917643,805306368,4e7a5e8779b4cbc316b32b7d5f5cac115ae19af50c60d207f8af842298702483,2025-10-04 17:28:29+00:00,2025-10-01,3fad2194,1701ddb4,038b000e192f5669614254432f4d696e656420627920647265616d36362f2cfabe6d6d8c9ee8d28fe364367213f3615bfe5b9a02cae7f2971472c61cc7d4b9648f254410000000000000001058d2b20d07d789e3af999175644e030000000000,3186
00000000000000000000618cd3f3d06df483e188df0c2fe55338c55967b77bbe,1560758,812533,3998357,917495,805306368,452df44b3f465824ba679eb6e5866d8e785a038280bd98e90418339b4ccce552,2025-10-03 11:16:56+00:00,2025-10-01,b5b20adb,1701ddb4,03f7ff0d2cfabe6d6daf0e769067313ee48c62792cd126f1419c3465d4a819bdb4fcab6c1c3ee29dd710000000f09f909f092f4632506f6f6c2f6700000000000000000000000000000000000000000000000000000000000000000000000500f1fa3600,3788
00000000000000000001374bd4e1cb17248074437b69fa804aa2b2a2bd9bc6fb,745663,335585,1752418,918813,838860800,f161f7b058a1156af142f50a5dc6952b97d2dc897d4e912d6b68dd8119704744,2025-10-13 05:07:56+00:00,2025-10-01,3e3d0d32,1701ddb4,031d050e182f5669614254432f4d696e6564206279206563676274632f2cfabe6d6d83b76ebd41e13cc5cdf487fcdcb9287954fb060fa878e7a3a618c91d60ecdebd1000000000000000106d0ec10215eb2f5b1939dbbd91b10e0000000000,1522
00000000000000000000f3aabdbc7501e2a8e233d46bcdac922f8966abe9864c,900322,401373,2104441,918869,838860800,69d8ae30ae532254e38eb699f8833316910e3e2f91bf3c34df7787876d0e3386,2025-10-13 13:14:38+00:00,2025-10-01,3fbeb107,1701ddb4,0355050e2cfabe6d6d7f96a6468a5d867a6678b9ab55200793706720a1dbede5fa9117159dfd06a8d510000000f09f909f092f4632506f6f6c2f670000000000000000000000000000000000000000000000000000000000000000000000050045a9f9e5,1400
00000000000000000001b8248088410652fa7acbfa89211642ee38bfbdc5429e,1539972,817770,3993282,917906,838860800,ef7e967a3dc3a0800d011c4b8a6ec313e096c1488f99c5be7e54ea26108df051,2025-10-06 12:29:50+00:00,2025-10-01,cabeaf7a,1701ddb4,0392010e043eb6e3682f466f756e6472792055534120506f6f6c202364726f70676f6c642ffabe6d6d37a0d5afaa8f311a0df5404ad9c9e5381c3356d183959fbcc3e0a6aa59b5fa5801000000000000006a8e96f7043f110000000000,5042
00000000000000000000b29f00ff3e89e350a7b1876ad053847169f960112551,1596818,798850,3993368,919149,838860800,cd14d452151e33fafd5bd9aa1f1456bb683a16b486cb5d8f705c84b7d684b570,2025-10-15 07:05:50+00:00,2025-10-01,e1c2b9e8,1701ddb4,036d060e1d506f7765726564206279204c75786f722054656368e5009e021cf2302dfabe6d6d12b3c634c39a15b26a1a4590ef951a7b3da3ddc7620c17495f3fa6b8bf29f12c10000000000000000000c9990093524500000000,5278
00000000000000000000112a74e85b110871f63799dfd22caa41b4841b85e267,1961447,677318,3993401,918147,838860800,b813c77eeb8773a93c73476c18d6e4ec4d21be62b82dbc5235ebcf52323e5a9d,2025-10-08 07:42:48+00:00,2025-10-01,a3e93d4f,1701ddb4,0383020e04f815e6682f466f756e6472792055534120506f6f6c202364726f70676f6c642ffabe6d6d4a41398d233303cf357a9944971c412540e3af9623ef6fe9f710636575992b560100000000000000524813f3dceb010000000000,1439
000000000000000000013e080f47702232e5105300ae6ef4ea17d5f31b437a19,1590175,801114,3993517,917773,838860800,eecbaabaaf09159289355294a9abdb2362e8be68d2f5714ddc27b434ea5b72c1,2025-10-05 15:05:22+00:00,2025-10-01,99d20f96,1701ddb4,030d010e043289e2682f466f756e6472792055534120506f6f6c202364726f70676f6c642ffabe6d6d09588da464a842a7f2aac075bab79619317f57b7904c68b647b16c87d915a4a8010000000000000077d9a15d0000250bb0573e00,3343
000000000000000000007045e72f348d0f324b16fba190c7e2dcee2f8ff04f7b,1446276,849107,3993597,918256,838860800,de39de06acfe4efdf6f2ae7754b576f1562dbb16175e6c046170f17bfde75fef,2025-10-09 03:32:37+00:00,2025-10-01,20a17928,1701ddb4,03f0020e04d52ce7682f466f756e6472792055534120506f6f6c202364726f70676f6c642ffabe6d6d5fbb17755114d84fd44268b7fdac87dd85e32deb0ae1579a9ec4d49b492ed35b01000000000000008d23fd0bd23e010000000000,2674
000000000000000000010c4ea322ee61953035f55d323178b34338327b110326,1817376,725471,3993789,917259,838860800,0581b1ee7b0a8bc6e03ed5dd7e3395007384c1a0e6cdf92421a6d3c162d596dd,2025-10-01 17:27:52+00:00,2025-10-01,fd08a11,1701fa38,030bff0d1d506f7765726564206279204c75786f722054656368e5002001d19e8046fabe6d6dcc71499d271003951ab7a446e8248658a81a6202a277773867190fe0b35e35f51000000000000000000109c9006b0a2001000000,2761
000000000000000000008197fff30a4179650b8dfad0dd96ce027e1e255f04f1,1660224,777865,3993819,918271,838860800,205ae001cd89d30f60683cb671d739c717602970db740124512c0921575bee6e,2025-10-09 06:50:53+00:00,2025-10-01,5a74569,1701ddb4,03ff020e1362696e616e63652f393934cb001b0405b06aaefabe6d6d4af18eaa4ec8bda9d838e99f46ed37438eebda8832dc7788a7f2f2c153c2cd5d1000000000000000000032dcfa63230000000000,2299
00000000000000000000f2b2351d1fec5e4e195a967667bd639ca6e3236f76e0,1510991,828044,3995123,918895,838860800,42fe0a937a62827932f39fc43ab9383565ea78e68b75a056668a553538cb5330,2025-10-13 17:09:42+00:00,2025-10-01,be2e0fe9,1701ddb4,036f050e045732ed687c204d415241204d61646520696e2055534120f09f87baf09f87b8207c763034fabe6d6ddecf1533c2c3c319dd3ce8e2721f6e17ef7f24791d6b233ba6894a445be3aca7010000000000000013b1e6eab60033d50100ffffffff,3842
0000000000000000000101704b5f4edcc9ec60d553d8166a9f7723a288aaf2d4,1570778,808151,3995231,918085,838860800,ebda33dd555e624e9455a1d1b7f4a4c947e925cde52a7201c41b73048e355c21,2025-10-07 21:43:19+00:00,2025-10-01,82d3a7d,1701ddb4,0345020e047a89e5687c204d415241204d61646520696e2055534120f09f87baf09f87b8207c763034fabe6d6de90d3e1b6976ce99bb6a3188f88770a28abf33f386ccb6744ea6b4250ff09aa3010000000000000013c22a63ca00dc684c00ffffffff,3580
00000000000000000001ae6cfb8d3d8dbfbef27f31d53e7cab83e946e3d7f759,1670308,775976,3998236,917486,838860800,9b4fc5dea98793a7ddaa052d196824e154d02096faae3d24a00c8011a0295ec2,2025-10-03 09:47:11+00:00,2025-10-01,95d66b9,1701ddb4,03eeff0d2cfabe6d6d996344b506a03b715e6ff2297e4860ece774540aad49bd1eab4346b53541036410000000f09f909f092f4632506f6f6c2f63000000000000000000000000000000000000000000000000000000000000000000000005004e310100,2689
000000000000000000007a292300422f566b14f59202612ba59f948d12e6e345,265349,131477,659780,918954,872415232,18d141d6c2694257f2569ba89c853108d8fd84deb11d5eda2df45731efd0932b,2025-10-14 02:16:59+00:00,2025-10-01,d853d600,1701ddb4,03aa050e182f5669614254432f4d696e6564206279206e73333232302f2cfabe6d6db38a6d1ef3e81c277ccf074ff0a23c212464409e600f8cd0bf33c10b4f68a93910000000000000001036ee9401fe80b2fa4b43bdb6f5120b0000000000,590
00000000000000000000cdc9188ceca1b92a59b06e5dfbebde2e9ec6ca7338c2,761773,333549,1762420,918026,872415232,62303336bc695105f156fc5e6691e6e2f06e69b2a241e090bc088d49e1d667a9,2025-10-07 10:16:10+00:00,2025-10-01,164df31d,1701ddb4,030a020e1b2f5669614254432f4d696e65642062792073616d616e666666662f2cfabe6d6d812b00aff18c3db71cdc3b6c01160835263f2a2bb6ce8be463ffffb4083ade9910000000000000001097452f0147a1a53f9f47acc98ab3120000000000,1268
00000000000000000000b1025e416429e5ace48a0381d6863876e453951d21b0,1002678,477073,2433897,918313,872415232,85bce2dd3f280dfcb60a793cb3eca39dfee81cd4b489b15c698fa8fb404b952f,2025-10-09 12:41:25+00:00,2025-10-01,542e8293,1701ddb4,0329030e2cfabe6d6d93b42385f76ceddb1e3d6d2b56c97b22e64d660da1a382f52d01289b5a9d380b10000000f09f909f092f4632506f6f6c2f6c000000000000000000000000000000000000000000000000000000000000000000000005005a653d54,1994
00000000000000000000bbf2040314ccb68e36679becf17c14ff2fae22c0e7c6,1217297,586724,2977469,917837,872415232,edc37025367c4bc7cb6f751964f916e92c5729e5f15aff4af83581e390030cd5,2025-10-06 00:11:25+00:00,2025-10-01,1d9fed5,1701ddb4,034d010e1a3c204f4345414e2e58595a203e0f5065616b204d696e696e670007179210463e935d0eabd8b1ccf03699c4000000000000,2112
00000000000000000000e39cab7180af7afafd542be780604a8ff14da43844bf,1589039,801398,3993233,917872,872415232,daa5411acede0dc555d38389f5bf857635ac5bac5800a455a4816f8eb7cc863d,2025-10-06 05:53:09+00:00,2025-10-01,8a18f910,1701ddb4,0370010e044559e3682f466f756e6472792055534120506f6f6c202364726f70676f6c642ffabe6d6dfac2b72f207e233a8a94306d5b7c288ff0734398698ce9d6f8a875c44c5fcef701000000000000009896f0fb00000badc8c40000,6371
0000000000000000000166326a8573199be3f048a4ac62964fbea4d174ea0677,1625098,789418,3993352,918776,872415232,6376f5aa6fee3c67210b64ec8edda0e07093c5cd7a54cdf470bb528766fb94d3,2025-10-12 21:38:57+00:00,2025-10-01,2e2f2f7e,1701ddb4,03f8040e1d506f7765726564206279204c75786f722054656368e5005a034c3dcfe9fabe6d6de51ff2c1ce81af46e99aea796f39d6e07f1f77ad48ab11da46ae5d0097031f7f1000000000000000000001f000f5ed0300000000,3323
000000000000000000003caa5ef6ffa88f5873857ea2591cf81209707526d265,1586506,802316,3993454,917601,872415232,56dfdb589f08d9b8782d54f3a58cdf14b787d1e7811c964714b7a16d2d038e62,2025-10-04 08:47:38+00:00,2025-10-01,64c5bd6,1701ddb4,0361000e042adfe0682f466f756e6472792055534120506f6f6c202364726f70676f6c642ffabe6d6dacbabb6bb82c9471ce39f14535bc583f37d20907c06bb7e4a444db24893363f2010000000000000061973e3800000d6ee6f40000,3779
000000000000000000015af1c76ecf8b9132d23773cd3bdfa424271f2bcd28a8,1685547,769326,3993525,918339,872415232,43b1bef38ced705424fa459166841a0ac06ef360eb8794285e9728d32212ae04,2025-10-09 17:59:13+00:00,2025-10-01,a936a476,1701ddb4,0343030e04f1f7e7682f466f756e6472792055534120506f6f6c202364726f70676f6c642ffabe6d6d85192f6918c5a0b671cfb1f79f3276a047c1a5791f222e7851cd5d5ce7ce57db01000000000000009753e69500004dba3d191500,3639
0000000000000000000182383def8c2938c60c15b27f7f8d556bc4b8906adefe,1577394,805429,3993681,919043,872415232,d5a44ba940c381e26d478381e3c120a4aef0d06c3eb53994a97f27ce2fe7e2a6,2025-10-14 14:17:00+00:00,2025-10-01,c1137c49,1701ddb4,0303060e045c5bee682f466f756e6472792055534120506f6f6c202364726f70676f6c642ffabe6d6dc715fb358300eddaa87fe73ab9ba9b08aa70d93652f2acfdc8a3e9778a3f75e201000000000000005997381a0000347b604f0000,3998
00000000000000000000a6e0b4d62d625ccfee47dfc2f4c6c41d76ea0645afcb,1526459,822411,3993692,918264,872415232,59d0f7ca1855644d35a018512bcc5550c9ac4bdb3684a932d402429cce24b8b0,2025-10-09 05:24:02+00:00,2025-10-01,e03543d0,1701ddb4,03f8020e04f246e7682f466f756e6472792055534120506f6f6c202364726f70676f6c642ffabe6d6d05bfb7121bd5d6550713643f05a8d1fc38c5652d22392711a6bf69bf37dd1b8601000000000000009a458bc000004a8536c60200,1172
0000000000000000000041116b367d90c4e5fce172adfbd237a519b8471f328f,1721656,757409,3993883,918288,872415232,43c533d956a51a76b79ebe9f2c25165f55bec1aa3b0c48385a15f7c2930ea3e6,2025-10-09 08:55:29+00:00,2025-10-01,2abf26f5,1701ddb4,0310030e1c2f5669614254432f4d696e6564206279206d6168646967686165642f2cfabe6d6d76b72e86c342b4ea3907cc34770ef11e5965513ba944893aefab410804231110100000000000000010a7764b069eaefeaaba513d247009100000000000,2614
000000000000000000017bfbdc54349b8a8bc8ee5c0a53cb2850395df00eb168,1601263,797564,3993955,917775,872415232,a8213a5fa7c778dbac4e49fb6ad18ec6d5faa1406a24f642255816dd73099e14,2025-10-05 15:31:10+00:00,2025-10-01,543d8e3,1701ddb4,030f010e194d696e656420627920416e74506f6f6c20a3005f07b3d21335fabe6d6d2508095d73c7f9ece7a4e36154c6ca2c74648b7f0abd84b8271713b369b28e631000000000000000000009b80005210000000000,3025
00000000000000000001479a4b61f61e2da68618c55dd4eab6c46a28d486bed0,784990,437311,2096923,919281,905969664,734b0d6c1cae3b4a1eaa005dd62560220d3ed1886005106f6a463f662b45ef2b,2025-10-16 03:42:15+00:00,2025-10-01,22d3aa49,1701ddb4,03f1060e1c2f5669614254432f4d696e656420627920616261733231313332322f2cfabe6d6d9c53587a67733cdc72c12c6555f341d07ea869c9f0be0e60183a90172ec1b7e7100000000000000010f422e205669c8193ac7553630c241c0000000000,1381
00000000000000000000c6d71d47723539cd45b9264eeec5dda0c141668d56c2,1059323,527221,2640986,918910,905969664,8a587d1a76ec849fb607c6555db32c2c0b24b29038365d1c909618e18c9fa2f9,2025-10-13 19:51:28+00:00,2025-10-01,d1810cf8,1701ddb4,037e050e1a2f5669614254432f4d696e65642062792070616c65783132342f2cfabe6d6d4deb687cdd97f4583cb2202381d428023e60fd1ce61cc0e0a4777a4086ec7724100000000000000010dd1d24036738dd4a619bbb7d3a85010000000000,2133
0000000000000000000068f975fc28e385ee7cf7c1f839798e2709c1881c21dc,1231280,559139,2908697,918710,905969664,36e8e2cfe6162530786c90527aa50615778bddce9026e297b069294af01896bf,2025-10-12 09:01:03+00:00,2025-10-01,8459cd09,1701ddb4,03b6040e122f5669614254432f5472757374706f6f6c2f2cfabe6d6d816fc6ff28b7bbfd8eb3e13794357aae503abc3de3cfb4e5e9bfa4a659053d611000000000000000108dc24206b1172ce04877d0d8cb47010000000000,2086
000000000000000000017ebbe830a7aa4ef094310d824631007a6ec7ee56782f,3511381,160491,3992854,918929,905969664,1f90e6c95502862d15cb8ea4192137875d759f0d746510801ce69208673bdf20,2025-10-13 21:56:23+00:00,2025-10-01,f490135,1701ddb4,0391050e048775ed682f466f756e6472792055534120506f6f6c202364726f70676f6c642ffabe6d6da1090d939b0d8d9fc8f0859b457962f139fffdaa9c2dd8e68ecf22574f388a1b010000000000000091355006c3cf080000000000,1328
00000000000000000001117336f1c6356a629d1e0bbe318a6cb111cc956817ad,1583218,803385,3993373,918754,905969664,96bf53b5d894a4dc30f926224b4fbda139272fb86bd0ec80b3f1f75ae43ed0b2,2025-10-12 17:31:06+00:00,2025-10-01,5c041ea,1701ddb4,03e2040e04dae5eb682f466f756e6472792055534120506f6f6c202364726f70676f6c642ffabe6d6d06a0a0b46495a7606aa5330327957fb46b2b81befb69d538a9396a58cd7909e40100000000000000679774de00000431ff7e0100,3868
0000000000000000000047b47e797c342b4394b913b822a9cfb87668e82d4eb2,1545831,815875,3993456,917943,905969664,35a4762998cc2386f54dbb87752a658a303a55d3f13bb6a60773fb9bb6e3f823,2025-10-06 20:00:45+00:00,2025-10-01,9751577b,1701ddb4,03b7010e115768697465506f6f6ccb01a9041738561efabe6d6d40218ae40809106a41a46c13a5b04ed8c802055bf5a371bc29990d44962482851000000000000000000006f0488b5c0000000000,4378
00000000000000000000161c543f37de7b3f5ed38a27878d2abb0248fca548f2,1482325,837048,3993469,918958,905969664,c208b2c3bad0964eb5648d39e287e43f7aeca2fb5d7ac3008a3ab8e21ab09dd1,2025-10-14 03:00:13+00:00,2025-10-01,5d7f8eca,1701ddb4,03ae050e04bdbced682f466f756e6472792055534120506f6f6c202364726f70676f6c642ffabe6d6d1fb34564f115e5e1a63b22b1d6fe00c72556ddfe9a63f36db703b59eaa2c98cd010000000000000062e79b0200005246e8878000,2521
000000000000000000013ddaec3299140c55c70f4be74df1b42ac1c4dbf6776f,1702786,763626,3993664,919231,905969664,d35815d8f855bfaa90a0a66ff81c7be3f54ff3ae27ef845dec7ced04689b2e93,2025-10-15 19:24:31+00:00,2025-10-01,3dd98745,1701ddb4,03bf060e04eff4ef682f466f756e6472792055534120506f6f6c202364726f70676f6c642ffabe6d6de16a0015646d037e263c8ce662ce4179ebf2d43cf6987e281f40be8b9bb1d9ce01000000000000008014d1250000423962660a00,3237
000000000000000000012bddbb9884c9f252fb915015a1da88ebdb4481872a01,1608154,795320,3994114,917289,905969664,94bc196c3855d8960426f06ccec3ab718b46a29740a7a06f1e531b4622fa8588,2025-10-01 22:16:38+00:00,2025-10-01,814f41e1,1701ddb4,0329ff0d20202020204d696e656420627920536563706f6f6c202020202f003f0238e3df38fabe6d6df1b2843619e31c4201f8b704a35a20c5708372c40603a2fc006db199a6052bcf10000000000000000000ac680d29290000000000,3827
00000000000000000001b8d1b80854603d877c7507f2b665263168e0e9f3990b,1637384,786958,3998258,917511,905969664,2c422607a807bb11bc5200efb58102c9091cb412d1d097febbeed8d87d9bbdce,2025-10-03 14:07:10+00:00,2025-10-01,35842c54,1701ddb4,0307000e2cfabe6d6dde1d44fb35d52e794b78ac6d2b623f57d71d08d08a63ffba67c40216babfaf5110000000f09f909f092f4632506f6f6c2f6700000000000000000000000000000000000000000000000000000000000000000000000500313d0000,3325
000000000000000000010fe3f52cd4150826551dea841116a3df69198c9dc8b5,1795005,734452,3998361,917956,905969664,ea3f6af652e21b6f0380d4ef3970bf2b24819c41545d29f569c9f83c0f10e9b8,2025-10-06 23:19:18+00:00,2025-10-01,9132273d,1701ddb4,03c4010e2cfabe6d6db940926d1bfab9ebbcc3aa23155f31c4fc4747b92d29f7dfb2a0c818637203b810000000f09f909f092f4632506f6f6c2f6700000000000000000000000000000000000000000000000000000000000000000000000500479b1a8c,2618
0000000000000000000009fc10d3f6a5114a01aa2c918cb48aa0313466dc220b,20479,11225,54154,918201,939524096,5579a9f2f3881b80d2e90a59c819b236ccdb33cf8f1249d76348c381082c51d9,2025-10-08 15:08:21+00:00,2025-10-01,40834937,1701ddb4,03b9020e082f5669614254432f2cfabe6d6d500444597c34e9c9821be0057bd379854f733495ffeb8883f0c46f15e77f00cb100000000000000010006466007e0bf27f399b4db36ec3000000000000,66
000000000000000000008f28c7d5eb771b26f7f0fe269078d8437d49409d44dd,129775,67496,332263,918915,939524096,e8d408a7f18d664a2b1e2b7b075858d6fd1d4f974c5a348dda9fbbff9e88f646,2025-10-13 20:24:27+00:00,2025-10-01,3f9c3d3d,1701ddb4,0383050e1a3c204f4345414e2e58595a203e0f5065616b204d696e696e67000713921047de90520e9492b10cf213afaf010000000000,377
000000000000000000005b306e6627a33531a5468f703164dc037cabece14b52,692828,370201,1803431,918102,939524096,e60ebc3ad014d9396da14056bce418d4abaea3998ae429bc880990eee0c53fe0,2025-10-08 00:34:05+00:00,2025-10-01,b4daa728,1701ddb4,0356020e1c2f5669614254432f4d696e65642062792072616d6f6e66726961732f2cfabe6d6d0bcc9be68108703e52aa5e12ff4dae1a5b6bb5890d45b1858d6016ce3b4284201000000000000000105d86e803397b9914be001a001ff90e0000000000,1502
00000000000000000000bfc2417937dc50623b6af2ebf1e4cf154c8a9fd7289a,715184,376033,1843283,919022,939524096,19c8619e8c4504ae40824b10edd1bf3dc313e0bc679750843be3e6c7a4a17648,2025-10-14 11:14:37+00:00,2025-10-01,cddb36a6,1701ddb4,03ee050e192f5669614254432f4d696e65642062792073696d6f6e6d322f2cfabe6d6d05151d8a4533088ec2c40c39d80de56275956cee7818350ee76b2c1a606ef165100000000000000010e7f77007a01093e9f5312231d103000000000000,1777
0000000000000000000046f8745ecd409cda0ce2e535e2cfa0d29d812163213c,1770254,680357,3811325,917379,939524096,7b4014f7a5829959145b1f7c64458e8859e3309dbd50f490f81ae8a9aa941ff1,2025-10-02 13:23:14+00:00,2025-10-01,378de956,1701ddb4,0383ff0d2cfabe6d6d32e51a442fbf9961403be840bca6f3bdc6b3aa7c7c1262a22ddfb91dc4b937b710000000f09f909f092f4632506f6f6c2f6c0000000000000000000000000000000000000000000000000000000000000000000000050014ba0200,2272
00000000000000000000fcfca445f1517f167d623a944fbca80a8fca80f2aa27,1634456,786315,3993401,917609,939524096,bd24f132279760010f961888799ede0c8943c707869717b3bc259641050197b1,2025-10-04 10:00:43+00:00,2025-10-01,87df0ca5,1701ddb4,0369000e044bf0e0682f466f756e6472792055534120506f6f6c202364726f70676f6c642ffabe6d6dc2162407ae20230bda4af18d53bcd66130e7a21db58b2985aeeaaa4776ca03c90100000000000000736f8e3e9bda330000000000,5526
0000000000000000000004359f935afc103528869f8369957a13025c10ffd565,1604900,796179,3993437,918950,939524096,b9524f22a5015d5e33ba42cab06316e84c8b59bda8e338c54c4b003e3bbe5440,2025-10-14 01:46:48+00:00,2025-10-01,5a72e34f,1701ddb4,03a6050e0488abed682f466f756e6472792055534120506f6f6c202364726f70676f6c642ffabe6d6d83c632119829c18cc23f13f4ef50eb8531eb16a507d206e5918f3dfe5834d9f601000000000000008196dfb000002ab683080000,3582
00000000000000000000faaf3a3349c4df83b2c5d3df9b0eac4a08d415911a4f,1530628,820970,3993538,917503,939524096,d664d812153f5784c780337d25ac267ad3a9ef6ecb3b4ca6de424f5aec37f76f,2025-10-03 12:47:26+00:00,2025-10-01,e1ccbf5e,1701ddb4,03ffff0d04dec5df682f466f756e6472792055534120506f6f6c202364726f70676f6c642ffabe6d6d8eee9c3b8e0ded60545805dd8e2f3ffdee222e5001ae647be14f58c5df2fe26901000000000000008d6ce195000026b44b800100,2976
0000000000000000000130a5e9983637265b45523357a31f1f2fa08dd7c1af93,1387636,868674,3993658,917978,939524096,81564ae9199f78102c464179a489ce31a38ac45ca480323cc915dc6f5e4d7836,2025-10-07 03:11:43+00:00,2025-10-01,2b84e92a,1701ddb4,03da010e1c2f5669614254432f4d696e656420627920736576656e74736172732f2cfabe6d6d3f624b39d7623fb1c15b2a772c6b7032e7b3448d297f4247cf0901c0a23bf7f5100000000000000010b16ec10215eb2f5b19d85eba28bd020000000000,2037
000000000000000000011db5e7f823e1001796258319361e2ff9d041434de964,1515885,826018,3993939,919280,939524096,1f325b996a166cfe842549aac4f392fe918ecce51e89f4143c6dba86ac10551d,2025-10-16 03:34:00+00:00,2025-10-01,c13dd6ca,1701ddb4,03f0060e184d696e656420627920536563506f6f6ce6004906d42bed1cfabe6d6d267b5ac12691f8d360f965ece368ac8ab648274d68532931c0678ca3fd41aef81000000000000000687e00005bcdc10000000000,2800
0000000000000000000007ea9a79d8cd9fade97ceb88318bb9cef02df0772124,19235,9025,46310,918303,973078528,49f08efc7d113bc0c57e44e554f70a7852c7da36495dd4e2c7fede8f0b4f5994,2025-10-09 11:41:38+00:00,2025-10-01,4fb7dc67,1701ddb4,031f030e2cfabe6d6d77dfc5c262b416eb5fea0b3eb04e40e8b86302e999ff7e1633ae02a5dcf75e6c10000000f09f909f092f4632506f6f6c2f67000000000000000000000000000000000000000000000000000000000000000000000005009e0b0000,49
0000000000000000000077b71c628bd1da6404800246e7ccc1f2494930f39ba3,559884,268446,1365222,919134,973078528,f1a778df627fb52460e37ced0735bb3875275c414821d6b2f373f0abc4171438,2025-10-15 04:07:30+00:00,2025-10-01,bd2c333d,1701ddb4,035e060e04031eef687c204d415241204d61646520696e2055534120f09f87baf09f87b8207c763034fabe6d6da361823a485f770b9befb492b51cb6679e1521c83edc2fe81502051fcb3fa0ec010000000000000013e2254bb300a1f50100ffffffff,1123
000000000000000000013934d712b4cfdcc39ce11bef558d9b82fb80b82e6873,670699,273041,1489822,919031,973078528,d85bb08fc71ac873263ae8a40eddd7fea9d14a37bfefa0cce862d52b31a11111,2025-10-14 12:07:24+00:00,2025-10-01,4df427f0,1701ddb4,03f7050e2cfabe6d6dc937a0529b822377cbc64dc35e62ab0de44380784b96d35aae9f3f1612cbc52310000000f09f909f092f4632506f6f6c2f6700000000000000000000000000000000000000000000000000000000000000000000000500405a0d00,940
00000000000000000001112bddbc0dc7cebaf32f1812d2e18f49136548177bb6,1737895,751743,3993124,918835,973078528,6759567c477df08e849bf09bf694941594de869a00f366d4c061fa6402677b4b,2025-10-13 08:22:51+00:00,2025-10-01,c54a73e4,1701ddb4,0333050e04efb6ec68537069646572506f6f6c2f37392f343798e073101e5cbcfb0f0000000000,4714
000000000000000000000976a821ed4e07ab2b8033e88f0410710943eced2c20,1649283,781293,3993162,917626,973078528,0d30cafd421b53f2c0fa347ddc3b056a8145293477754c335c19b6c3f62584ca,2025-10-04 14:25:46+00:00,2025-10-01,3ceea29b,1701ddb4,037a000e047f2ee168537069646572506f6f6c2f36392fc359e3fa5d02007daab13f0000000000,3888
00000000000000000000be101186527b1f777eec234c01ef753f446d5ec766c7,1613611,793204,3993223,918573,973078528,be44a47290bc0edfad686313bd43694cedca7d49c91f9abf8ddfef5157ac37c7,2025-10-11 13:35:46+00:00,2025-10-01,2c829c53,1701ddb4,032d040e0f2f736c7573682f65005c079c74d862fabe6d6d7fa7175ffc3d3066072c347de7e304e2427b63e1272c1bcbf11613cf4b97813a1000000000000000000004f96f00958d0a000000,6037
00000000000000000000247eb38808df9c23d07ba479c81b4d8f20cfe586c04a,1620936,790828,3993420,918993,973078528,33e21fd8b05451cb184a0133f3ad42a05c7abfd1d97f6e8a72b36a0e152e6dc9,2025-10-14 08:00:37+00:00,2025-10-01,b50be396,1701ddb4,03d1050e042503ee682f466f756e6472792055534120506f6f6c202364726f70676f6c642ffabe6d6d262d3328f8b3c355daeb67fd49029ae803c9fb0fbfba6bd76b2ca59973040a520100000000000000969704fd00001d2bcd5e0100,3737
000000000000000000012473b879f949c776738d650c4cd399638903788f9a9c,1769742,741323,3993711,917571,973078528,6e17fc593ff9e8e4303157b0601467777f9a46b7ed327d5e9d6bee6dd9b056e3,2025-10-04 03:16:10+00:00,2025-10-01,1283a305,1701ddb4,0343000e047a91e0682f466f756e6472792055534120506f6f6c202364726f70676f6c642ffabe6d6da63af8fd35e96d9fbcea8974c321ef9d363004947a34e2b3d87ebe57eb92e2f8010000000000000077973b8f0000188a16040100,2367
00000000000000000000ef1d92fedb761f1a8e880793891af44efce35ef0da06,1607526,795480,3993966,918064,973078528,cfd023a4606bc6847f3676ad99360e59018430e978e316279b1d7b6703020c45,2025-10-07 17:49:01+00:00,2025-10-01,98dcd49b,1701ddb4,0330020e1a2f5669614254432f4d696e6564206279206164616d383938392f2cfabe6d6d36430df8c6c9f67b04d5db85d99ae4e896194f0ad563bba24ea57d2b81a7dde7100000000000000010a64de803a74013a941dda24479b7140000000000,3853
000000000000000000006dc9683dcb62bbf6b27721b069f100965e44f47e41b3,1637719,786828,3998203,917474,973078528,90c0578a046d6a90092e2afb26219b0717e550628331522398b66babc34a860b,2025-10-03 07:04:27+00:00,2025-10-01,b9eb1e2a,1701ddb4,03e2ff0d2cfabe6d6d45d2d4788908cf64db6987e810ea7690293ae300aae6c56b3dcdf6a7ada24be610000000f09f909f092f4632506f6f6c2f6600000000000000000000000000000000000000000000000000000000000000000000000500db320700,2152
0000000000000000000008642ae781f3282ccac4068969ca0eb2afe4f9226939,1541680,818891,3998353,917636,973078528,822c173cd557df53a2a57d413e6fa1085d2c08b858855203c9622eb0d29abe35,2025-10-04 16:03:36+00:00,2025-10-01,da1e5ac6,1701ddb4,0384000e2cfabe6d6dc6e3e55c7999d3fd17b0b82697a166c747def2dd37d9d0267d387cde84786ab910000000f09f909f092f4632506f6f6c2f640000000000000000000000000000000000000000000000000000000000000000000000050005ed2a60,3592
00000000000000000000b13a6c113062d9db5bcd2c23c7421592a03110028115,1882,1846,7420,918336,1006632960,720cf3d50124f55306eb02be984c65a5ad78890cf8bff6b07e9a5ca8ace2b202,2025-10-09 17:27:53+00:00,2025-10-01,456c0ad7,1701ddb4,0340030e1a3c204f4345414e2e58595a203e0f32333420416c6265727461000711921044ee90500e0e26b10cf06d844b010000000000,1
00000000000000000000984b646d6970305318864e931254dd261ccbe1183aa7,367070,180853,909629,917809,1006632960,9f04d8b3854474dbcd3416dbabb4de465c7fcf1c52ecef40fc1b8f3a09d8ed21,2025-10-05 20:12:05+00:00,2025-10-01,4901e3c,1701ddb4,0331010e2cfabe6d6d4133e7b2bfac702dd6b570a7da4dc717197269837e121b66216177355be9220d10000000f09f909f092f4632506f6f6c2f6c000000000000000000000000000000000000000000000000000000000000000000000005000442d81c,954
000000000000000000017939a5ce6a69ab3dba95c3ed51666496e35e7f9b64ae,380664,182776,928992,919311,1006632960,8ac80dc46d9f399fd5fbd94590c02e27552916f92b3766212ffa667b4e46ab2c,2025-10-16 08:11:36+00:00,2025-10-01,5ec7823,1701eb21,030f070e192f5669614254432f4d696e656420627920663278323838322f2cfabe6d6de1d3ac1cc93aa15af30902f8dee04d68f2149fe9593dae3fe3f62cabd4b7285f100000000000000010ae277e057334044738b1bb5a54a80d0000000000,836
00000000000000000000f5ef2981ca2f4cc39778a934a3a4bda8edb085ebcb87,1395594,524519,2969151,917350,1006632960,3e3a995316954736101ff25e4401b5483373878f3b37634199eb223469cd04b1,2025-10-02 10:09:18+00:00,2025-10-01,4a6ba2d0,1701ddb4,0366ff0d04504fde687c204d415241204d61646520696e2055534120f09f87baf09f87b8207c763034fabe6d6d9ca640806db1743966acfb7641f867ded8ffd44331f8cd5cf2f358f498f741fa0100000000000000134fce42e70025f20100ffffffff,2275
000000000000000000009b3c4ad83fcb123ebda7c52081142b2ea223f75ac354,1412669,643763,3343958,917972,1006632960,a949cc9bcd9ec8cbb573db3084090edcaf548c8c37feac95e25c08b1e483ddf3,2025-10-07 02:09:52+00:00,2025-10-01,817132e4,1701ddb4,03d4010e1c2f5669614254432f4d696e656420627920776d6b6c6173736f6e322f2cfabe6d6dff8005de94b9ebcbc38730a8eedfd89f2a329f9dd6f294ce64be76d1bec2d74f100000000000000010ed3c8305f833ef26a3fa35428667020000000000,3098
0000000000000000000152524c94198559b76a130e6a7491e6052c145a60c8a6,1496894,686092,3555170,918774,1006632960,e0b0b801abe06867e98187e0833e28ddf992159e2260b15a582f3b051da7f701,2025-10-12 21:10:29+00:00,2025-10-01,bdb417c2,1701ddb4,03f6040e122f5669614254432f5472757374706f6f6c2f2cfabe6d6dcef6c7a55520aff131359b3be80562387764efcc6f600a6163f578d3e2bc7d4c10000000000000001069cf4106f39749f1e26713745442020000000000,2479
0000000000000000000096f0970fa631378e9fd9b5449d6b7edfd15f8da425a1,3004879,329359,3992956,918621,1006632960,272f6bb131c38a565f7a91f79c8d16abb3315252511a9c0aaef73a147f33c80d,2025-10-11 21:02:05+00:00,2025-10-01,c5979b04,1701ddb4,035d040e04cdc5ea682f466f756e6472792055534120506f6f6c202364726f70676f6c642ffabe6d6db78cc4aaa9219d78b37155f83e8ee218ae030895a2bd37a12dd54b23c1a4724f0100000000000000919b82d100000a83d3c60500,1754
00000000000000000000812ac13b480c09bbd19022aba9cbd1a2e991592cbb35,1711871,760510,3993401,917932,1006632960,a1eeb7111726cb1dabea624054770ef3076742459b9af240e645d6f09dba995f,2025-10-06 17:27:14+00:00,2025-10-01,3585a01a,1701ddb4,03ac010e04f2fbe3682f466f756e6472792055534120506f6f6c202364726f70676f6c642ffabe6d6d3fdb8e91f7c9ecb8fa142ff27f78c56922716688ed45d65577d97f5bb20e4ad501000000000000005ba8795500000faf09f70500,2024
00000000000000000001943a7ada6edf62176531ff3619cd706db592f68e7264,1564274,809733,3993473,918267,1006632960,9c08cf66358bc29ce1457fd365c0f8f3dec75a53f69c8f44af5949b80a43c7f5,2025-10-09 05:53:09+00:00,2025-10-01,d13ee6d1,1701ddb4,03fb020e1d506f7765726564206279204c75786f722054656368e5008206f10c3bddfabe6d6d48b94e9883b53bb1888d88fffc86a2a0acd02948662ccfa7e07932461bb0d3f010000000000000000001090100d3501c00000000,2538
00000000000000000000a105a4ead0c9022db19cd1d7d97447b9d4e2a1735b13,1700597,764329,3993584,917686,1006632960,a6976a7bf2dbfeb4ca01c52ffbe355e37e9e7d7f5e16be7b4c7deaa4acff122f,2025-10-04 23:44:54+00:00,2025-10-01,217575bc,1701ddb4,03b6000e0476b1e1682f466f756e6472792055534120506f6f6c202364726f70676f6c642ffabe6d6df4b6c7e9e599f2ee3e863c97c02665366accc9e2a5044fb5e044dbca05cdc2650100000000000000696e7a0600004b30fcd10900,4994
000000000000000000017d56fcd1439f73e44d8183db44ef91c868936c4fc081,1588573,801675,3993598,917863,1006632960,b6c03f04256fe93fd6e24752021fbb259414955a920124068dfa500d0cbd8e75,2025-10-06 05:09:04+00:00,2025-10-01,4ac39788,1701ddb4,0367010e04f04ee3682f466f756e6472792055534120506f6f6c202364726f70676f6c642ffabe6d6d1f3b9c07455b09b2d37e5310692fe8fdd22c2a33204be8fa21d8afd0cbd81d17010000000000000065d5936b3ea1570000000000,4344
00000000000000000000418de0d1d8588d90ad823ad4b97356fd354b965762c8,1546007,815881,3993650,917251,1006632960,615a1de81cba6d416eed36666085348bc5d42b3ae20994d200362ae90241f9af,2025-10-01 15:59:54+00:00,2025-10-01,3565f57b,1701fa38,0303ff0d04fa4fdd682f466f756e6472792055534120506f6f6c202364726f70676f6c642ffabe6d6d08623e77255850a60eb38acc3b71ad5972c8d17d23e3fe8e3f557330851b2e780100000000000000239d6214000037bf48007100,4114
000000000000000000008273aff9bc773cce6e29ebb8e0e75804066b126d1e27,1689929,767913,3993668,917960,1006632960,c4de1a120a26776f28198fc7b86a3de8bf75ef92286e372af5e94cdaf71e948c,2025-10-07 00:09:54+00:00,2025-10-01,aada63af,1701ddb4,03c8010e122f5669614254432f5472757374706f6f6c2f2cfabe6d6da9822e90bebf18923dcba40211804d271482702495a99156c223437d24690159100000000000000010706bef0378787eb6d2ed5dc459d3380000000000,2854
000000000000000000004d91acfbd9ef4d4cf5a03321f37eae0a161a78382ea3,1691559,767378,3993693,918066,1006632960,280da10ddc9db07b06d3e194d0ccf0ef3697870f7487de4630e32c20f7d0345d,2025-10-07 18:08:14+00:00,2025-10-01,c4c03dd0,1701ddb4,0332020e040e57e5682f466f756e6472792055534120506f6f6c202364726f70676f6c642ffabe6d6d32eb06c2f595e154ad0532a3d896d5f3088830cfd7a25d005dea220e0a4ddf1901000000000000005ba8795500003bffff113100,3725
00000000000000000001201599ef0f4f6c844a69398f2e8187ebdad1e64aa68b,1513330,826788,3993694,918666,1006632960,0334a6b58aec046f42ee590be18651b2f48aa061e7240c7524a3156af291db2a,2025-10-12 03:03:11+00:00,2025-10-01,ac02cd10,1701ddb4,038a040e04851aeb68537069646572506f6f6c2f3135352ffabe6d6d63139e47f2d5f0d4dedc6b359e8e14375432b7cd8e1c0d51b08300362f493deb100000004969bf4b4815d5497906e83ebe96010000000000,3267
00000000000000000001a331972e17626194db7d878873ad3c97455e4dfc8633,1542389,817112,3993725,918487,1006632960,1cc305c22338240e412a2350e6b225bf5f724f56b87b75106cc5ad9e79de7f7a,2025-10-10 21:42:47+00:00,2025-10-01,3ef5c77d,1701ddb4,03d7030e04d77de9682f466f756e6472792055534120506f6f6c202364726f70676f6c642ffabe6d6d7571a53b6218fb7e35b50a8e2fff6b5cce325bc86028664808f29863ffd46b20010000000000000095852e54ead9000000000000,3229
000000000000000000005d6074d429714a68ef2f4e420f81abd0de31cf482bee,1574558,806398,3993752,918429,1006632960,92ffba2cbf4c20c859f4372de64d0f41b828093e44ea75cef9bd50a9e4c3753f,2025-10-10 10:06:06+00:00,2025-10-01,b16b1c7a,1701ddb4,039d030e04a8dae868537069646572506f6f6c2f3137302ffabe6d6dfe04a94681f442a8406511d6b7ad9c64abdef7793dce6984e9e7641e167ca281100000004969bf4bf6f2d5988612bf2f5a97010000000000,2591
00000000000000000001305e5240a6b469343e5c7b7d31519eaf3c5a59b74f74,1528343,821849,3993890,918611,1006632960,17e67f1d883f543f70e413e2c790c0653c010f4b0699d38205faa6e93f840415,2025-10-11 19:26:04+00:00,2025-10-01,cb7f8016,1701ddb4,0353040e1c2f5669614254432f4d696e6564206279206b72617573796172736b2f2cfabe6d6d618a2847616285bddb782a852aaabf04b2e400eba509916279cc93b2af515311100000000000000010b4eb900a0fff5eb3cc66fc407da60100,3076
0000000000000000000044bfc6198f59bf77395117fdd5916a74bb92aeb07fa1,1767398,743650,3998348,918439,1006632960,6a7a52b34b1f68d79438a3803e6ca786348e3e6aff59e57fd2a1792a5f19f6c5,2025-10-10 11:50:04+00:00,2025-10-01,ad1080b5,1701ddb4,03a7030e2cfabe6d6d45130ea7d59a89c4ecb845bec3b535f0fc5a9404b2223cc1fa96d689b2200b2e10000000f09f909f092f4632506f6f6c2f62000000000000000000000000000000000000000000000000000000000000000000000005002cab0000,3685
000000000000000000010c0721ff0521ce76c08192075eb248b834ebf6d8f4c8,321990,142521,749553,918143,1040187392,4783ee757ad8bb7ef407a3e6fc31314597ab29dedc0e86f7d7d43e436e31c8ed,2025-10-08 07:36:28+00:00,2025-10-01,47e8da80,1701ddb4,037f020e1a3c204f4345414e2e58595a203e0f5065616b204d696e696e67000717921041fe905a0e9fe5b10cf2df559d060000000000,650
000000000000000000013f54bbc95413d830d8eaa69e5e2fe54cb0a5f4ae63fa,417202,215237,1062913,918205,1040187392,611cd2dfce4e46f8a7c26aeaf3ed08dff11fd1182af101c91fb251d5f2f63fdd,2025-10-08 15:37:14+00:00,2025-10-01,5f407325,1701ddb4,03bd020e2cfabe6d6dd0814a26c1a3cf3e363a94d73a2ac76f7bf8bc5585d4f3e346429af08e01d87410000000f09f909f092f4632506f6f6c2f65000000000000000000000000000000000000000000000000000000000000000000000005001aa492b0,1070
00000000000000000001c4eca452270196043f2d34c83a151d11a9a4db7bc3a3,653032,329903,1642741,918018,1040187392,2b4fed068c672abab56d8ca10a2a6818cd167229044fb3e5db8db32834c6d5d6,2025-10-07 08:45:27+00:00,2025-10-01,ca3f0105,1701ddb4,0302020e122f5669614254432f5472757374706f6f6c2f2cfabe6d6d01dd0ed8a12da641042fa24a52c6a75735c9c07233dd686c415ef77587adc45610000000000000001019441a05d9002c4d204f72704c94150000000000,1469
00000000000000000001ce624c7e4cd8ac91e4ace0cf3559c86c9bb3ce0aaeb5,776574,402052,1982730,917905,1040187392,6d7ce68b0297db7e3585b72dff7b50277cb13bf4ab02bdd1cd4c8d8671ea13e5,2025-10-06 12:25:46+00:00,2025-10-01,95ca62e,1701ddb4,0391010e1c3c204f4345414e2e58595a203e0f496e66696e6974792048617368000712921042ee90580ecf4fb08cf04bce3f020000000000,1512
000000000000000000017c9ac64278e7306c4b715d5657152c3fb687f2548ead,1026658,438500,2342158,919085,1040187392,e40c6348afc950c85cdb4896f6465306d6bc5f39f100703ee84be1b74b2b28c1,2025-10-14 20:17:35+00:00,2025-10-01,8e98cd0c,1701ddb4,032d060e182f5669614254432f4d696e656420627920323532376d672f2cfabe6d6d4d2ad29d31c3c11224f55b4a81c05ba2c6e82426c76582a5e56b2864e60cca6b10000000000000001007398e0ad759cf37ba2df4a5552f0000,1676
000000000000000000001448fba435388f51d5e31960f894e7ae87b48aec9f93,1602904,794224,3985576,917514,1040187392,bf77b02231e4c5c53835b9fbaa5b6b915de7c2830e0b802a183d351ada531ce6,2025-10-03 14:43:55+00:00,2025-10-01,9283ee01,1701ddb4,030a000e1a3c204f4345414e2e58595a203e0f5065616b204d696e696e67000717921047ee905d0eb4d7b0ccf1bbd46b000000000000,3637
0000000000000000000173c5ed12fc2af62afee154ac887c442d87d8ec20da51,1560759,810861,3993342,917733,1040187392,122824538be08dc112e002b0f6f8357a0b77efb1930e684111d46ff8f98a24d2,2025-10-05 07:56:46+00:00,2025-10-01,44beb024,1701ddb4,03e5000e04be24e2682f466f756e6472792055534120506f6f6c202364726f70676f6c642ffabe6d6dcf2806181978170edfc94fe078390ea1eab13620bc3b246f3ab4f5e5e6b3ef8501000000000000007d71f9ee0000093defc81a00,2308
00000000000000000000b58001d741cf7a4abe0b5d24456ab8fdd2c9373d3293,1693752,766535,3993357,918420,1040187392,662c69caaf0056fbd1339bc98f4553564e048930c40e591ba26ffb5299d9b613,2025-10-10 08:23:44+00:00,2025-10-01,a657494c,1701ddb4,0394030e0490c2e8682f466f756e6472792055534120506f6f6c202364726f70676f6c642ffabe6d6d8430cd82364b36b16df567b71766cef5f507c1ad37a663dd68e8e0963e3ce390010000000000000061973e3400000d46c8510000,4266
00000000000000000001d927067f0f841b8126b84817be5750b594c12103bafd,1659941,777831,3993434,918716,1040187392,840f8a19a206a594ac18e84adeb5192248c5d3f8245345fe704038d0d6d0ae83,2025-10-12 10:01:01+00:00,2025-10-01,bf811f3f,1701ddb4,03bc040e082f5669614254432f2cfabe6d6d32d8d17741b73c2acb0af1abcf69733ac76de205356d4b0bae7947c6a780fa421000000000000000109fc34006b1393cfcc53adac63ca9000000000000,3758
000000000000000000012dca96f7e4803c607e2f34d41a2a7ae8f4afb00ae1a7,1642907,783537,3993518,918175,1040187392,d4e542752e01040b575db060cbb3efc40800fefc234b102e196e90a11fe7b99d,2025-10-08 11:01:35+00:00,2025-10-01,8674e37e,1701ddb4,039f020e049044e6682f466f756e6472792055534120506f6f6c202364726f70676f6c642ffabe6d6d1107a318ac190905c462594f0c1a57d5ff75ebdb9da6d460bc22319ba37f34e101000000000000005c97174500002e517b7c0100,3801
00000000000000000001d1bb78ae28ce70355d7df63a5ff148b2bd88e329af03,1630721,787600,3993521,918911,1040187392,c85968ec530b86984df72dfb58fc4fa19402ff8f5b0dd582d59ea9d1ba492b27,2025-10-13 20:04:39+00:00,2025-10-01,b38c7387,1701ddb4,037f050e04575bed682f466f756e6472792055534120506f6f6c202364726f70676f6c642ffabe6d6dde2ff9f123c30fd2d94e9d755819e115ba39e246ff07478a5559f910fd24420901000000000000008b968842000033836ede0000,3077
00000000000000000000c570b95894f5891b64a4ce52e6a9acb0724e60731553,1545689,815947,3993530,918449,1040187392,45b6f84d119b7b3358093e53658b753bbf8d4183095677f2d7c4077700f72c38,2025-10-10 13:00:02+00:00,2025-10-01,30c58463,1701ddb4,03b1030e045203e9682f466f756e6472792055534120506f6f6c202364726f70676f6c642ffabe6d6d06f326314d767b1d58fe1b6b4f790671bfbd51a28a362cf790bcd1442ec861c7010000000000000024f937511809250000000000,2802
00000000000000000001b6ba002de127f641a800e246972c19296d3e18229b16,1817271,725450,3993621,918560,1040187392,84affc4a14f1e428321a240350a0efc84747ccfb788f114d70c0d5e75ee5f034,2025-10-11 11:22:21+00:00,2025-10-01,1f03eae4,1701ddb4,0320040e04ed3dea682f466f756e6472792055534120506f6f6c202364726f70676f6c642ffabe6d6dadcc281c2d93883f53c4b9475c64c6714b39d90147e6fe8d55c992d50448e93801000000000000008196dfb00000220bd0240000,1533
000000000000000000005edcbff814b3c198c27d8be3b1f4900c2b7a27c5dd58,1686744,768969,3993651,918458,1040187392,49b23e7735745cc27e8b97315404be3054bb50f3ae9d02f4a70c0d226346b4f1,2025-10-10 15:05:16+00:00,2025-10-01,531bfdb9,1701ddb4,03ba030e04ac20e9682f466f756e6472792055534120506f6f6c202364726f70676f6c642ffabe6d6d3aebc033450236b9982446b6afc4eb1cab92a9c17b0f2cedbc75ee1b730139fa01000000000000009a9720b300002d28c58e0000,2798
00000000000000000000eae58d22cab2e36e01c25899ceaeafb5b21603c9d2c3,1771895,740595,3993680,919165,1040187392,796d560b11992084d8757a4b04b1d22656bd8c89976e152207ae870ba5b2c08e,2025-10-15 08:39:17+00:00,2025-10-01,a7d9fcb,1701ddb4,037d060e184d696e656420627920536563506f6f6cac0057003e5d9e66fabe6d6dc77237bff26fb7af1917ddbc34dd81534e8202215aad33c8aec1570c7824e468100000000000000036990000750e000000000000,4080
00000000000000000001716641a4d659023dd0dd0af9df9d8a44445b1a025794,1858226,711819,3993683,918071,1040187392,2352cb63e80c52feacc03b3db240d83d87e508b9e393b29090e11f6261434091,2025-10-07 18:39:24+00:00,2025-10-01,cf4234d8,1701ddb4,0337020e045c5ee5682f466f756e6472792055534120506f6f6c202364726f70676f6c642ffabe6d6d466b8335438db3e24609b9a88a0bffc78e3ad543856ff30e752ef042de58da84010000000000000072148b88b8bf070000000000,1760
00000000000000000000d417cc8df1819ac104902f28bf71ad466b6b3603193d,1553334,813466,3993732,919042,1040187392,698a1a4a92b218ba5a36d7faf41642f9ded9788050716be35092f13d049c3174,2025-10-14 13:54:32+00:00,2025-10-01,e81102e8,1701ddb4,0302060e041856ee682f466f756e6472792055534120506f6f6c202364726f70676f6c642ffabe6d6d6d43052f9a20231eb4d959d2c81cda719b929d991745fa8802ed9611096877c601000000000000008ae4c7c2000019edcede1600,3604
00000000000000000001ad0d6ff888f7445d6e485c84abed0dd4b96328562bd5,1597456,798774,3993778,918706,1040187392,99385fdf7c883967d89a01dfbac82b7868a1ed1d83b4c24ae93e9acb63f6340f,2025-10-12 08:36:56+00:00,2025-10-01,ca9c9334,1701ddb4,03b2040e1c2f5669614254432f4d696e656420627920676f676f7269363738392f2cfabe6d6d71f60403b734f7a1c361fe1062f04f73adbeba81d54b9bdf8bbc741658f9fbd71000000000000000101fc26a00ee13682d677236b70ddb460000000000,3016
000000000000000000002d394b074c977db5ebbeeca584f9b295e68e428abb77,1352116,880557,3993787,918477,1040187392,8632ce8d0c443900d295bfdf5621eb1261f4ac4a8c30bf6f78bc4e97ba8acaba,2025-10-10 19:05:59+00:00,2025-10-01,bef5806f,1701ddb4,03cd030e182f5669614254432f4d696e656420627920616c693733332f2cfabe6d6d0065b11c6290773bb828970d96a32b3e63da158957cbb3b49bc5136ae1472c07100000000000000010719a46068c5f6136fdb9aabb4535010000000000,1633
00000000000000000001c3ef21dbf2219a4b77131bc8603d8f3da22107e89a2c,1596359,799185,3993914,918160,1040187392,c29da1ff2ec31a37ad1b262a4eb8ecf433208770739cad5c5c45994b76ca8b28,2025-10-08 09:26:16+00:00,2025-10-01,409f6f87,1701ddb4,0390020e122f5669614254432f5472757374706f6f6c2f2cfabe6d6d79d743f80ec1c44b090e1a767778ea34a90e2fe13dd081bdb18af8c745b06cf21000000000000000102090be0215e363f715358c0dd5cb540000000000,2409
00000000000000000000f0c6fd16bd32f22f7e08436656e38d36fe6c2ab470d6,290429,154982,755375,918101,1073676288,bd5452c8273e8352be44f8db9ef5f5d0fea826ab76d92fa11f59252dfeb9d899,2025-10-08 00:28:37+00:00,2025-10-01,8d71b670,1701ddb4,0355020e2cfabe6d6daaa4de78b75e7ded59e656f6600c61d73abba72670f41cc16d45a6d218f072d410000000f09f909f092f4632506f6f6c2f61000000000000000000000000000000000000000000000000000000000000000000000005008bb84a00,707
0000000000000000000056e72fdd82a562a4018e84faec2226d4437cd23c10c8,597842,335895,1605527,918953,1073676288,3a9d8c9adee00e9ed901fdaab9096b8f2134ccc45d543018dcf0eaf0390607aa,2025-10-14 02:20:00+00:00,2025-10-01,a3e80b3c,1701ddb4,03a9050e2cfabe6d6d2bf12eabd9938c832503c6d3caabe2031353ac3fd44b8c33af2b0d68de77f8b310000000f09f909f092f4632506f6f6c2f73000000000000000000000000000000000000000000000000000000000000000000000005006e13de00,1149
0000000000000000000189f0eafaa340e5f36dbfa2fd2a7377c4198e14ea4996,1061014,514599,2604811,919121,1073676288,dc5f2fbebed612e2b321c96e5f9d199f145044d3197e556abee05f92d1d7eb25,2025-10-15 01:52:50+00:00,2025-10-01,effa02fa,1701ddb4,0351060e2cfabe6d6dca1a6853520ea11058d80ef5516379bba74cc48a14464c511748d310c4690ea310000000f09f909f092f4632506f6f6c2f73000000000000000000000000000000000000000000000000000000000000000000000005009c28b201,2352
0000000000000000000066cd4f35ec30d3e5faec40b06241b7e0e35cf7c5fa8b,1320197,689905,3389912,919212,1073676288,84df1f7183ede378b300fce7d710844849d47ff44bed8578f76d821048f11d12,2025-10-15 15:53:09+00:00,2025-10-01,4f02e16f,1701ddb4,03ac060e1b2f5669614254432f4d696e656420627920616e647277313930362f2cfabe6d6d93fdebf16f60c21adc5d13204a86d218915b03d3893eb3414581c54e015b320110000000000000001014fd170515325e059820bc360516000000000000,3146
0000000000000000000130a7e93ac553967d171a323586d813481fff8e120407,1487277,663280,3477117,918316,1073676288,4bc0d05a7141a27f2a788cc1ad1eca98f60636053682d13e4d77855a1e8758ab,2025-10-09 13:19:12+00:00,2025-10-01,7a19ee84,1701ddb4,032c030e2cfabe6d6d9714a2ed7f90ff081f11d50c25d4fbf54ef05fc4faec37a4a380e25127c27fd510000000f09f909f092f4632506f6f6c2f67000000000000000000000000000000000000000000000000000000000000000000000005007acdd700,2672
0000000000000000000196710ded31939402592df11bf08742a9e0abf8f5d4fa,1591298,799534,3989900,917149,1073676288,49d6a243c90e7f298c8cef2859892cf5dfaa997f6fe361f7f3c7f7444981cdc5,2025-10-01 00:01:50+00:00,2025-10-01,f1d333f8,1701fa38,039dfe0d14526564526f636b20506f6f6ccb0064065af39c6dfabe6d6dc0637300dcfa8b5d37dcfd4031d8c997aff4a1f0644de5e51943cbc3fa61f64710000000000000000000e22af843000000000000,4740
00000000000000000000e104d930da82f1fb7f1f546411b5181945c53ff08374,1650256,780124,3990628,917151,1073676288,dbc8a716ec4cce8466787a8574ce0d063c80cc180d63af7609fe343be9f886fa,2025-10-01 00:12:19+00:00,2025-10-01,8d5a1309,1701fa38,039ffe0d049c70dc68537069646572506f6f6c2f3335372fc0466b395c77c7dfdaf1a10000000000,5524
000000000000000000006a7773e9802cfe96b415afa40db0954df120c5d1ada5,1512718,826721,3992881,917518,1073676288,cf10e1e4b9b0147aee04365e558fbe171be9e7346bd769a975c8e3b73a00508d,2025-10-03 15:28:43+00:00,2025-10-01,7e890d0,1701ddb4,030e000e04bceadf68537069646572506f6f6c2f37332f2db31ded6666d5bc13e0b40000000000,2780
000000000000000000002cbdf70b5676bf25a0e86299ca6fef05d778c7f226c8,1028837,988142,3993263,918110,1073676288,e63779e71c48b8e457b8b06d1500c94fa2d6fcedece7fabb6b2aa634fff4e927,2025-10-08 01:56:58+00:00,2025-10-01,317fefad,1701ddb4,035e020e049bc4e568537069646572506f6f6c2f3539732f11fb39b65b07d50f8373210000000000,271
000000000000000000018e58e6ff649ebaa9ef4996cfe477a59cb578746627a5,1596249,799054,3993411,917313,1073676288,c7f26d28b0d50891d4ec6a662458a9d141cd59c477fd43d9abca1bc4ece0c637,2025-10-02 02:05:22+00:00,2025-10-01,605de808,1701ddb4,0341ff0d04d3dddd682f466f756e6472792055534120506f6f6c202364726f70676f6c642ffabe6d6dc237c46a97e8be47efd96e2fea2e71463d3bcf1005eb7e236cf6657912e3b3fe0100000000000000955358ce300f000000000000,2961
00000000000000000001183b4710ba2e9e29678e7d36e0a2440207d9f0b8ce90,1585037,802802,3993443,917480,1073676288,66c7b12a51313c812f521c43edc75a91dd176d2671fe3f9afeb72384e9758058,2025-10-03 08:46:45+00:00,2025-10-01,2060e9e6,1701ddb4,03e8ff0d1b2f706f6f6c696e2e636f6d2f66702f393636f9001f001d309b4101fabe6d6d32c579e1df4ed0f879a9a95d0074dcd11ead79e7338d47b59a6f0b01f259e0ef10000000000000000000cd65493f000000000000,3878
00000000000000000001ccb6c07dc60369451e9ff0394436a3c25d42a5e78e50,1649240,781434,3993542,918919,1073676288,453861605bd67aae8eee40d4a273fd11de372d6ac752708f46d5b9c9d082afc1,2025-10-13 20:47:11+00:00,2025-10-01,e78e2b74,1701ddb4,0387050e042865ed68537069646572506f6f6c2f3837342ffabe6d6dd2a7a440b051cbcbc9373f714654bd6b983d74484422d954a99769330df577b508000000e13017ebe524696115197f64ff65070000000000,5161
00000000000000000000d9ab56b5f114e284ec6784f2de90cc7be3af0aa3a16d,1596166,799141,3993589,918883,1073676288,8eeb835b14bb815b9ada900ce85370f79ebb4498d9cf7e915d124c53d1706d0f,2025-10-13 15:20:10+00:00,2025-10-01,83fa42a,1701ddb4,0363050e1d506f7765726564206279204c75786f722054656368e500a601c63174b9fabe6d6dda42868d8c73e9c2364e355a187050e5133a87a64dc7bd93a3ac754d60257eed10000000000000000000e6dc00b33b0000000000,5025
0000000000000000000110d5d6c981e51f09a4017ec328137476a73de0d3d15e,1551829,813921,3993592,918584,1073676288,a849c5a5bafde59afba6eb9130024431f1c220e57e4d783e7a126ceea59e9a63,2025-10-11 15:35:10+00:00,2025-10-01,95b1c32d,1701ddb4,0338040e082f5669614254432f2cfabe6d6df454643410076dd1fd3f40b41c3abc608dfa30a9f09b82ad31b468e31af661831000000000000000104c97b404da79b74d6a2b631f1c3fa80200000000,4176
000000000000000000012babb8223e5e1e12106d7a5ff682eb5ac1f959b43c4d,1511899,827237,3993610,918241,1073676288,fb4874cf737ed285483f0e965f43992c137577ff1f412a1c24187518b8dcd40c,2025-10-08 23:40:16+00:00,2025-10-01,b3377110,1701ddb4,03e1020e082f5669614254432f2cfabe6d6d2cf5b92eef749c85097e21c4fca86bc8c41d1d44e7310eec9f35d3196b7500c61000000000000000100252b0044dc6f155b4917f591aaf740000000000,3311
00000000000000000001c8a78598bed99b426bf15daea0228f2cab9118490d9e,1696396,765753,3993655,918137,1073676288,c7b4a4777ac1fba44c14f86b60fca6bbf8f4f6b4d64e4240575b160dfcf59d9e,2025-10-08 06:41:19+00:00,2025-10-01,df738ab2,1701ddb4,0379020e1b4d696e6564206279204c75786f722054656368e500b203fe00033cfabe6d6d8b8f269195c146c2d649f7f535c0d52f807185145e75441dd076704f860ffb4410000000000000000000629c007d790000000000,5322
000000000000000000018cdc601615f85aec3d89ffc19f1053fe28f25afa87e7,1561784,810627,3993665,918357,1073676288,96448f243cc4cef34facfe07c8f8587f3cc768db8156b97d4db3cb5257f2c533,2025-10-09 22:14:33+00:00,2025-10-01,71d168ed,1701ddb4,0355030e172f5669614254432f4d696e65642062792073747235302f2cfabe6d6d97a8d2424c228b18bb12be985a584e9c9a767d96714f2c951f7ec01e978eaec710000000000000001030bc8c0aec942c38720fbb161e1f0000,3544
000000000000000000012b3904004d4b7f2253a00a17b3b923783d8e9aa74410,1621701,790660,3993681,918668,1073676288,15974926d8e6cef53fec62a3f8800b75f1c3cdcfd9be359e3ed360a13865d719,2025-10-12 03:20:13+00:00,2025-10-01,5e55e40d,1701ddb4,038c040e194d696e656420627920536563506f6f6c2f007c02c347e81e01fabe6d6db9fc1b32436a053a4c14f113c0fd85d6ab9891a1aecec0a0005b4546b0a87ead100000000000000000001e5c2c09000000000000,4388
000000000000000000012d4b36c4a2e8b2d55d64fc6cd5cb1b2dd22191e4c540,1921222,690820,3993682,917260,1073676288,3394299985be7157c4931b4b0846e0ff3956a21fae96cf7607b255ef35c5864b,2025-10-01 17:39:16+00:00,2025-10-01,8ff57bc,1701fa38,030cff0d1b2f5669614254432f4d696e656420627920657864637a756433332f2cfabe6d6d5cdd40c469efcd62a897534dd711bab81766d73d73ba228cc4dfe16cb918d92510000000000000001008e724036738dd4a5fce85035520000000000000,3144
00000000000000000001a6791c3e46f6983c17c6d3263345c3c43a43f9c217ae,1586301,802478,3993735,918187,1073676288,0df635ceb668f928ba159723822ea41fd319414516a806f5c22052b900c6c654,2025-10-08 13:09:34+00:00,2025-10-01,9d4bcad2,1701ddb4,03ab020e1b4d696e6564206279204c75786f722054656368e500660387b47421fabe6d6dcb4bacceb941309ba969124bb637db099d21c4de6257e4cca7b5294d497f8efd10000000000000000000ca9e00604c0100000000,3075
0000000000000000000183c50f6e8029cba9ac2b4ea22e0c36491551e03d1d44,1663791,776648,3993735,917897,1073676288,4d927cda6b9f687c4da94ee1f012b06405bb92e88ddc4af73e8c951be6479acd,2025-10-06 11:18:40+00:00,2025-10-01,4e7853c3,1701ddb4,0389010e082f5669614254432f2cfabe6d6d71352e026ced78a759392187f983a500282d7563b1bcf6f551dbf37a4d41ee9b1000000000000000102c0eb304356ddcd22bc25d2034adc00200000000,4096
0000000000000000000120fd59ab53dafa334b61d902aac7202c65a55cee54e9,1610478,794444,3993810,917716,1073676288,31f9b68ff5da7e6bfcc4cb8014e762c6bc518d9d238a06484ac2903f2faf62da,2025-10-05 05:17:14+00:00,2025-10-01,5cd65e97,1701ddb4,03d4000e1b4d696e656420627920416e74506f6f6c393630cb000d03d83ac0cffabe6d6db8e7f65c3f8e06685a7dfb94933d23622b79a8635859ae4a50882495ea0e67e5100000000000000000009751d82d000000000000,6159
000000000000000000011329bb0bf16a03024eb6f1ae41101144c2c5a6151a57,1613361,793488,3993825,917723,1073676288,fb4c6c277da181a650bf0f22c4afdef1dbdc59dc5094d9d72996f3ba2403b4da,2025-10-05 05:50:58+00:00,2025-10-01,c63b9d90,1701ddb4,03db000e04e205e268537069646572506f6f6c2f343233372ffabe6d6d98b0ce173de22f5224080bd922e3cc8805bba4ec8d03448b23e713b2e868baf50800000022935a6b6a0559930e03183da538000000000000,5568
000000000000000000018a8b6721a8917f67c10a0dc9ada887ebd06a24c5c79c,1826557,722433,3993856,917359,1073676288,1b6ebd70975d76c796069b8719a5de5884ffa1e8e7907543b2e3a2304c16dcf8,2025-10-02 11:00:19+00:00,2025-10-01,3eb16d7e,1701ddb4,036fff0d1062696e616e63652fcb00c5024793b981fabe6d6db08da2eea8dcbf45da0ec94ee021bb44b4c9861474f8af28a1a99710618c5be91000000000000000000074c1f42d0f0000000000,2259
00000000000000000000b0db49f2232196e28b8fc19c89b52252548eb7d2286b,1500697,831062,3993883,918344,1073676288,2d85de3f881c42e4bf84a279e140238e9380e39f82ca8ff5771ddba7107936db,2025-10-09 19:05:05+00:00,2025-10-01,2b3ac84a,1701ddb4,0348030e184d696e656420627920536563506f6f6ce6005c040c34c0e0fabe6d6d91cdba36e6985e7ace5292695a5b7c414cc83ac9b4fedf3e6ccbf679c67e087710000000000000000000a854d248000000000000,3214
0000000000000000000049951580d7050b2d16712bae7413584ef16dae404d8f,1613556,793443,3993885,917871,1073676288,b971b59aef27430c5cb17bc2c1eb8362b516f19041d81b842ac5441ac3258647,2025-10-06 05:47:45+00:00,2025-10-01,653553ae,1701ddb4,036f010e040058e368537069646572506f6f6c2f3734382ffabe6d6d9077223e8e1e74d0fb01049f842d050c9a3ef3de7ff12377b7909a7ff280bf5e10000000a8b153a6df817be88303da547f05000000000000,5980
00000000000000000000db941121b2020250f7efc36274bef6faaf0ab0aa9d27,1648245,781895,3993930,919069,1073676288,70c1dcc5f73f3a0bdc9048827d65e72961df1812af406e168b5da0fda1bbaaf8,2025-10-14 17:56:32+00:00,2025-10-01,5d72e475,1701ddb4,031d060e049b8eee68537069646572506f6f6c2f313239392ffabe6d6d115392322204ace8a57029be1ae0a0fd22c7a444348517030a2d7d4c955c00b608000000e13017eb217f3d740f1a2b8f57c3110000000000,5986
00000000000000000000a3c27f9abc819346c916c4efd1239763e3143fadcca9,1477418,838843,3993947,917553,1073676288,40101aba20b1774aff5a1eb4263b70d90f7ce7d9ba1fc37a83f2c9ed6c1f2086,2025-10-03 23:48:36+00:00,2025-10-01,2b07c0c6,1701ddb4,0331000e1462696e616e63652f313030396500d7025fb93656fabe6d6d864455400038e1654d0bdc475609b99a88768d4383e4d1203fbd50f5d08a92a5100000000000000000004aec3717000000000000,3792
0000000000000000000163ddeb8681661a6c91d2d2b2139dbff539a6bf24c358,1710249,761233,3993948,918975,1073676288,97ae485307206db930cd88bcf4e192b78079df6d9ad925a5650ca8ca7bc1b6ab,2025-10-14 04:58:57+00:00,2025-10-01,8afe4b53,1701ddb4,03bf050e1362696e616e63652f383231f9013501ec0345c2fabe6d6d713be4a86cbab5da988893a442c099cfc80131faa2a16bfa3c6e7dfbb92752c41000000000000000000096594ff5220000000000,5068
00000000000000000000ace18e752a2ddc4081ac7c44103d9289ff0bc2ce3f2e,1663347,776896,3994035,917215,1073676288,922176ce3ecf0a27adcd636b69703d9b4a983a7946fb6eb812a97dc9723e07aa,2025-10-01 09:59:49+00:00,2025-10-01,246feed4,1701fa38,03dffe0d1b4d696e656420627920416e74506f6f6c383035f90002013163b34bfabe6d6d1ae072c64ab0eecaad44a7dc080b68bd287c175032de8636800851e353e9ec681000000000000000161f0000290d000000000000,5231
000000000000000000006e30fabb52330e9b97c78f788f8ebc3953df0c8f65d6,1608575,795162,3994061,918257,1073676288,e89ad53731392f41bfa33e60a719086026437e4b2b2b078e931c06fce7a2d411,2025-10-09 03:38:42+00:00,2025-10-01,8387b111,1701ddb4,03f1020e184d696e656420627920536563506f6f6ce6000b05c0bf08d3fabe6d6daf7226bb70304a29cc4109b6dc39c9ee2f065757cde8837ba388cad121f58b6c100000000000000000002ce526d2990000000000,3092
0000000000000000000133149047673d6a9e8e33ac0d5420c0b1757969d3ad3b,1632567,788475,3997992,917922,1073676288,c9c7b641a273e342f1867fe1816c1ab9de0590f27e511e56d26352a13edbd14c,2025-10-06 16:02:28+00:00,2025-10-01,26588f33,1701ddb4,03a2010e2cfabe6d6d8c00653b1061f388fe9f7355dc9b779299bb08e7f0b46e978581a89b27dcc2d110000000f09f909f092f4632506f6f6c2f6400000000000000000000000000000000000000000000000000000000000000000000000500ab86f207,3955
00000000000000000000a67ff0e175cb3428280f92a4e7a4fd70a642573c7c0c,1579625,806131,3998018,917502,1073676288,e7b358479296f50fdfda79e654ed01a00e1ec134c921bb03e718569fcd04f448,2025-10-03 12:33:52+00:00,2025-10-01,ab8b2546,1701ddb4,03feff0d2cfabe6d6d97afa769ae3e01d73fa21bed8e13fce6c03a464b1caf2d9b84b3e22c3af463f610000000f09f909f092f4632506f6f6c2f6b00000000000000000000000000000000000000000000000000000000000000000000000500d6930000,3267
00000000000000000000b2995ffc1adbf84a7a13912ad0a27ebd15c877952176,1586457,803864,3998049,918242,1073676288,129e11ff6885f23d0d64bff719a8cb45905f9fc8d3e64ec679a5f4d56794adb5,2025-10-08 23:39:20+00:00,2025-10-01,aa18b662,1701ddb4,03e2020e2cfabe6d6d094d8bb658717acd1360a49e257134e9af29554ff5a9a86d33621936c181404d10000000f09f909f092f4632506f6f6c2f62000000000000000000000000000000000000000000000000000000000000000000000005004bd70800,1814
00000000000000000000b58cfd9d8f53ed23d8721c375e089af68b5153d5cac4,1651463,782214,3998105,918731,1073676288,fcdda9f759ae887c1dfc8eb72a79b60760d9d909d9f614b42b45dc3bac0d662a,2025-10-12 13:03:25+00:00,2025-10-01,5888b448,1701ddb4,03cb040e2cfabe6d6dffe09c527823e509ed7a0bf10df7ae2cdd0044770f49dfebb3337554d7a7181110000000f09f909f092f4632506f6f6c2f6700000000000000000000000000000000000000000000000000000000000000000000000500a94ccf01,3886
000000000000000000019293633d0399bdabf9377aa837306e83670e6105b5bb,2124939,624397,3998130,917197,1073676288,c9110dc2d117c9b6c4e9a9528c9472524bee02e93206c9e00a09ff6010f0bab4,2025-10-01 07:46:38+00:00,2025-10-01,8a819aeb,1701fa38,03cdfe0d2cfabe6d6d0bc2a08c32bb541943282c8477f9004ea1a6ff44b98d38210043e1853e6899f910000000f09f909f092f4632506f6f6c2f640000000000000000000000000000000000000000000000000000000000000000000000050065d8da18,449
00000000000000000000a90cbefe4728fef3fcbdab5105ea21defb8a235ddac4,1565045,811046,3998183,918361,1073676288,30138400274e9103a924f6edfaa204e52bccfc0f3c71bef81be8baf08b112df7,2025-10-09 23:03:06+00:00,2025-10-01,9d69e6bf,1701ddb4,0359030e2cfabe6d6d0df8c9aca7ad0660549395d1a3e7707dcb69747316b527f713963c3cc85aad9d10000000f09f909f092f4632506f6f6c2f6b000000000000000000000000000000000000000000000000000000000000000000000005004c340000,2580
00000000000000000000e8c76166fc1e5b0c5b89e7ef0556c9a0f588383d3dde,1888515,703268,3998319,917595,1073676288,da9344789a6d26c6a55fe2e9ac38acd35f6d6a9da335007fa7d47271b5fde7d5,2025-10-04 07:20:53+00:00,2025-10-01,1ed26fc5,1701ddb4,035b000e2cfabe6d6d6202500498b485121ada0c879f73a4cfd508d46ab02c1f8f210a5c15258ee84d10000000f09f909f092f4632506f6f6c2f670000000000000000000000000000000000000000000000000000000000000000000000050087265200,1872
00000000000000000000891c100dd84a81e40f530a082ab7124b1c4f575b482d,29700,13099,68997,917992,1073733632,08d47b2574e8a54deb8462123e8bb027574188c94afed5f05ef0e4fe44446e92,2025-10-07 04:41:21+00:00,2025-10-01,7f22ad27,1701ddb4,03e8010e2cfabe6d6d7065fc34c8e42e22a19201f06bfd13319c0f42bc54d5fc1439ba298c580eb91d10000000f09f909f092f4632506f6f6c2f6200000000000000000000000000000000000000000000000000000000000000000000000500db040000,36
00000000000000000000b2d50b3640580642aa1faca4a83c3ed71997712253a2,51999,27577,134730,917813,1073733632,ad54fa2ad8292882393ce8dc456908529f234c4efdd1a1632ea7fa1dd700bc35,2025-10-05 20:41:02+00:00,2025-10-01,3e795904,1701ddb4,0335010e2cfabe6d6dba5ba8078a18bc00875ba6b088136a4a1813b96233b4fe81d6c3e66071d0ce8f10000000f09f909f092f4632506f6f6c2f730000000000000000000000000000000000000000000000000000000000000000000000050025040000,154
00000000000000000000a3eb5e4fd32c98ed841251238f5f09d6172f08799f11,114097,61359,298174,919313,1073733632,eeee4519c7e7928829fe132e87a725c2d498c04443b5a1f2d4850b7b2768e570,2025-10-16 08:27:13+00:00,2025-10-01,4bdcc4d,1701eb21,0311070e2cfabe6d6d3295468837f79df247efa927bba3c9b196b585d8cb3a3a27038017a1f542bc7210000000f09f909f092f4632506f6f6c2f670000000000000000000000000000000000000000000000000000000000000000000000050074510000,374
000000000000000000012cf7712274e30f752122fcf28f20413169accab07b2f,186381,53094,345663,918683,1073733632,195f762ef9c75b50491c958e97dc0f7e13cbc6a8074df82e0ced5fbe2469c725,2025-10-12 06:09:06+00:00,2025-10-01,3f25b822,1701ddb4,039b040e182f5669614254432f4d696e6564206279207370777777312f2cfabe6d6d8bddcf3129209daf376bef6bc95dc6a3c863ad7ea6953f071175e40bc8edcbd0100000000000000010f9f52303165f8da823c6607df721000000000000,308
000000000000000000005e48f70a90ebdabd2a628d037b6ce83041c24a77ca58,352768,163790,844138,918988,1073733632,2a54e7d3cf465b9b9f0580d2faf56c03cb0090da1429dde688aa22ac69ef7b76,2025-10-14 07:05:23+00:00,2025-10-01,29c6d59b,1701ddb4,03cc050e192f5669614254432f4d696e656420627920746e62313131362f2cfabe6d6d57e68e227771199632c90213f069e8f087114d18038d62793e82386eb7bcf4c41000000000000000105cdab2044f10c897e7496f325867000000000000,706
000000000000000000009d126c9422152cee4145693c2f42b7316323d8f1a6d2,405038,171864,920630,919310,1073733632,fa01924a0b4afe01b89773528c78d11a169cb56b86dbad22e161cd70d7d94202,2025-10-16 08:07:58+00:00,2025-10-01,54d7fa02,1701eb21,030e070e182f5669614254432f4d696e6564206279206a7962746c6d2f2cfabe6d6d367a061fc7c79daedad8a159883135126e2fb066aa31f33cb27c9e66b019aa9c1000000000000000109a2771071e188f05b1a12ffffd1e000000000000,651
000000000000000000010f7934bd7a4961e89551b6ff3e678f470ad907974995,307953,221383,972102,917720,1073733632,d324324171e332e89a8115eeb65d3a855456448992de7f54f1600440b15e896b,2025-10-05 05:28:55+00:00,2025-10-01,503b4e2b,1701ddb4,03d8000e2cfabe6d6d790c1b223e67b93f6c497d51e74dd82012e6520c0be76b4eec967cec34ea1df610000000f09f909f092f4632506f6f6c2f6b00000000000000000000000000000000000000000000000000000000000000000000000500a75b0000,312
00000000000000000000cc5b88dc9ab831592311dab8e73b44d43e8dbb64431e,417010,200318,1017964,917841,1073733632,5acf0a6cc81bf7a625e5f147d657ced469922c6d2c93a0bfdd28506c71d5b7eb,2025-10-06 00:23:19+00:00,2025-10-01,1d7fc8fd,1701ddb4,0351010e2cfabe6d6dde44ea2eb1c59b496c88523c783b6d2d7ea429b757a3a47b4064ed8f8b9803b810000000f09f909f092f4632506f6f6c2f65000000000000000000000000000000000000000000000000000000000000000000000005007c441d29,743
000000000000000000002c27218983dbd698d0743bde8cebf2c0c106a935ffe0,651724,303093,1561003,919025,1073733632,acc818c0316c0f4b28831a75f77fffdef9528d346389a48080d00b9d41cc54c8,2025-10-14 11:41:09+00:00,2025-10-01,883de8b1,1701ddb4,03f1050e192f5669614254432f4d696e656420627920616e73657261322f2cfabe6d6daa58b3dfe2d44e471cc528d756c4317dfea03bb622bbbe34a529e9512440650f1000000000000000104cf891012fed37eca81559a90b3b000000000000,1199
00000000000000000001cae5f72d030d3fdb84678052780aec319099fd131a29,955787,399436,2154095,918909,1073733632,e98e2489d9ba463bd930f4b6efe1bbda88d69acb26692bf13c4cc8decafdd097,2025-10-13 19:42:35+00:00,2025-10-01,7c2f5d5e,1701ddb4,037d050e2cfabe6d6dbc97fc3cb4a9d99280de6f7ec55792dc884e81486099f1c62307523546d1fb1410000000f09f909f092f4632506f6f6c2f6500000000000000000000000000000000000000000000000000000000000000000000000500004ff967,2232
00000000000000000001760e1d907db6aa8b4b3945f0b19e8421b353cdf2d624,876305,490213,2346944,917282,1073733632,33349fcd7ce72e39901556f8ebf2ff212f09bb46aa9138c2d0e6679c3808f5ac,2025-10-01 20:09:28+00:00,2025-10-01,57f212be,1701ddb4,0322ff0d2cfabe6d6d81c7376dd31830af559b0839b8148f79b24052d2ab9f46f79b53542abd5ea18c10000000f09f909f092f4632506f6f6c2f6c00000000000000000000000000000000000000000000000000000000000000000000000500e9420000,1886
00000000000000000000b94064f0eeb7c41a622169f737aa5b80597bbaa87f66,1280716,615398,3126910,917352,1073733632,f88dac1734552e6edf5652f0bd73bf4e4b6129f6d748553b99d6e2b6b9f72434,2025-10-02 10:28:33+00:00,2025-10-01,bbbe2c33,1701ddb4,0368ff0d082f5669614254432f2cfabe6d6d628a234d6aee774429db0a6368b5bf9da43ed1a9605858875aafed565e3f3b131000000000000000105ea1b404da79b74d6969a05c4492360000000000,1534
0000000000000000000146c4eda1b04733d8b42b48fd0057b7531a3970e3587a,1591659,726269,3770466,917181,1073733632,9e01e3fc31675856e1f7f2f8cf98da7660cec60ef16bbe9acb38c00a4615ba87,2025-10-01 05:48:17+00:00,2025-10-01,858db531,1701fa38,03bdfe0d2cfabe6d6da8744e8f90265ecd72fad6d407faf700e3f2cf62665a1082c508882c1b29aef310000000f09f909f092f4632506f6f6c2f6700000000000000000000000000000000000000000000000000000000000000000000000500240e0000,2423
000000000000000000002dc1db675524490af5690bdeea4db2662726d2405179,1663130,760014,3943172,918590,1073733632,d61105d3ad579f90692016a858f2ac7e995c4d0ae4235b731de4189cf89581b5,2025-10-11 16:14:18+00:00,2025-10-01,45d98564,1701ddb4,033e040e2cfabe6d6d9c5e1e0b8e431588c1502ae969e9cbdbb7ab0cbb44b4bc804c28bd909475cd7e10000000f09f909f092f4632506f6f6c2f6c00000000000000000000000000000000000000000000000000000000000000000000000500c5bb4661,2762
0000000000000000000145c527d6f4d4f8befc0a403f44800ae8c35cc97dd878,1814657,726084,3992909,917366,1073733632,beba19da9bd9c85050f0e9b31ed82df71dfbbc8c7f676c798168d57bb2457727,2025-10-02 11:42:10+00:00,2025-10-01,706a2c0e,1701ddb4,0376ff0d04eb64de68537069646572506f6f6c2f3632312fa0e5528f5d77804cf0f9010000000000,4403
000000000000000000002f846add91ef1916d14dd1cb7bedac5e594751838fe9,1722992,756653,3992951,918994,1073733632,72c981e13eb7e4270bab2f5a69b35f5e1112843395579203cf87db007ca76b9c,2025-10-14 08:08:39+00:00,2025-10-01,2db81535,1701ddb4,03d2050e040405ee682f466f756e6472792055534120506f6f6c202364726f70676f6c642ffabe6d6d8a654bc534cea142e9af08f503936c112b12811d50efd7f48ca8cd48a5100d9e010000000000000061fbe2d1ac0c000000000000,4293
000000000000000000000c103f7f142281c9e21b5d78b24add4a5ada3976d2bb,1850633,714160,3993113,917674,1073733632,1a16e5c6439eabee2986f560ab0fc5b35afd120bff1d5a65bafc87a08ebd9de7,2025-10-04 22:43:06+00:00,2025-10-01,efa200e,1701ddb4,03aa000e1a2f706f6f6c696e2e636f6d2f66702f393637f90076034b4f446efabe6d6d8d4f17c318ea8815e07dd371340fdbb4265874fe48fd969ed9f4e28753deea39100000000000000000000aba28effa0100000000,3908
000000000000000000007e060c9019b2493a237a4a082b3b58d8d472501f14d6,1642644,783532,3993240,918942,1073733632,b42e0a7f8d311f1efeee8c6b5d14d8838fcbe30e8718c9144b7c0349c4db259e,2025-10-14 00:29:21+00:00,2025-10-01,7c92a30a,1701ddb4,039e050e04ae98ed68537069646572506f6f6c2f3134332fb08b7f6b5b4280def993470400000000,3389
000000000000000000003816be1dd34c8eb0d659d05803419e9fb3e5f3f9b10d,1596168,799033,3993267,918741,1073733632,147cf237f02fc4986dcc0dee2cabb3fde181f6ea6de2d8162ed99b06c316ed71,2025-10-12 15:04:17+00:00,2025-10-01,e97a5342,1701ddb4,03d5040e04bec2eb68537069646572506f6f6c2f3632342f1700e054642d91e9842f4a0200000000,3308
000000000000000000007dc355738b1d809987b1409c03fa725af7bc252e637b,1455587,845921,3993350,918351,1073733632,c5e4c881be2632be0e21fc97f6dee93f5317ce1ffbae1f581b3da3a682a1912e,2025-10-09 20:09:15+00:00,2025-10-01,16c0722f,1701ddb4,034f030e1a2f706f6f6c696e2e636f6d2f66702f393636f900b30323329997fabe6d6d65c831c71874d33692e00b282467d42aab857ff1a89a254a0423fe146377d50a1000000000000000000024e14736d30000000000,2494
000000000000000000001aa1f7989a14cc6260fcaca32e8a4d4bcaed2c6915e2,1544506,816311,3993439,917827,1073733632,87dff13b10393fab06c067701bcb4cac97725871807d8db66a48df5f52e16c80,2025-10-05 22:18:18+00:00,2025-10-01,4a66b7de,1701ddb4,0343010e049eeee2682f466f756e6472792055534120506f6f6c202364726f70676f6c642ffabe6d6dfac3f6491c34ef9ac1ddda565c0706024dfb19d969d9a5d3079962678e8e3b7b01000000000000007fe389ed6139000000000000,6768
00000000000000000000635542f008dfb9ba9f4d25e53539c62918aa5c5b852a,1643860,783236,3993568,917362,1073733632,11ed4dae4b7fb7a0c8e2cc5b60339adebe59c51463ab67b5db64d2a36617a6c4,2025-10-02 11:20:18+00:00,2025-10-01,c0418863,1701ddb4,0372ff0d04d95fde682f466f756e6472792055534120506f6f6c202364726f70676f6c642ffabe6d6d051030c884eb7a0f00a95ba5938798d9c6395aee38c89bcadf04f9932fb367780100000000000000836177838b81010000000000,3424
00000000000000000001b15c6bf664f0e2d15a242e73ef5b0def1f1be968b59f,1856097,712499,3993594,919082,1073733632,fb6fd86ebb02e9c52b9e423fbf80da7f479eee1b3b3e2004762404738e54aee1,2025-10-14 19:57:26+00:00,2025-10-01,ae651a4f,1701ddb4,032a060e1362696e616e63652f393936cb0128042cdf8986fabe6d6df0350b73b32a01494035ea03d05ba2e754c173fa43c47a9e63e93b214f40cc8b10000000000000000000314cef7d2f0000000000,3355
00000000000000000001c6bc4c77c399b2bdfae42a84d8a1c741b8d6669f34c3,1795759,732621,3993622,919138,1073733632,e71b915445183c73cf43bd14a9c507bf3f82282e2978f4779ffbf05deb7ab0dd,2025-10-15 04:51:24+00:00,2025-10-01,8126e681,1701ddb4,0362060e1062696e616e63652f6500c003ec00ba35fabe6d6da560cb8f0cf95ec6669b70c7d0a7f2d420c4afa40c06bed4e51673607c17fdef1000000000000000000006c4c6c5280000000000,3818
0000000000000000000197f1d1a42a392414bd9b5b5a21dbdead402fdd0e8472,1765283,742802,3993689,918888,1073733632,b51989205731ebf2c5340e7a5551b1acdaef8814abf3b09ba830c2ad1aec5636,2025-10-13 15:57:05+00:00,2025-10-01,7e613285,1701ddb4,0368050e1d506f7765726564206279204c75786f722054656368e500c600d4a9e2d2fabe6d6d148a7d97b9e28f9a63a5fbfbad9ce02e44160f3fd7d294384eeb1eaa43ece92e10000000000000000000fb5b00cc250100000000,3663
00000000000000000000593db65dc3e5445841b43c9a2c1856b232fa0e0aaf7e,1355863,879302,3993769,918772,1073733632,f22e66509ff1102edc86c662006956c75c6ec90f26ecf9669a74ed1321d32ac5,2025-10-12 20:53:07+00:00,2025-10-01,fec8dd6c,1701ddb4,03f4040e082f5669614254432f2cfabe6d6df4cd83b6c5efe75be4e072c1fce9d3a1d58abf2fb7d6d3d0fae3679e7bf351d310000000000000001056b6b404da79b74d6a1e09f44b4c870100000000,2328
00000000000000000001c9d681a55e77a44884e15463ea1245b3489d5ab1e182,1545681,816053,3993840,917247,1073733632,e5b2b43ac94dafa15691b8254cf1add10500e2d2bc64fc38fa1ab57b6fd76c3d,2025-10-01 15:07:11+00:00,2025-10-01,b896dbfe,1701fa38,03fffe0d048242dd68537069646572506f6f6c2f3635332ffabe6d6dfc2b2b48feef9487c28113715e4473b81da1995a547f6bec2e2548bbe864fe5608000000ded8aa219074ac46201c280558c6110000000000,1540
0000000000000000000031cdcc89e634a3c01095a9e1b0136d4214c2419b9763,1749650,748067,3993851,918158,1073733632,a2c141d96b33c6374b0cbcb192fc83ee032fefa70531f9b85cfe3ee445aadd35,2025-10-08 09:02:13+00:00,2025-10-01,136ca120,1701ddb4,038e020e1b4d696e656420627920416e74506f6f6c383330f900110031ac9bc8fabe6d6d839e589a921a2aeff87029b714c5b40d02ba8d611193cd6de650a41fcd07c4861000000000000000000099c905d3050000000000,4610
00000000000000000001406383307285a50efc0be63747273a371a31f351aaf2,1753757,746704,3993869,917202,1073733632,b9c87e8b1995f6012710a7691ae9ee429857441f9c1c2bc2f3c4f285420cb8b5,2025-10-01 08:44:29+00:00,2025-10-01,a0b81a11,1701fa38,03d2fe0d0432e9dc68537069646572506f6f6c2f3635332ffabe6d6ded2fddd4f90e0417348c581f09ccb162405bf13cd9781bc9bf6347cbde324cd408000000ded8aa2142fa19bd242237ca710d000000000000,1966
00000000000000000000181ec57d5bbdf9ddec73d273779dc13376f3223d494e,1713668,760082,3993914,918976,1073733632,b61cccf2e967a36c654ddeef451bb53ddffcda678664eaa91fc2c507d35b2b66,2025-10-14 05:11:22+00:00,2025-10-01,2efd98f1,1701ddb4,03c0050e1462696e616e63652f3130303865009503eef6ca9cfabe6d6d6c8b46c94de7a440f43ccab689cfa11171c295cada82b5ce21562f6c672ba79110000000000000000000a942c875590000000000,4384
000000000000000000019303fd029181d3f6635f2eeffcdb2cfe8c7a3afe0f6d,1625759,789398,3993953,918518,1073733632,5d2e6785d76a115c26132e4316699c199bf09bb56515e54e6bd4cc87233cddb7,2025-10-11 04:42:10+00:00,2025-10-01,be1064c5,1701ddb4,03f6030e184d696e656420627920536563506f6f6ce6003f02db6f63bcfabe6d6db8ecd19a830e3e031145618f3b9f2ec977f792b3cab112f8d9f17e59207fcd4510000000000000000000b900442b840200000000,3329
0000000000000000000054ee0eb9efa826b5eb0a59b434f0547bd36d539f15ac,1658005,778654,3993967,918961,1073733632,cb741024c5752cbabc9fa738b7e06a1c974b82baa400f6f0dacbfcf18650123b,2025-10-14 03:41:51+00:00,2025-10-01,20e74202,1701ddb4,03b1050e1b2f5669614254432f4d696e6564206279207468697368313331342f2cfabe6d6d38919600c02c1ec692ad22618875d2e86a8712b0dcf84cd5d011c19c63993bbe100000000000000010b2d615052823f6c62c1855876613000000000000,2928
0000000000000000000193296bda032c8a8f579ec06431937609b6fc5e3da34b,1562349,810542,3993975,918411,1073733632,e3876f721012f74baa9f5ea53269514a49dabd39e2483bbaf273d8e0d5ea171b,2025-10-10 06:50:45+00:00,2025-10-01,65c4ad95,1701ddb4,038b030e192f5669614254432f4d696e65642062792074696e673933322f2cfabe6d6db578f16a17bcb2969cf24dd4c6beb9677198175df156a9d080e027bb376a6f9d1000000000000000107d75170515325e0597d66b16863f000000000000,2711
0000000000000000000113984ae006505d841b849ed63392846f2d87126192a1,1463658,843454,3994020,917916,1073733632,365d8f4de1d4e21bbeb67f37fa4d2f2ae7a5720a9a556a05ca86b45289da3b79,2025-10-06 14:03:00+00:00,2025-10-01,442bd6fc,1701ddb4,039c010e1a2f5669614254432f4d696e65642062792072756279793431342f2cfabe6d6dc2417af45e62d9b45898ad627986623be4064c955ee2598461e87ba07edee3e61000000000000000106611b7049ab73e04faa08a213d0f000000000000,2103
0000000000000000000006c86b4ca4ccf6d5c73436cccb602eb30b3f644027ea,1539482,818184,3994034,919197,1073733632,43c97c0d960cefe90f8e40b39efcbdcad09c9f92e8f1cc9671b6215a5b38247e,2025-10-15 13:06:01+00:00,2025-10-01,1df5cd9d,1701ddb4,039d060e1b4d696e656420627920416e74506f6f6c383330f90011019db4809afabe6d6d800b4eaa9df19327041578183fccd3b4dd6879d7ea38aa31cdd524cc8a31935110000000000000002ebb0000f441000000000000,2789
00000000000000000000360ad44cd521bda3fc539b237f60213608c1fd2da956,1695222,766277,3994053,918965,1073733632,c35cdf9c31b9ac7e6da180dbc9a5344a0d86302dbfb6d16f88332981761897c1,2025-10-14 03:54:32+00:00,2025-10-01,3beea31f,1701ddb4,03b5050e1b4d696e656420627920416e74506f6f6c383035f9013a04d581f196fabe6d6d8d24cffe25f2da29ff126a80d658bbd1e79186b4d84b756f868f45088f39df4a10000000000000000000a32ade11000000000000,4831
0000000000000000000053b2687ca07043b517730aabe256b17537968ced259e,1536383,820535,3997988,917342,1073733632,228ccf365d92982190f88a81257e7f95237426ae47be3dfa3f20fdb0449f3622,2025-10-02 08:40:39+00:00,2025-10-01,25d1c056,1701ddb4,035eff0d2cfabe6d6db9a99449ac7873374dc99bed65d5597d373dd43e3d8cac7e13d70ca6ba0e367e10000000f09f909f092f4632506f6f6c2f6200000000000000000000000000000000000000000000000000000000000000000000000500a62a6300,3764
000000000000000000010437096675234210fc98dc5bf66440e26494f5cf149a,1626282,790577,3998013,918482,1073733632,e90ac92020ba5e4c14f2184639d1189c16b8a047b5d10cdee640391c7992227f,2025-10-10 20:14:11+00:00,2025-10-01,99169127,1701ddb4,03d2030e2cfabe6d6dd21f65e58b40f1212191c061c5da9286acc708e9b9de8cab5cb251b1bd0b61f110000000f09f909f092f4632506f6f6c2f610000000000000000000000000000000000000000000000000000000000000000000000050078d2a101,3820
00000000000000000001aad3fa93bd326b940f5289b0309e805786537d567109,1573969,808044,3998101,917555,1073733632,0dc96ac1fa02ef5697c6e1d8597c2b14ccd69a015d28d35986f5ea602253c9be,2025-10-04 00:28:52+00:00,2025-10-01,1795a820,1701ddb4,0333000e2cfabe6d6d2a99ccc81d537d5fb85a92d051f645040235750cd46e3c150bb2f13442a31c2f10000000f09f909f092f4632506f6f6c2f6b00000000000000000000000000000000000000000000000000000000000000000000000500e8450000,4203
00000000000000000000160ecb5f200679d654012074ae4c4df85ea720242409,1566454,810582,3998200,918750,1073733632,d70dadb830945e6b28ed7cd575c1a11963e4beb4d241115f93001435a2de83ba,2025-10-12 16:55:26+00:00,2025-10-01,58186d63,1701ddb4,03de040e2cfabe6d6d6bcfbfc68be0a2d048c1bb1738fbae4609d1cdb14893ff87b7a5fc2475fea91510000000f09f909f092f4632506f6f6c2f64000000000000000000000000000000000000000000000000000000000000000000000005000257923d,2902
000000000000000000000bba9d9efd93b9148482607a448cf58573699d346776,1620258,792670,3998268,917637,1073733632,14e5080c4270cc3e215e87e7133ef67e8a5bb333638417f442a49c84b707e945,2025-10-04 16:13:57+00:00,2025-10-01,5345f0b6,1701ddb4,0385000e2cfabe6d6dc2ba2b88c44e09c84856be40caedbda45cb82c2153362ad09e013059a4b509c610000000f09f909f092f4632506f6f6c2f620000000000000000000000000000000000000000000000000000000000000000000000050078b3a900,3944
000000000000000000007bc28640b7c2f9af6b1c986a64f241f7a2a8bc6c1f1a,1603720,798210,3998350,919034,1073733632,b51e69ca4f2e264b652fc9d0229e954b5fa3f28b86e883ee8d89e81417067b6c,2025-10-14 12:48:06+00:00,2025-10-01,7844e917,1701ddb4,03fa050e2cfabe6d6d8689ce76c6fb8d07889c2345677c9a5b44c5e10976e206f16bb2e0cbf2976da610000000f09f909f092f4632506f6f6c2f64000000000000000000000000000000000000000000000000000000000000000000000005000f637d00,3645
